{"providers":[{"type":"bitmap","file":"blanketcon:emoji/bi_heart.png","height":9,"ascent":8,"chars":[""]},{"type":"bitmap","file":"blanketcon:emoji/trans_heart.png","height":9,"ascent":8,"chars":[""]},{"type":"bitmap","file":"blanketcon:emoji/pan_heart.png","height":9,"ascent":8,"chars":[""]},{"type":"bitmap","file":"blanketcon:emoji/vincian_heart.png","height":9,"ascent":8,"chars":[""]},{"type":"bitmap","file":"blanketcon:emoji/neurodiversity_heart.png","height":9,"ascent":8,"chars":[""]},{"type":"bitmap","file":"blanketcon:emoji/genderfluid_heart.png","height":9,"ascent":8,"chars":[""]},{"type":"bitmap","file":"blanketcon:emoji/whyfest.png","height":9,"ascent":8,"chars":[""]},{"type":"bitmap","file":"blanketcon:emoji/aroace_heart.png","height":9,"ascent":8,"chars":[""]},{"type":"bitmap","file":"blanketcon:emoji/lil_pineapple.png","height":9,"ascent":8,"chars":[""]},{"type":"bitmap","file":"blanketcon:emoji/yeefuckinghaw.png","height":9,"ascent":8,"chars":[""]},{"type":"bitmap","file":"blanketcon:emoji/demi_heart.png","height":9,"ascent":8,"chars":[""]},{"type":"bitmap","file":"blanketcon:emoji/agender_heart.png","height":9,"ascent":8,"chars":[""]},{"type":"bitmap","file":"blanketcon:emoji/pineapple.png","height":9,"ascent":8,"chars":[""]},{"type":"bitmap","file":"blanketcon:emoji/queer_heart.png","height":9,"ascent":8,"chars":[""]},{"type":"bitmap","file":"blanketcon:emoji/genderflux_heart.png","height":9,"ascent":8,"chars":[""]},{"type":"bitmap","file":"blanketcon:emoji/ace_heart.png","height":9,"ascent":8,"chars":[""]},{"type":"bitmap","file":"blanketcon:emoji/winnger.png","height":9,"ascent":8,"chars":[""]},{"type":"bitmap","file":"blanketcon:emoji/blanketcon.png","height":9,"ascent":8,"chars":[""]},{"type":"bitmap","file":"blanketcon:emoji/modfest-generic.png","height":9,"ascent":8,"chars":[""]},{"type":"bitmap","file":"blanketcon:emoji/blob_waaaaa.png","height":9,"ascent":8,"chars":[""]},{"type":"bitmap","file":"blanketcon:emoji/ohno.png","height":9,"ascent":8,"chars":[""]},{"type":"bitmap","file":"blanketcon:emoji/queer_prog_heart.png","height":9,"ascent":8,"chars":[""]},{"type":"bitmap","file":"blanketcon:emoji/nb_heart.png","height":9,"ascent":8,"chars":[""]},{"type":"bitmap","file":"blanketcon:emoji/uh.png","height":9,"ascent":8,"chars":[""]},{"type":"bitmap","file":"blanketcon:emoji/lesbian_heart.png","height":9,"ascent":8,"chars":[""]},{"type":"bitmap","file":"blanketcon:emoji/intersex_heart.png","height":9,"ascent":8,"chars":[""]},{"type":"bitmap","file":"blanketcon:emoji/furry_pride.png","height":9,"ascent":8,"chars":[""]},{"type":"bitmap","file":"blanketcon:emoji/femboy_heart.png","height":9,"ascent":8,"chars":[""]},{"type":"bitmap","file":"blanketcon:emoji/plural_heart.png","height":9,"ascent":8,"chars":[""]},{"type":"bitmap","file":"blanketcon:emoji/aro_heart.png","height":9,"ascent":8,"chars":[""]},{"type":"bitmap","file":"blanketcon:emoji/genderqueer_heart.png","height":9,"ascent":8,"chars":[""]}]}