{
  "edible": {
    "item": "atlaslisbon:ginjinha_bottle"
  },
  "rules": [
    {
      "from": [
        "minecraft:overworld"
      ],
      "default": {
        "world": "minecraft:overworld"
      },
      "destinations": {
        "estuario_do_tejo": {
          "message": "normal",
          "pos": [
            150,
            63,
            -350
          ]
        },
        "monsanto": {
          "message": "normal",
          "pos": [
            -110,
            66,
            -225
          ]
        },
        "torre_de_belem": {
          "message": "normal",
          "pos": [
            -170,
            63,
            -165
          ]
        },
        "farol_do_bugio": {
          "message": "normal",
          "pos": [
            -271,
            63,
            -139
          ]
        },
        "sintra_cascais": {
          "message": "normal",
          "pos": [
            -342,
            78,
            -348
          ]
        },
        "lagoa_de_albuteira": {
          "message": "normal",
          "pos": [
            -170,
            63,
            119
          ]
        },
        "arrabida": {
          "message": "normal",
          "pos": [
            10,
            86,
            225
          ]
        },
        "azeitao": {
          "message": "normal",
          "pos": [
            -23,
            67,
            140
          ]
        },
        "troia_peninsula": {
          "message": "normal",
          "pos": [
            154,
            65,
            275
          ]
        },
        "estuario_do_sado": {
          "message": "normal",
          "pos": [
            269,
            64,
            204
          ]
        },
        "nova_graciosa": {
          "message": "normal",
          "pos": [
            -449,
            69,
            466
          ]
        }
      }
    }
  ]
}
