{
  "edible": {
    "item": "atlaslisbon:queijo_de_azeitao"
  },
  "rules": [
    {
      "from": [
        "minecraft:overworld"
      ],
      "default": {
        "world": "minecraft:overworld"
      },
      "destinations": {
        "ochetgenyo": {
          "message": "booth",
          "pos": [
            140,
            65,
            104
          ]
        },
        "scriptor_magicae": {
          "message": "booth",
          "pos": [
            133,
            63,
            -46
          ]
        },
        "pollinators paradise": {
          "message": "booth",
          "pos": [
            127,
            70,
            73
          ]
        },
        "milkplus": {
          "message": "booth",
          "pos": [
            140,
            65,
            67
          ]
        },
        "better_enchanting_boosting": {
          "message": "booth",
          "pos": [
            209,
            64,
            46
          ]
        },
        "scarves": {
          "message": "booth",
          "pos": [
            257,
            64,
            83
          ]
        },
        "arachne": {
          "message": "booth",
          "pos": [
            253,
            63,
            95
          ]
        },
        "ccc_bridges": {
          "message": "booth",
          "pos": [
            343,
            64,
            140
          ]
        },
        "portable_tables": {
          "message": "booth",
          "pos": [
            323,
            64,
            48
          ]
        },
        "wandering_wizardry": {
          "message": "booth",
          "pos": [
            358,
            64,
            51
          ]
        },
        "turtlematic": {
          "message": "booth",
          "pos": [
            335,
            64,
            15
          ]
        },
        "ecotones": {
          "message": "booth",
          "pos": [
            480,
            66,
            -17
          ]
        },
        "automobility_phonos": {
          "message": "group",
          "pos": [
            253,
            63,
            -140
          ]
        },
        "archex": {
          "message": "booth",
          "pos": [
            262,
            72,
            -197
          ]
        },
        "tablesaw": {
          "message": "booth",
          "pos": [
            287,
            71,
            -204
          ]
        },
        "conventional_cubes": {
          "message": "booth",
          "pos": [
            296,
            72,
            -198
          ]
        },
        "tinkerers_smithing": {
          "message": "booth",
          "pos": [
            205,
            63,
            -277
          ]
        },
        "create": {
          "message": "booth",
          "pos": [
            240,
            63,
            -316
          ]
        },
        "station_26": {
          "message": "project",
          "pos": [
            423,
            65,
            370
          ]
        },
        "bovines_and_buttercups": {
          "message": "booth",
          "pos": [
            203,
            64,
            1
          ]
        },
        "missing_wilds": {
          "message": "booth",
          "pos": [
            175,
            64,
            19
          ]
        },
        "pugsflowers": {
          "message": "booth",
          "pos": [
            185,
            64,
            -22
          ]
        },
        "mapzones_foxbox": {
          "message": "group",
          "pos": [
            177,
            64,
            -46
          ]
        },
        "softer_pastels": {
          "message": "booth",
          "pos": [
            152,
            66,
            -34
          ]
        },
        "moue_milkshakes": {
          "message": "booth",
          "pos": [
            153,
            64,
            -153
          ]
        },
        "mapshirts_electriceel_polaroidcamera": {
          "message": "group",
          "pos": [
            109,
            63,
            -140
          ]
        },
        "sandwichable": {
          "message": "booth",
          "pos": [
            152,
            64,
            -85
          ]
        },
        "metro_station": {
          "message": "project",
          "pos": [
            133,
            63,
            -37
          ]
        },
        "controlify": {
          "message": "booth",
          "pos": [
            92,
            63,
            -12
          ]
        },
        "greenscreen_fabricaeexnihilo": {
          "message": "group",
          "pos": [
            66,
            63,
            -12
          ]
        },
        "plushables": {
          "message": "booth",
          "pos": [
            27,
            64,
            -10
          ]
        },
        "yardwork": {
          "message": "booth",
          "pos": [
            -61,
            64,
            -2
          ]
        },
        "spindlemark": {
          "message": "booth",
          "pos": [
            -80,
            64,
            -28
          ]
        },
        "bouncecraft3": {
          "message": "booth",
          "pos": [
            -125,
            64,
            -72
          ]
        },
        "tropics": {
          "message": "booth",
          "pos": [
            -143,
            65,
            -79
          ]
        },
        "figura": {
          "message": "booth",
          "pos": [
            -39,
            64,
            25
          ]
        },
        "packages_templates": {
          "message": "group",
          "pos": [
            -19,
            64,
            41
          ]
        },
        "promenade": {
          "message": "booth",
          "pos": [
            -48,
            65,
            63
          ]
        },
        "polymc": {
          "message": "booth",
          "pos": [
            -57,
            65,
            99
          ]
        },
        "styledseries": {
          "message": "group",
          "pos": [
            -54,
            66,
            128
          ]
        },
        "universal_shops": {
          "message": "booth",
          "pos": [
            -91,
            65,
            115
          ]
        },
        "getoffmylawn_reserved": {
          "message": "booth",
          "pos": [
            -116,
            70,
            114
          ]
        },
        "polydex": {
          "message": "booth",
          "pos": [
            -127,
            65,
            125
          ]
        },
        "patboxs_brewery": {
          "message": "booth",
          "pos": [
            -124,
            65,
            150
          ]
        },
        "nucleoid_minigames": {
          "message": "booth",
          "pos": [
            -128,
            65,
            157
          ]
        },
        "polyfactory": {
          "message": "booth",
          "pos": [
            -145,
            65,
            143
          ]
        },
        "terrariamod": {
          "message": "booth",
          "pos": [
            0,
            64,
            71
          ]
        }
      }
    }
  ]
}
