{"variants":{"distance=1,persistent=false,waterlogged=false":[{"model":"ecotones:block/maple_leaves","x":0,"y":0,"uvlock":false}],"distance=1,persistent=false,waterlogged=true":[{"model":"ecotones:block/maple_leaves","x":0,"y":0,"uvlock":false}],"distance=1,persistent=true,waterlogged=false":[{"model":"ecotones:block/larch_leaves","x":0,"y":0,"uvlock":false}],"distance=1,persistent=true,waterlogged=true":[{"model":"ecotones:block/larch_leaves","x":0,"y":0,"uvlock":false}],"distance=10,persistent=false,waterlogged=false":[{"model":"architecture_extensions:block/minecraft/raw_iron_roof","x":180,"y":270,"uvlock":false}],"distance=10,persistent=false,waterlogged=true":[{"model":"yttr:block/cage_lamp","x":90,"y":0,"uvlock":false}],"distance=10,persistent=true,waterlogged=false":[{"model":"architecture_extensions:block/minecraft/spruce_lattice","x":0,"y":270,"uvlock":false}],"distance=10,persistent=true,waterlogged=true":[{"model":"yttr:block/cage_lamp","x":90,"y":0,"uvlock":false}],"distance=11,persistent=false,waterlogged=false":[{"model":"architecture_extensions:block/minecraft/raw_iron_roof_inner","x":180,"y":0,"uvlock":false}],"distance=11,persistent=false,waterlogged=true":[{"model":"yttr:block/cage_lamp","x":90,"y":90,"uvlock":false}],"distance=11,persistent=true,waterlogged=false":[{"model":"architecture_extensions:block/minecraft/raw_iron_roof_inner","x":180,"y":270,"uvlock":false}],"distance=11,persistent=true,waterlogged=true":[{"model":"yttr:block/cage_lamp","x":90,"y":0,"uvlock":false}],"distance=12,persistent=false,waterlogged=false":[{"model":"architecture_extensions:block/minecraft/raw_iron_roof_outer","x":180,"y":0,"uvlock":false}],"distance=12,persistent=false,waterlogged=true":[{"model":"yttr:block/cage_lamp","x":90,"y":90,"uvlock":false}],"distance=12,persistent=true,waterlogged=false":[{"model":"architecture_extensions:block/minecraft/raw_iron_roof_outer","x":180,"y":270,"uvlock":false}],"distance=12,persistent=true,waterlogged=true":[{"model":"yttr:block/cage_lamp","x":90,"y":90,"uvlock":false}],"distance=13,persistent=false,waterlogged=false":[{"model":"architecture_extensions:block/minecraft/raw_iron_roof_inner","x":0,"y":180,"uvlock":false}],"distance=13,persistent=false,waterlogged=true":[{"model":"yttr:block/cage_lamp","x":180,"y":0,"uvlock":false}],"distance=13,persistent=true,waterlogged=false":[{"model":"architecture_extensions:block/minecraft/raw_iron_roof","x":0,"y":270,"uvlock":false}],"distance=13,persistent=true,waterlogged=true":[{"model":"yttr:block/cage_lamp","x":90,"y":90,"uvlock":false}],"distance=14,persistent=false,waterlogged=false":[{"model":"architecture_extensions:block/minecraft/raw_iron_roof_outer","x":0,"y":180,"uvlock":false}],"distance=14,persistent=false,waterlogged=true":[{"model":"yttr:block/cage_lamp","x":180,"y":0,"uvlock":false}],"distance=14,persistent=true,waterlogged=false":[{"model":"architecture_extensions:block/minecraft/raw_iron_roof_inner","x":0,"y":270,"uvlock":false}],"distance=14,persistent=true,waterlogged=true":[{"model":"yttr:block/cage_lamp","x":180,"y":0,"uvlock":false}],"distance=2,persistent=false,waterlogged=false":[{"model":"create:block/dark_oak_window","x":0,"y":0,"uvlock":false}],"distance=2,persistent=false,waterlogged=true":[{"model":"create:block/andesite_scaffolding_horizontal","x":0,"y":0,"uvlock":false}],"distance=2,persistent=true,waterlogged=false":[{"model":"ecotones:block/hazel_leaves","x":0,"y":0,"uvlock":false}],"distance=2,persistent=true,waterlogged=true":[{"model":"ecotones:block/hazel_leaves","x":0,"y":0,"uvlock":false}],"distance=3,persistent=false,waterlogged=false":[{"model":"hotm:block/thinking_glass","x":0,"y":0,"uvlock":false}],"distance=3,persistent=false,waterlogged=true":[{"model":"create:block/andesite_scaffolding","x":0,"y":0,"uvlock":false}],"distance=3,persistent=true,waterlogged=false":[{"model":"create:block/spruce_window","x":0,"y":0,"uvlock":false}],"distance=3,persistent=true,waterlogged=true":[{"model":"create:block/andesite_scaffolding_horizontal","x":0,"y":0,"uvlock":false}],"distance=4,persistent=false,waterlogged=false":[{"model":"architecture_extensions:block/minecraft/dark_oak_lattice","x":0,"y":180,"uvlock":false}],"distance=4,persistent=false,waterlogged=true":[{"model":"yttr:block/continuous_platform_2","x":0,"y":0,"uvlock":false}],"distance=4,persistent=true,waterlogged=false":[{"model":"architecture_extensions:block/minecraft/dark_oak_lattice","x":0,"y":0,"uvlock":false}],"distance=4,persistent=true,waterlogged=true":[{"model":"create:block/andesite_scaffolding","x":0,"y":0,"uvlock":false}],"distance=5,persistent=false,waterlogged=false":[{"model":"architecture_extensions:block/minecraft/dark_oak_lattice","x":0,"y":270,"uvlock":false}],"distance=5,persistent=false,waterlogged=true":[{"model":"yttr:block/cage_lamp","x":90,"y":180,"uvlock":false}],"distance=5,persistent=true,waterlogged=false":[{"model":"architecture_extensions:block/minecraft/dark_oak_lattice","x":0,"y":90,"uvlock":false}],"distance=5,persistent=true,waterlogged=true":[{"model":"yttr:block/cage_lamp","x":90,"y":180,"uvlock":false}],"distance=6,persistent=false,waterlogged=false":[{"model":"architecture_extensions:block/softerpastels/white_wool_lattice","x":0,"y":180,"uvlock":false}],"distance=6,persistent=false,waterlogged=true":[{"model":"yttr:block/cage_lamp","x":90,"y":180,"uvlock":false}],"distance=6,persistent=true,waterlogged=false":[{"model":"architecture_extensions:block/softerpastels/white_wool_lattice","x":0,"y":0,"uvlock":false}],"distance=6,persistent=true,waterlogged=true":[{"model":"yttr:block/cage_lamp","x":90,"y":180,"uvlock":false}],"distance=7,persistent=false,waterlogged=false":[{"model":"architecture_extensions:block/softerpastels/white_wool_lattice","x":0,"y":90,"uvlock":false}],"distance=7,persistent=false,waterlogged=true":[{"model":"yttr:block/cage_lamp","x":90,"y":270,"uvlock":false}],"distance=8,persistent=false,waterlogged=false":[{"model":"architecture_extensions:block/minecraft/spruce_lattice","x":0,"y":0,"uvlock":false}],"distance=8,persistent=false,waterlogged=true":[{"model":"yttr:block/cage_lamp","x":90,"y":270,"uvlock":false}],"distance=8,persistent=true,waterlogged=false":[{"model":"architecture_extensions:block/softerpastels/white_wool_lattice","x":0,"y":90,"uvlock":false}],"distance=8,persistent=true,waterlogged=true":[{"model":"yttr:block/cage_lamp","x":90,"y":270,"uvlock":false}],"distance=9,persistent=false,waterlogged=false":[{"model":"architecture_extensions:block/minecraft/spruce_lattice","x":0,"y":90,"uvlock":false}],"distance=9,persistent=false,waterlogged=true":[{"model":"yttr:block/cage_lamp","x":90,"y":0,"uvlock":false}],"distance=9,persistent=true,waterlogged=false":[{"model":"architecture_extensions:block/minecraft/spruce_lattice","x":0,"y":180,"uvlock":false}],"distance=9,persistent=true,waterlogged=true":[{"model":"yttr:block/cage_lamp","x":90,"y":270,"uvlock":false}]}}