{"variants":{"facing=east,honey_level=1":[{"model":"create:block/andesite_pillar_horizontal","x":90,"y":90,"uvlock":false}],"facing=east,honey_level=2":[{"model":"create:block/andesite_pillar_horizontal","x":90,"y":90,"uvlock":false}],"facing=east,honey_level=3":[{"model":"create:block/andesite_pillar_horizontal","x":90,"y":90,"uvlock":false}],"facing=east,honey_level=4":[{"model":"create:block/andesite_pillar_horizontal","x":90,"y":90,"uvlock":false}],"facing=north,honey_level=1":[{"model":"create:block/encased_shaft/block_andesite","x":0,"y":0,"uvlock":true}],"facing=north,honey_level=2":[{"model":"create:block/encased_shaft/block_andesite","x":90,"y":180,"uvlock":true}],"facing=north,honey_level=3":[{"model":"consistency_plus:block/andesite_pillar_horizontal","x":90,"y":90,"uvlock":false}],"facing=north,honey_level=4":[{"model":"consistency_plus:block/andesite_pillar","x":0,"y":0,"uvlock":false}],"facing=south,honey_level=1":[{"model":"consistency_plus:block/andesite_pillar_horizontal","x":90,"y":0,"uvlock":false}],"facing=south,honey_level=2":[{"model":"create:block/andesite_pillar_horizontal","x":90,"y":90,"uvlock":false}],"facing=south,honey_level=3":[{"model":"create:block/andesite_pillar_horizontal","x":90,"y":90,"uvlock":false}],"facing=south,honey_level=4":[{"model":"create:block/andesite_pillar_horizontal","x":90,"y":90,"uvlock":false}],"facing=west,honey_level=1":[{"model":"create:block/andesite_pillar_horizontal","x":90,"y":90,"uvlock":false}],"facing=west,honey_level=2":[{"model":"create:block/andesite_pillar_horizontal","x":90,"y":90,"uvlock":false}],"facing=west,honey_level=3":[{"model":"create:block/andesite_pillar_horizontal","x":90,"y":90,"uvlock":false}],"facing=west,honey_level=4":[{"model":"create:block/andesite_pillar_horizontal","x":90,"y":90,"uvlock":false}]}}