{"variants":{"age=1":[{"model":"plushables:block/basket_block","x":0,"y":0,"uvlock":false}],"age=2":[{"model":"pollinators_paradise:block/chorus_honey_block","x":0,"y":0,"uvlock":false}],"age=3":[{"model":"create:block/nozzle/block","x":0,"y":0,"uvlock":false}],"age=4":[{"model":"create:block/steam_engine/block","x":0,"y":0,"uvlock":false}],"age=5":[{"model":"create:block/steam_engine/block","x":0,"y":0,"uvlock":false}],"age=6":[{"model":"create:block/steam_engine/block","x":0,"y":180,"uvlock":false}],"age=7":[{"model":"create:block/steam_engine/block","x":0,"y":180,"uvlock":false}]}}