{"variants":{"down=false,east=false,north=false,south=false,up=false,west=false":[{"model":"pswg:block/imperial_cutout_pipes","x":90,"y":0,"uvlock":false}],"down=true,east=false,north=false,south=false,up=true,west=true":[{"model":"pswg:block/imperial_cutout_pipes","x":0,"y":0,"uvlock":false}],"down=true,east=false,north=false,south=true,up=true,west=false":[{"model":"pswg:block/imperial_cutout_pipes","x":90,"y":90,"uvlock":false}],"down=true,east=false,north=false,south=true,up=true,west=true":[{"model":"pswg:block/imperial_cutout_caged_pipes","x":90,"y":0,"uvlock":false}],"down=true,east=false,north=true,south=false,up=true,west=false":[{"model":"pswg:block/imperial_cutout_caged_pipes","x":0,"y":0,"uvlock":false}],"down=true,east=false,north=true,south=false,up=true,west=true":[{"model":"pswg:block/imperial_cutout_caged_pipes","x":90,"y":90,"uvlock":false}],"down=true,east=false,north=true,south=true,up=true,west=false":[{"model":"terrariamod:block/trees/forest_stem","x":0,"y":0,"uvlock":false},{"model":"terrariamod:block/trees/forest_stem","x":0,"y":0,"uvlock":false},{"model":"terrariamod:block/trees/forest_stem","x":0,"y":0,"uvlock":false}],"down=true,east=false,north=true,south=true,up=true,west=true":[{"model":"terrariamod:block/trees/giant_glowing_mushroom_top","x":0,"y":0,"uvlock":false},{"model":"terrariamod:block/trees/giant_glowing_mushroom_top","x":0,"y":0,"uvlock":false},{"model":"terrariamod:block/trees/giant_glowing_mushroom_top","x":0,"y":0,"uvlock":false}],"down=true,east=true,north=false,south=false,up=true,west=false":[{"model":"terrariamod:block/trees/corrupted_stem","x":0,"y":0,"uvlock":false},{"model":"terrariamod:block/trees/corrupted_stem","x":0,"y":0,"uvlock":false},{"model":"terrariamod:block/trees/corrupted_stem","x":0,"y":0,"uvlock":false}],"down=true,east=true,north=false,south=false,up=true,west=true":[{"model":"terrariamod:block/trees/cactus","x":0,"y":0,"uvlock":false}],"down=true,east=true,north=false,south=true,up=true,west=false":[{"model":"terrariamod:block/trees/crimson_top","x":0,"y":0,"uvlock":false},{"model":"terrariamod:block/trees/crimson_top","x":0,"y":0,"uvlock":false},{"model":"terrariamod:block/trees/crimson_top","x":0,"y":0,"uvlock":false}],"down=true,east=true,north=false,south=true,up=true,west=true":[{"model":"terrariamod:block/trees/forest_stump","x":0,"y":0,"uvlock":false},{"model":"terrariamod:block/trees/forest_stump","x":0,"y":0,"uvlock":false},{"model":"terrariamod:block/trees/forest_stump","x":0,"y":0,"uvlock":false}],"down=true,east=true,north=true,south=false,up=true,west=false":[{"model":"terrariamod:block/trees/giant_glowing_mushroom_stem","x":0,"y":0,"uvlock":false},{"model":"terrariamod:block/trees/giant_glowing_mushroom_stem","x":0,"y":0,"uvlock":false},{"model":"terrariamod:block/trees/giant_glowing_mushroom_stem","x":0,"y":0,"uvlock":false}],"down=true,east=true,north=true,south=false,up=true,west=true":[{"model":"terrariamod:block/trees/forest_top","x":0,"y":0,"uvlock":false},{"model":"terrariamod:block/trees/forest_top","x":0,"y":0,"uvlock":false},{"model":"terrariamod:block/trees/forest_top","x":0,"y":0,"uvlock":false}],"down=true,east=true,north=true,south=true,up=true,west=false":[{"model":"terrariamod:block/trees/corrupted_top","x":0,"y":0,"uvlock":false},{"model":"terrariamod:block/trees/corrupted_top","x":0,"y":0,"uvlock":false},{"model":"terrariamod:block/trees/corrupted_top","x":0,"y":0,"uvlock":false}],"down=true,east=true,north=true,south=true,up=true,west=true":[{"model":"terrariamod:block/trees/crimson_stem","x":0,"y":0,"uvlock":false},{"model":"terrariamod:block/trees/crimson_stem","x":0,"y":0,"uvlock":false},{"model":"terrariamod:block/trees/crimson_stem","x":0,"y":0,"uvlock":false}]}}