{"variants":{"age=1":[{"model":"ecotones:block/fertilizer_spreader","x":0,"y":0,"uvlock":false}],"age=2":[{"model":"ecotones:block/fertilizer_spreader","x":0,"y":0,"uvlock":false}],"age=3":[{"model":"terrariamod:block/trees/crimson_stump","x":0,"y":0,"uvlock":false},{"model":"terrariamod:block/trees/crimson_stump","x":0,"y":0,"uvlock":false},{"model":"terrariamod:block/trees/crimson_stump","x":0,"y":0,"uvlock":false}],"age=4":[{"model":"terrariamod:block/trees/corrupted_stump","x":0,"y":0,"uvlock":false},{"model":"terrariamod:block/trees/corrupted_stump","x":0,"y":0,"uvlock":false},{"model":"terrariamod:block/trees/corrupted_stump","x":0,"y":0,"uvlock":false}]}}