{"variants":{"distance=1,persistent=false,waterlogged=false":[{"model":"architecture_extensions:block/minecraft/raw_iron_roof","x":180,"y":90,"uvlock":false}],"distance=1,persistent=false,waterlogged=true":[{"model":"yttr:block/cage_lamp","x":0,"y":0,"uvlock":false}],"distance=1,persistent=true,waterlogged=false":[{"model":"architecture_extensions:block/minecraft/raw_iron_roof_outer","x":0,"y":270,"uvlock":false}],"distance=1,persistent=true,waterlogged=true":[{"model":"yttr:block/cage_lamp","x":180,"y":0,"uvlock":false}],"distance=10,persistent=false,waterlogged=false":[{"model":"architecture_extensions:block/minecraft/raw_iron_roof_inner","x":0,"y":180,"uvlock":false}],"distance=10,persistent=false,waterlogged=true":[{"model":"wwizardry:block/denia_leaves","x":0,"y":0,"uvlock":false}],"distance=10,persistent=true,waterlogged=false":[{"model":"architecture_extensions:block/minecraft/raw_iron_roof_inner","x":0,"y":90,"uvlock":false}],"distance=10,persistent=true,waterlogged=true":[{"model":"wwizardry:block/denia_leaves","x":0,"y":0,"uvlock":false}],"distance=11,persistent=false,waterlogged=false":[{"model":"architecture_extensions:block/minecraft/raw_iron_roof_outer","x":0,"y":180,"uvlock":false}],"distance=11,persistent=false,waterlogged=true":[{"model":"aurorasdeco:block/jacaranda/flowering_leaves","x":0,"y":0,"uvlock":false}],"distance=11,persistent=true,waterlogged=false":[{"model":"architecture_extensions:block/minecraft/raw_iron_roof_outer","x":0,"y":90,"uvlock":false}],"distance=11,persistent=true,waterlogged=true":[{"model":"aurorasdeco:block/jacaranda/flowering_leaves","x":0,"y":0,"uvlock":false}],"distance=12,persistent=false,waterlogged=false":[{"model":"architecture_extensions:block/minecraft/raw_iron_roof_inner","x":180,"y":0,"uvlock":false}],"distance=12,persistent=false,waterlogged=true":[{"model":"promenade:block/maple/leaves/fulvous/regular","x":0,"y":0,"uvlock":false}],"distance=12,persistent=true,waterlogged=false":[{"model":"architecture_extensions:block/minecraft/raw_iron_roof","x":180,"y":0,"uvlock":false}],"distance=12,persistent=true,waterlogged=true":[{"model":"promenade:block/maple/leaves/fulvous/mixed","x":0,"y":0,"uvlock":false}],"distance=13,persistent=false,waterlogged=false":[{"model":"architecture_extensions:block/minecraft/raw_iron_roof_outer","x":180,"y":0,"uvlock":false}],"distance=13,persistent=false,waterlogged=true":[{"model":"fabricaeexnihilo:block/infested_acacia_leaves","x":0,"y":0,"uvlock":false}],"distance=13,persistent=true,waterlogged=false":[{"model":"architecture_extensions:block/minecraft/raw_iron_roof_inner","x":180,"y":90,"uvlock":false}],"distance=13,persistent=true,waterlogged=true":[{"model":"fabricaeexnihilo:block/infested_acacia_leaves","x":0,"y":0,"uvlock":false}],"distance=14,persistent=false,waterlogged=false":[{"model":"architecture_extensions:block/minecraft/raw_iron_roof","x":0,"y":0,"uvlock":false}],"distance=14,persistent=false,waterlogged=true":[{"model":"fabricaeexnihilo:block/infested_birch_leaves","x":0,"y":0,"uvlock":false}],"distance=14,persistent=true,waterlogged=false":[{"model":"architecture_extensions:block/minecraft/raw_iron_roof_outer","x":180,"y":90,"uvlock":false}],"distance=14,persistent=true,waterlogged=true":[{"model":"fabricaeexnihilo:block/infested_birch_leaves","x":0,"y":0,"uvlock":false}],"distance=2,persistent=false,waterlogged=false":[{"model":"architecture_extensions:block/minecraft/raw_iron_roof_inner","x":180,"y":180,"uvlock":false}],"distance=2,persistent=false,waterlogged=true":[{"model":"yttr:block/cage_lamp","x":0,"y":0,"uvlock":false}],"distance=2,persistent=true,waterlogged=false":[{"model":"architecture_extensions:block/minecraft/raw_iron_roof_inner","x":180,"y":90,"uvlock":false}],"distance=2,persistent=true,waterlogged=true":[{"model":"yttr:block/cage_lamp","x":0,"y":0,"uvlock":false}],"distance=3,persistent=false,waterlogged=false":[{"model":"architecture_extensions:block/minecraft/raw_iron_roof_outer","x":180,"y":180,"uvlock":false}],"distance=3,persistent=false,waterlogged=true":[{"model":"hexcasting:block/amethyst_edified_leaves","x":0,"y":0,"uvlock":false}],"distance=3,persistent=true,waterlogged=false":[{"model":"architecture_extensions:block/minecraft/raw_iron_roof_outer","x":180,"y":90,"uvlock":false}],"distance=3,persistent=true,waterlogged=true":[{"model":"yttr:block/cage_lamp","x":0,"y":0,"uvlock":false}],"distance=4,persistent=false,waterlogged=false":[{"model":"architecture_extensions:block/minecraft/raw_iron_roof_inner","x":0,"y":0,"uvlock":false}],"distance=4,persistent=false,waterlogged=true":[{"model":"hexcasting:block/aventurine_edified_leaves","x":0,"y":0,"uvlock":false}],"distance=4,persistent=true,waterlogged=false":[{"model":"architecture_extensions:block/minecraft/raw_iron_roof","x":0,"y":90,"uvlock":false}],"distance=4,persistent=true,waterlogged=true":[{"model":"hexcasting:block/amethyst_edified_leaves","x":0,"y":0,"uvlock":false}],"distance=5,persistent=false,waterlogged=false":[{"model":"architecture_extensions:block/minecraft/raw_iron_roof_outer","x":0,"y":0,"uvlock":false}],"distance=5,persistent=false,waterlogged=true":[{"model":"promenade:block/sakura/blossoms/blush","x":0,"y":0,"uvlock":false}],"distance=5,persistent=true,waterlogged=false":[{"model":"architecture_extensions:block/minecraft/raw_iron_roof_inner","x":0,"y":90,"uvlock":false}],"distance=5,persistent=true,waterlogged=true":[{"model":"hexcasting:block/aventurine_edified_leaves","x":0,"y":0,"uvlock":false}],"distance=6,persistent=false,waterlogged=false":[{"model":"architecture_extensions:block/minecraft/raw_iron_roof","x":180,"y":180,"uvlock":false}],"distance=6,persistent=false,waterlogged=true":[{"model":"aurorasdeco:block/jacaranda/budding_leaves","x":0,"y":0,"uvlock":false}],"distance=6,persistent=true,waterlogged=false":[{"model":"architecture_extensions:block/minecraft/raw_iron_roof_outer","x":0,"y":90,"uvlock":false}],"distance=6,persistent=true,waterlogged=true":[{"model":"promenade:block/sakura/blossoms/blush","x":0,"y":0,"uvlock":false}],"distance=7,persistent=false,waterlogged=false":[{"model":"architecture_extensions:block/minecraft/raw_iron_roof_inner","x":180,"y":180,"uvlock":false}],"distance=7,persistent=false,waterlogged=true":[{"model":"aurorasdeco:block/jacaranda/budding_leaves","x":0,"y":0,"uvlock":false}],"distance=8,persistent=false,waterlogged=false":[{"model":"architecture_extensions:block/minecraft/raw_iron_roof_outer","x":180,"y":180,"uvlock":false}],"distance=8,persistent=false,waterlogged=true":[{"model":"hexcasting:block/citrine_edified_leaves","x":0,"y":0,"uvlock":false}],"distance=8,persistent=true,waterlogged=false":[{"model":"architecture_extensions:block/minecraft/raw_iron_roof_inner","x":180,"y":270,"uvlock":false}],"distance=8,persistent=true,waterlogged=true":[{"model":"hexcasting:block/citrine_edified_leaves","x":0,"y":0,"uvlock":false}],"distance=9,persistent=false,waterlogged=false":[{"model":"architecture_extensions:block/minecraft/raw_iron_roof","x":0,"y":180,"uvlock":false}],"distance=9,persistent=false,waterlogged=true":[{"model":"promenade:block/sakura/blossoms/cotton","x":0,"y":0,"uvlock":false}],"distance=9,persistent=true,waterlogged=false":[{"model":"architecture_extensions:block/minecraft/raw_iron_roof_outer","x":180,"y":270,"uvlock":false}],"distance=9,persistent=true,waterlogged=true":[{"model":"promenade:block/sakura/blossoms/cotton","x":0,"y":0,"uvlock":false}]}}