{"variants":{"facing=down,triggered=true":[{"model":"create:block/andesite_encased_cogwheel_top","x":90,"y":90,"uvlock":false}],"facing=east,triggered=true":[{"model":"create:block/andesite_casing","x":0,"y":0,"uvlock":false}],"facing=north,triggered=true":[{"model":"consistency_plus:block/andesite_bricks","x":0,"y":0,"uvlock":false}],"facing=south,triggered=true":[{"model":"consistency_plus:block/andesite_corner_pillar","x":0,"y":0,"uvlock":false}],"facing=up,triggered=true":[{"model":"create:block/andesite_encased_cogwheel_bottom","x":90,"y":90,"uvlock":false}],"facing=west,triggered=true":[{"model":"create:block/andesite_encased_cogwheel_top_bottom","x":90,"y":90,"uvlock":false}]}}