{"variants":{"moisture=1":[{"model":"minecraft:block/air","x":0,"y":0,"uvlock":false}],"moisture=2":[{"model":"minecraft:block/air","x":0,"y":0,"uvlock":false}],"moisture=3":[{"model":"minecraft:block/air","x":0,"y":0,"uvlock":false}],"moisture=4":[{"model":"minecraft:block/air","x":0,"y":0,"uvlock":false}],"moisture=5":[{"model":"railways:block/monorail/monorail/static_blocks/z_ortho","x":0,"y":0,"uvlock":false}],"moisture=6":[{"model":"railways:block/monorail/monorail/static_blocks/z_ortho","x":0,"y":0,"uvlock":false}]}}