{"variants":{"":[{"model":"ecotones:block/dried_dirt","x":0,"y":0,"uvlock":false},{"model":"ecotones:block/dried_dirt","x":90,"y":0,"uvlock":false},{"model":"ecotones:block/dried_dirt","x":180,"y":0,"uvlock":false},{"model":"ecotones:block/dried_dirt","x":270,"y":0,"uvlock":false},{"model":"ecotones:block/dried_dirt","x":0,"y":90,"uvlock":false},{"model":"ecotones:block/dried_dirt","x":90,"y":90,"uvlock":false},{"model":"ecotones:block/dried_dirt","x":180,"y":90,"uvlock":false},{"model":"ecotones:block/dried_dirt","x":270,"y":90,"uvlock":false},{"model":"ecotones:block/dried_dirt","x":0,"y":180,"uvlock":false},{"model":"ecotones:block/dried_dirt","x":90,"y":180,"uvlock":false},{"model":"ecotones:block/dried_dirt","x":180,"y":180,"uvlock":false},{"model":"ecotones:block/dried_dirt","x":270,"y":180,"uvlock":false},{"model":"ecotones:block/dried_dirt","x":0,"y":270,"uvlock":false},{"model":"ecotones:block/dried_dirt","x":90,"y":270,"uvlock":false},{"model":"ecotones:block/dried_dirt","x":180,"y":270,"uvlock":false},{"model":"ecotones:block/dried_dirt","x":270,"y":270,"uvlock":false}]}}