{"variants":{"distance=1,persistent=false,waterlogged=false":[{"model":"architecture_extensions:block/minecraft/raw_iron_roof_inner","x":0,"y":0,"uvlock":false}],"distance=1,persistent=false,waterlogged=true":[{"model":"fabricaeexnihilo:block/infested_cherry_leaves","x":0,"y":0,"uvlock":false}],"distance=1,persistent=true,waterlogged=false":[{"model":"architecture_extensions:block/minecraft/raw_iron_roof_inner","x":0,"y":270,"uvlock":false}],"distance=1,persistent=true,waterlogged=true":[{"model":"fabricaeexnihilo:block/infested_cherry_leaves","x":0,"y":0,"uvlock":false}],"distance=10,persistent=false,waterlogged=false":[{"model":"promenade:block/palm/leaves","x":0,"y":0,"uvlock":false}],"distance=10,persistent=false,waterlogged=true":[{"model":"promenade:block/palm/leaves","x":0,"y":0,"uvlock":false}],"distance=10,persistent=true,waterlogged=false":[{"model":"promenade:block/maple/leaves/mikado/regular","x":0,"y":0,"uvlock":false}],"distance=10,persistent=true,waterlogged=true":[{"model":"promenade:block/maple/leaves/mikado/regular","x":0,"y":0,"uvlock":false}],"distance=11,persistent=false,waterlogged=false":[{"model":"promenade:block/maple/leaves/sap","x":0,"y":0,"uvlock":false}],"distance=11,persistent=false,waterlogged=true":[{"model":"promenade:block/maple/leaves/sap","x":0,"y":0,"uvlock":false}],"distance=11,persistent=true,waterlogged=false":[{"model":"tropics:block/palm_leaves","x":0,"y":0,"uvlock":false}],"distance=11,persistent=true,waterlogged=true":[{"model":"tropics:block/palm_leaves","x":0,"y":0,"uvlock":false}],"distance=12,persistent=false,waterlogged=false":[{"model":"promenade:block/vanilla_snowy_leaves/spruce/bottom","x":0,"y":0,"uvlock":false}],"distance=12,persistent=false,waterlogged=true":[{"model":"promenade:block/vanilla_snowy_leaves/spruce/bottom","x":0,"y":0,"uvlock":false}],"distance=12,persistent=true,waterlogged=false":[{"model":"pswg:block/sequoia_leaves","x":0,"y":0,"uvlock":false}],"distance=12,persistent=true,waterlogged=true":[{"model":"pswg:block/sequoia_leaves","x":0,"y":0,"uvlock":false}],"distance=13,persistent=false,waterlogged=false":[{"model":"yttr:block/squeeze_leaves","x":0,"y":0,"uvlock":false}],"distance=13,persistent=false,waterlogged=true":[{"model":"yttr:block/squeeze_leaves","x":0,"y":0,"uvlock":false}],"distance=13,persistent=true,waterlogged=false":[{"model":"promenade:block/vanilla_snowy_leaves/spruce/normal","x":0,"y":0,"uvlock":false}],"distance=13,persistent=true,waterlogged=true":[{"model":"promenade:block/vanilla_snowy_leaves/spruce/normal","x":0,"y":0,"uvlock":false}],"distance=14,persistent=false,waterlogged=false":[{"model":"yttr:block/squeeze_leaves","x":0,"y":0,"uvlock":false}],"distance=14,persistent=false,waterlogged=true":[{"model":"yttr:block/squeeze_leaves","x":0,"y":0,"uvlock":false}],"distance=14,persistent=true,waterlogged=false":[{"model":"minecraft:builtin/entity","x":0,"y":0,"uvlock":false}],"distance=14,persistent=true,waterlogged=true":[{"model":"minecraft:builtin/entity","x":0,"y":0,"uvlock":false}],"distance=2,persistent=false,waterlogged=false":[{"model":"architecture_extensions:block/minecraft/raw_iron_roof_outer","x":0,"y":0,"uvlock":false}],"distance=2,persistent=false,waterlogged=true":[{"model":"fabricaeexnihilo:block/infested_dark_oak_leaves","x":0,"y":0,"uvlock":false}],"distance=2,persistent=true,waterlogged=false":[{"model":"architecture_extensions:block/minecraft/raw_iron_roof_outer","x":0,"y":270,"uvlock":false}],"distance=2,persistent=true,waterlogged=true":[{"model":"fabricaeexnihilo:block/infested_dark_oak_leaves","x":0,"y":0,"uvlock":false}],"distance=3,persistent=false,waterlogged=false":[{"model":"phonos:block/radio_loudspeaker","x":0,"y":180,"uvlock":false}],"distance=3,persistent=false,waterlogged=true":[{"model":"fabricaeexnihilo:block/infested_jungle_leaves","x":0,"y":0,"uvlock":false}],"distance=3,persistent=true,waterlogged=false":[{"model":"phonos:block/radio_loudspeaker","x":0,"y":0,"uvlock":false}],"distance=3,persistent=true,waterlogged=true":[{"model":"fabricaeexnihilo:block/infested_jungle_leaves","x":0,"y":0,"uvlock":false}],"distance=4,persistent=false,waterlogged=false":[{"model":"phonos:block/radio_loudspeaker","x":0,"y":90,"uvlock":false}],"distance=4,persistent=false,waterlogged=true":[{"model":"fabricaeexnihilo:block/infested_mangrove_leaves","x":0,"y":0,"uvlock":false}],"distance=4,persistent=true,waterlogged=false":[{"model":"phonos:block/radio_loudspeaker","x":0,"y":270,"uvlock":false}],"distance=4,persistent=true,waterlogged=true":[{"model":"fabricaeexnihilo:block/infested_mangrove_leaves","x":0,"y":0,"uvlock":false}],"distance=5,persistent=false,waterlogged=false":[{"model":"fabricaeexnihilo:block/infested_spruce_leaves","x":0,"y":0,"uvlock":false}],"distance=5,persistent=false,waterlogged=true":[{"model":"fabricaeexnihilo:block/infested_spruce_leaves","x":0,"y":0,"uvlock":false}],"distance=5,persistent=true,waterlogged=false":[{"model":"fabricaeexnihilo:block/infested_oak_leaves","x":0,"y":0,"uvlock":false}],"distance=5,persistent=true,waterlogged=true":[{"model":"fabricaeexnihilo:block/infested_oak_leaves","x":0,"y":0,"uvlock":false}],"distance=6,persistent=false,waterlogged=false":[{"model":"pswg:block/japor_leaves","x":90,"y":0,"uvlock":false}],"distance=6,persistent=false,waterlogged=true":[{"model":"pswg:block/japor_leaves","x":90,"y":0,"uvlock":false}],"distance=6,persistent=true,waterlogged=false":[{"model":"aurorasdeco:block/jacaranda/leaves","x":0,"y":0,"uvlock":false}],"distance=6,persistent=true,waterlogged=true":[{"model":"aurorasdeco:block/jacaranda/leaves","x":0,"y":0,"uvlock":false}],"distance=7,persistent=false,waterlogged=false":[{"model":"pswg:block/japor_leaves","x":90,"y":90,"uvlock":false}],"distance=7,persistent=false,waterlogged=true":[{"model":"pswg:block/japor_leaves","x":90,"y":90,"uvlock":false}],"distance=8,persistent=false,waterlogged=false":[{"model":"pswg:block/japor_leaves","x":90,"y":270,"uvlock":false}],"distance=8,persistent=false,waterlogged=true":[{"model":"pswg:block/japor_leaves","x":90,"y":270,"uvlock":false}],"distance=8,persistent=true,waterlogged=false":[{"model":"pswg:block/japor_leaves","x":90,"y":180,"uvlock":false}],"distance=8,persistent=true,waterlogged=true":[{"model":"pswg:block/japor_leaves","x":90,"y":180,"uvlock":false}],"distance=9,persistent=false,waterlogged=false":[{"model":"pswg:block/japor_leaves","x":180,"y":0,"uvlock":false}],"distance=9,persistent=false,waterlogged=true":[{"model":"pswg:block/japor_leaves","x":180,"y":0,"uvlock":false}],"distance=9,persistent=true,waterlogged=false":[{"model":"pswg:block/japor_leaves","x":0,"y":0,"uvlock":false}],"distance=9,persistent=true,waterlogged=true":[{"model":"pswg:block/japor_leaves","x":0,"y":0,"uvlock":false}]}}