{"variants":{"age=1":[{"model":"ecotones:block/watergrass","x":0,"y":0,"uvlock":false}],"age=10":[{"model":"consistency_plus:block/andesite_tile_gate_wall_open","x":0,"y":270,"uvlock":true}],"age=11":[{"model":"consistency_plus:block/andesite_tile_gate_open","x":0,"y":270,"uvlock":true}],"age=12":[{"model":"befoul:block/attached_lumen_stem_front","x":0,"y":180,"uvlock":false}],"age=13":[{"model":"befoul:block/attached_lumen_stem_back","x":0,"y":180,"uvlock":false}],"age=14":[{"model":"befoul:block/attached_lumen_stem_front","x":0,"y":0,"uvlock":false}],"age=15":[{"model":"befoul:block/attached_lumen_stem_back","x":0,"y":0,"uvlock":false}],"age=16":[{"model":"befoul:block/attached_lumen_stem_front","x":0,"y":90,"uvlock":false}],"age=17":[{"model":"befoul:block/attached_lumen_stem_back","x":0,"y":90,"uvlock":false}],"age=18":[{"model":"befoul:block/attached_lumen_stem_front","x":0,"y":270,"uvlock":false}],"age=19":[{"model":"befoul:block/attached_lumen_stem_back","x":0,"y":270,"uvlock":false}],"age=2":[{"model":"ecotones:block/cattail","x":0,"y":0,"uvlock":false}],"age=20":[{"model":"aurorasdeco:block/azalea/fence_gate_wall_open","x":0,"y":180,"uvlock":true}],"age=21":[{"model":"aurorasdeco:block/azalea/fence_gate_wall_open","x":0,"y":180,"uvlock":true}],"age=22":[{"model":"aurorasdeco:block/azalea/fence_gate_open","x":0,"y":180,"uvlock":true}],"age=23":[{"model":"aurorasdeco:block/azalea/fence_gate_open","x":0,"y":180,"uvlock":true}],"age=24":[{"model":"aurorasdeco:block/azalea/fence_gate_wall_open","x":0,"y":0,"uvlock":true}],"age=25":[{"model":"aurorasdeco:block/azalea/fence_gate_wall_open","x":0,"y":0,"uvlock":true}],"age=3":[{"model":"promenade:block/palm/hanging_leaves","x":0,"y":0,"uvlock":false}],"age=4":[{"model":"consistency_plus:block/andesite_tile_gate_wall_open","x":0,"y":180,"uvlock":true}],"age=5":[{"model":"consistency_plus:block/andesite_tile_gate_open","x":0,"y":180,"uvlock":true}],"age=6":[{"model":"consistency_plus:block/andesite_tile_gate_wall_open","x":0,"y":0,"uvlock":true}],"age=7":[{"model":"consistency_plus:block/andesite_tile_gate_open","x":0,"y":0,"uvlock":true}],"age=8":[{"model":"consistency_plus:block/andesite_tile_gate_wall_open","x":0,"y":90,"uvlock":true}],"age=9":[{"model":"consistency_plus:block/andesite_tile_gate_open","x":0,"y":90,"uvlock":true}]}}