{"variants":{"facing=east,half=bottom,open=false,powered=true,waterlogged=false":[{"model":"create:block/framed_glass_trapdoor/block_bottom","x":0,"y":0,"uvlock":true}],"facing=east,half=bottom,open=false,powered=true,waterlogged=true":[{"model":"create:block/framed_glass_trapdoor/block_bottom","x":0,"y":0,"uvlock":true}],"facing=east,half=bottom,open=true,powered=true,waterlogged=false":[{"model":"create:block/framed_glass_trapdoor/block_open","x":0,"y":90,"uvlock":false}],"facing=east,half=bottom,open=true,powered=true,waterlogged=true":[{"model":"create:block/framed_glass_trapdoor/block_open","x":0,"y":90,"uvlock":false}],"facing=east,half=top,open=false,powered=true,waterlogged=false":[{"model":"create:block/framed_glass_trapdoor/block_top","x":0,"y":0,"uvlock":true}],"facing=east,half=top,open=false,powered=true,waterlogged=true":[{"model":"create:block/framed_glass_trapdoor/block_top","x":0,"y":0,"uvlock":true}],"facing=east,half=top,open=true,powered=true,waterlogged=false":[{"model":"create:block/framed_glass_trapdoor/block_open","x":0,"y":90,"uvlock":false}],"facing=east,half=top,open=true,powered=true,waterlogged=true":[{"model":"create:block/framed_glass_trapdoor/block_open","x":0,"y":90,"uvlock":false}],"facing=north,half=bottom,open=false,powered=true,waterlogged=false":[{"model":"create:block/framed_glass_trapdoor/block_bottom","x":0,"y":0,"uvlock":true}],"facing=north,half=bottom,open=false,powered=true,waterlogged=true":[{"model":"create:block/framed_glass_trapdoor/block_bottom","x":0,"y":0,"uvlock":true}],"facing=north,half=bottom,open=true,powered=true,waterlogged=false":[{"model":"create:block/framed_glass_trapdoor/block_open","x":0,"y":0,"uvlock":false}],"facing=north,half=bottom,open=true,powered=true,waterlogged=true":[{"model":"create:block/framed_glass_trapdoor/block_open","x":0,"y":0,"uvlock":false}],"facing=north,half=top,open=false,powered=true,waterlogged=false":[{"model":"create:block/framed_glass_trapdoor/block_top","x":0,"y":0,"uvlock":true}],"facing=north,half=top,open=false,powered=true,waterlogged=true":[{"model":"create:block/framed_glass_trapdoor/block_top","x":0,"y":0,"uvlock":true}],"facing=north,half=top,open=true,powered=true,waterlogged=false":[{"model":"create:block/framed_glass_trapdoor/block_open","x":0,"y":0,"uvlock":false}],"facing=north,half=top,open=true,powered=true,waterlogged=true":[{"model":"create:block/framed_glass_trapdoor/block_open","x":0,"y":0,"uvlock":false}],"facing=south,half=bottom,open=false,powered=true,waterlogged=false":[{"model":"create:block/framed_glass_trapdoor/block_bottom","x":0,"y":0,"uvlock":true}],"facing=south,half=bottom,open=false,powered=true,waterlogged=true":[{"model":"create:block/framed_glass_trapdoor/block_bottom","x":0,"y":0,"uvlock":true}],"facing=south,half=bottom,open=true,powered=true,waterlogged=false":[{"model":"create:block/framed_glass_trapdoor/block_open","x":0,"y":180,"uvlock":false}],"facing=south,half=bottom,open=true,powered=true,waterlogged=true":[{"model":"create:block/framed_glass_trapdoor/block_open","x":0,"y":180,"uvlock":false}],"facing=south,half=top,open=false,powered=true,waterlogged=false":[{"model":"create:block/framed_glass_trapdoor/block_top","x":0,"y":0,"uvlock":true}],"facing=south,half=top,open=false,powered=true,waterlogged=true":[{"model":"create:block/framed_glass_trapdoor/block_top","x":0,"y":0,"uvlock":true}],"facing=south,half=top,open=true,powered=true,waterlogged=false":[{"model":"create:block/framed_glass_trapdoor/block_open","x":0,"y":180,"uvlock":false}],"facing=south,half=top,open=true,powered=true,waterlogged=true":[{"model":"create:block/framed_glass_trapdoor/block_open","x":0,"y":180,"uvlock":false}],"facing=west,half=bottom,open=false,powered=true,waterlogged=false":[{"model":"create:block/framed_glass_trapdoor/block_bottom","x":0,"y":0,"uvlock":true}],"facing=west,half=bottom,open=false,powered=true,waterlogged=true":[{"model":"create:block/framed_glass_trapdoor/block_bottom","x":0,"y":0,"uvlock":true}],"facing=west,half=bottom,open=true,powered=true,waterlogged=false":[{"model":"create:block/framed_glass_trapdoor/block_open","x":0,"y":270,"uvlock":false}],"facing=west,half=bottom,open=true,powered=true,waterlogged=true":[{"model":"create:block/framed_glass_trapdoor/block_open","x":0,"y":270,"uvlock":false}],"facing=west,half=top,open=false,powered=true,waterlogged=false":[{"model":"create:block/framed_glass_trapdoor/block_top","x":0,"y":0,"uvlock":true}],"facing=west,half=top,open=false,powered=true,waterlogged=true":[{"model":"create:block/framed_glass_trapdoor/block_top","x":0,"y":0,"uvlock":true}],"facing=west,half=top,open=true,powered=true,waterlogged=false":[{"model":"create:block/framed_glass_trapdoor/block_open","x":0,"y":270,"uvlock":false}],"facing=west,half=top,open=true,powered=true,waterlogged=true":[{"model":"create:block/framed_glass_trapdoor/block_open","x":0,"y":270,"uvlock":false}]}}