{"variants":{"facing=east,half=lower,hinge=left,open=false,powered=true,waterlogged=false":[{"model":"decomod:block/birch_door_bottom_left","x":0,"y":0,"uvlock":false}],"facing=east,half=lower,hinge=left,open=false,powered=true,waterlogged=true":[{"model":"decomod:block/birch_door_bottom_left","x":0,"y":0,"uvlock":false}],"facing=east,half=lower,hinge=left,open=true,powered=true,waterlogged=false":[{"model":"decomod:block/birch_door_bottom_right","x":0,"y":90,"uvlock":false}],"facing=east,half=lower,hinge=left,open=true,powered=true,waterlogged=true":[{"model":"decomod:block/birch_door_bottom_right","x":0,"y":90,"uvlock":false}],"facing=east,half=lower,hinge=right,open=false,powered=true,waterlogged=false":[{"model":"decomod:block/birch_door_bottom_right","x":0,"y":0,"uvlock":false}],"facing=east,half=lower,hinge=right,open=false,powered=true,waterlogged=true":[{"model":"decomod:block/birch_door_bottom_right","x":0,"y":0,"uvlock":false}],"facing=east,half=lower,hinge=right,open=true,powered=true,waterlogged=false":[{"model":"decomod:block/birch_door_bottom_left","x":0,"y":270,"uvlock":false}],"facing=east,half=lower,hinge=right,open=true,powered=true,waterlogged=true":[{"model":"decomod:block/birch_door_bottom_left","x":0,"y":270,"uvlock":false}],"facing=east,half=upper,hinge=left,open=false,powered=true,waterlogged=false":[{"model":"decomod:block/birch_door_top_left","x":0,"y":0,"uvlock":false}],"facing=east,half=upper,hinge=left,open=false,powered=true,waterlogged=true":[{"model":"decomod:block/birch_door_top_left","x":0,"y":0,"uvlock":false}],"facing=east,half=upper,hinge=left,open=true,powered=true,waterlogged=false":[{"model":"decomod:block/birch_door_top_right","x":0,"y":90,"uvlock":false}],"facing=east,half=upper,hinge=left,open=true,powered=true,waterlogged=true":[{"model":"decomod:block/birch_door_top_right","x":0,"y":90,"uvlock":false}],"facing=east,half=upper,hinge=right,open=false,powered=true,waterlogged=false":[{"model":"decomod:block/birch_door_top_right","x":0,"y":0,"uvlock":false}],"facing=east,half=upper,hinge=right,open=false,powered=true,waterlogged=true":[{"model":"decomod:block/birch_door_top_right","x":0,"y":0,"uvlock":false}],"facing=east,half=upper,hinge=right,open=true,powered=true,waterlogged=false":[{"model":"decomod:block/birch_door_top_left","x":0,"y":270,"uvlock":false}],"facing=east,half=upper,hinge=right,open=true,powered=true,waterlogged=true":[{"model":"decomod:block/birch_door_top_left","x":0,"y":270,"uvlock":false}],"facing=north,half=lower,hinge=left,open=false,powered=true,waterlogged=false":[{"model":"decomod:block/birch_door_bottom_left","x":0,"y":270,"uvlock":false}],"facing=north,half=lower,hinge=left,open=false,powered=true,waterlogged=true":[{"model":"decomod:block/birch_door_bottom_left","x":0,"y":270,"uvlock":false}],"facing=north,half=lower,hinge=left,open=true,powered=true,waterlogged=false":[{"model":"decomod:block/birch_door_bottom_right","x":0,"y":0,"uvlock":false}],"facing=north,half=lower,hinge=left,open=true,powered=true,waterlogged=true":[{"model":"decomod:block/birch_door_bottom_right","x":0,"y":0,"uvlock":false}],"facing=north,half=lower,hinge=right,open=false,powered=true,waterlogged=false":[{"model":"decomod:block/birch_door_bottom_right","x":0,"y":270,"uvlock":false}],"facing=north,half=lower,hinge=right,open=false,powered=true,waterlogged=true":[{"model":"decomod:block/birch_door_bottom_right","x":0,"y":270,"uvlock":false}],"facing=north,half=lower,hinge=right,open=true,powered=true,waterlogged=false":[{"model":"decomod:block/birch_door_bottom_left","x":0,"y":180,"uvlock":false}],"facing=north,half=lower,hinge=right,open=true,powered=true,waterlogged=true":[{"model":"decomod:block/birch_door_bottom_left","x":0,"y":180,"uvlock":false}],"facing=north,half=upper,hinge=left,open=false,powered=true,waterlogged=false":[{"model":"decomod:block/birch_door_top_left","x":0,"y":270,"uvlock":false}],"facing=north,half=upper,hinge=left,open=false,powered=true,waterlogged=true":[{"model":"decomod:block/birch_door_top_left","x":0,"y":270,"uvlock":false}],"facing=north,half=upper,hinge=left,open=true,powered=true,waterlogged=false":[{"model":"decomod:block/birch_door_top_right","x":0,"y":0,"uvlock":false}],"facing=north,half=upper,hinge=left,open=true,powered=true,waterlogged=true":[{"model":"decomod:block/birch_door_top_right","x":0,"y":0,"uvlock":false}],"facing=north,half=upper,hinge=right,open=false,powered=true,waterlogged=false":[{"model":"decomod:block/birch_door_top_right","x":0,"y":270,"uvlock":false}],"facing=north,half=upper,hinge=right,open=false,powered=true,waterlogged=true":[{"model":"decomod:block/birch_door_top_right","x":0,"y":270,"uvlock":false}],"facing=north,half=upper,hinge=right,open=true,powered=true,waterlogged=false":[{"model":"decomod:block/birch_door_top_left","x":0,"y":180,"uvlock":false}],"facing=north,half=upper,hinge=right,open=true,powered=true,waterlogged=true":[{"model":"decomod:block/birch_door_top_left","x":0,"y":180,"uvlock":false}],"facing=south,half=lower,hinge=left,open=false,powered=true,waterlogged=false":[{"model":"decomod:block/birch_door_bottom_left","x":0,"y":90,"uvlock":false}],"facing=south,half=lower,hinge=left,open=false,powered=true,waterlogged=true":[{"model":"decomod:block/birch_door_bottom_left","x":0,"y":90,"uvlock":false}],"facing=south,half=lower,hinge=left,open=true,powered=true,waterlogged=false":[{"model":"decomod:block/birch_door_bottom_right","x":0,"y":180,"uvlock":false}],"facing=south,half=lower,hinge=left,open=true,powered=true,waterlogged=true":[{"model":"decomod:block/birch_door_bottom_right","x":0,"y":180,"uvlock":false}],"facing=south,half=lower,hinge=right,open=false,powered=true,waterlogged=false":[{"model":"decomod:block/birch_door_bottom_right","x":0,"y":90,"uvlock":false}],"facing=south,half=lower,hinge=right,open=false,powered=true,waterlogged=true":[{"model":"decomod:block/birch_door_bottom_right","x":0,"y":90,"uvlock":false}],"facing=south,half=lower,hinge=right,open=true,powered=true,waterlogged=false":[{"model":"decomod:block/birch_door_bottom_left","x":0,"y":0,"uvlock":false}],"facing=south,half=lower,hinge=right,open=true,powered=true,waterlogged=true":[{"model":"decomod:block/birch_door_bottom_left","x":0,"y":0,"uvlock":false}],"facing=south,half=upper,hinge=left,open=false,powered=true,waterlogged=false":[{"model":"decomod:block/birch_door_top_left","x":0,"y":90,"uvlock":false}],"facing=south,half=upper,hinge=left,open=false,powered=true,waterlogged=true":[{"model":"decomod:block/birch_door_top_left","x":0,"y":90,"uvlock":false}],"facing=south,half=upper,hinge=left,open=true,powered=true,waterlogged=false":[{"model":"decomod:block/birch_door_top_right","x":0,"y":180,"uvlock":false}],"facing=south,half=upper,hinge=left,open=true,powered=true,waterlogged=true":[{"model":"decomod:block/birch_door_top_right","x":0,"y":180,"uvlock":false}],"facing=south,half=upper,hinge=right,open=false,powered=true,waterlogged=false":[{"model":"decomod:block/birch_door_top_right","x":0,"y":90,"uvlock":false}],"facing=south,half=upper,hinge=right,open=false,powered=true,waterlogged=true":[{"model":"decomod:block/birch_door_top_right","x":0,"y":90,"uvlock":false}],"facing=south,half=upper,hinge=right,open=true,powered=true,waterlogged=false":[{"model":"decomod:block/birch_door_top_left","x":0,"y":0,"uvlock":false}],"facing=south,half=upper,hinge=right,open=true,powered=true,waterlogged=true":[{"model":"decomod:block/birch_door_top_left","x":0,"y":0,"uvlock":false}],"facing=west,half=lower,hinge=left,open=false,powered=true,waterlogged=false":[{"model":"decomod:block/birch_door_bottom_left","x":0,"y":180,"uvlock":false}],"facing=west,half=lower,hinge=left,open=false,powered=true,waterlogged=true":[{"model":"decomod:block/birch_door_bottom_left","x":0,"y":180,"uvlock":false}],"facing=west,half=lower,hinge=left,open=true,powered=true,waterlogged=false":[{"model":"decomod:block/birch_door_bottom_right","x":0,"y":270,"uvlock":false}],"facing=west,half=lower,hinge=left,open=true,powered=true,waterlogged=true":[{"model":"decomod:block/birch_door_bottom_right","x":0,"y":270,"uvlock":false}],"facing=west,half=lower,hinge=right,open=false,powered=true,waterlogged=false":[{"model":"decomod:block/birch_door_bottom_right","x":0,"y":180,"uvlock":false}],"facing=west,half=lower,hinge=right,open=false,powered=true,waterlogged=true":[{"model":"decomod:block/birch_door_bottom_right","x":0,"y":180,"uvlock":false}],"facing=west,half=lower,hinge=right,open=true,powered=true,waterlogged=false":[{"model":"decomod:block/birch_door_bottom_left","x":0,"y":90,"uvlock":false}],"facing=west,half=lower,hinge=right,open=true,powered=true,waterlogged=true":[{"model":"decomod:block/birch_door_bottom_left","x":0,"y":90,"uvlock":false}],"facing=west,half=upper,hinge=left,open=false,powered=true,waterlogged=false":[{"model":"decomod:block/birch_door_top_left","x":0,"y":180,"uvlock":false}],"facing=west,half=upper,hinge=left,open=false,powered=true,waterlogged=true":[{"model":"decomod:block/birch_door_top_left","x":0,"y":180,"uvlock":false}],"facing=west,half=upper,hinge=left,open=true,powered=true,waterlogged=false":[{"model":"decomod:block/birch_door_top_right","x":0,"y":270,"uvlock":false}],"facing=west,half=upper,hinge=left,open=true,powered=true,waterlogged=true":[{"model":"decomod:block/birch_door_top_right","x":0,"y":270,"uvlock":false}],"facing=west,half=upper,hinge=right,open=false,powered=true,waterlogged=false":[{"model":"decomod:block/birch_door_top_right","x":0,"y":180,"uvlock":false}],"facing=west,half=upper,hinge=right,open=false,powered=true,waterlogged=true":[{"model":"decomod:block/birch_door_top_right","x":0,"y":180,"uvlock":false}],"facing=west,half=upper,hinge=right,open=true,powered=true,waterlogged=false":[{"model":"decomod:block/birch_door_top_left","x":0,"y":90,"uvlock":false}],"facing=west,half=upper,hinge=right,open=true,powered=true,waterlogged=true":[{"model":"decomod:block/birch_door_top_left","x":0,"y":90,"uvlock":false}]}}