{"variants":{"type=bottom,waterlogged=false":[{"model":"create:block/cut_dripstone_slab","x":0,"y":0,"uvlock":false}],"type=bottom,waterlogged=true":[{"model":"create:block/cut_dripstone_slab","x":0,"y":0,"uvlock":false}],"type=double,waterlogged=false":[{"model":"consistency_plus:block/andesite_tile_stairs_inner","x":180,"y":90,"uvlock":true}],"type=double,waterlogged=true":[{"model":"consistency_plus:block/andesite_tile_stairs_inner","x":180,"y":90,"uvlock":true}],"type=top,waterlogged=false":[{"model":"create:block/cut_dripstone_slab_top","x":0,"y":0,"uvlock":false}],"type=top,waterlogged=true":[{"model":"create:block/cut_dripstone_slab_top","x":0,"y":0,"uvlock":false}]}}