{"variants":{"power=1,sculk_sensor_phase=cooldown,waterlogged=false":[{"model":"create:block/gray_seat","x":0,"y":0,"uvlock":false}],"power=1,sculk_sensor_phase=cooldown,waterlogged=true":[{"model":"create:block/gray_seat","x":0,"y":0,"uvlock":false}],"power=1,sculk_sensor_phase=inactive,waterlogged=false":[{"model":"create:block/light_gray_seat","x":0,"y":0,"uvlock":false}],"power=1,sculk_sensor_phase=inactive,waterlogged=true":[{"model":"create:block/light_gray_seat","x":0,"y":0,"uvlock":false}],"power=10,sculk_sensor_phase=cooldown,waterlogged=false":[{"model":"architecture_extensions:block/amarite/amarite_block_round_arch","x":0,"y":90,"uvlock":false}],"power=10,sculk_sensor_phase=cooldown,waterlogged=true":[{"model":"wwizardry:block/basalt_brick_slab","x":0,"y":0,"uvlock":false}],"power=10,sculk_sensor_phase=inactive,waterlogged=false":[{"model":"architecture_extensions:block/amarite/amarite_block_round_arch","x":0,"y":270,"uvlock":true}],"power=10,sculk_sensor_phase=inactive,waterlogged=true":[{"model":"consistency_plus:block/basalt_brick_slab","x":0,"y":0,"uvlock":false}],"power=11,sculk_sensor_phase=cooldown,waterlogged=false":[{"model":"architecture_extensions:block/amarite/amethyst_bricks_round_arch","x":0,"y":180,"uvlock":true}],"power=11,sculk_sensor_phase=cooldown,waterlogged=true":[{"model":"consistency_plus:block/basalt_tile_slab","x":0,"y":0,"uvlock":false}],"power=11,sculk_sensor_phase=inactive,waterlogged=false":[{"model":"architecture_extensions:block/amarite/amethyst_bricks_round_arch","x":0,"y":0,"uvlock":true}],"power=11,sculk_sensor_phase=inactive,waterlogged=true":[{"model":"consistency_plus:block/basalt_slab","x":0,"y":0,"uvlock":false}],"power=12,sculk_sensor_phase=cooldown,waterlogged=false":[{"model":"architecture_extensions:block/amarite/amethyst_bricks_round_arch","x":0,"y":90,"uvlock":false}],"power=12,sculk_sensor_phase=cooldown,waterlogged=true":[{"model":"consistency_plus:block/bedrock_brick_slab","x":0,"y":0,"uvlock":false}],"power=12,sculk_sensor_phase=inactive,waterlogged=false":[{"model":"architecture_extensions:block/amarite/amethyst_bricks_round_arch","x":0,"y":270,"uvlock":true}],"power=12,sculk_sensor_phase=inactive,waterlogged=true":[{"model":"wwizardry:block/basalt_tile_slab","x":0,"y":0,"uvlock":false}],"power=13,sculk_sensor_phase=cooldown,waterlogged=false":[{"model":"architecture_extensions:block/amarite/amethyst_pillar_round_arch","x":0,"y":180,"uvlock":true}],"power=13,sculk_sensor_phase=cooldown,waterlogged=true":[{"model":"consistency_plus:block/bedrock_tile_slab","x":0,"y":0,"uvlock":false}],"power=13,sculk_sensor_phase=inactive,waterlogged=false":[{"model":"architecture_extensions:block/amarite/amethyst_pillar_round_arch","x":0,"y":0,"uvlock":true}],"power=13,sculk_sensor_phase=inactive,waterlogged=true":[{"model":"consistency_plus:block/bedrock_slab","x":0,"y":0,"uvlock":false}],"power=14,sculk_sensor_phase=cooldown,waterlogged=false":[{"model":"architecture_extensions:block/amarite/amethyst_pillar_round_arch","x":0,"y":90,"uvlock":false}],"power=14,sculk_sensor_phase=cooldown,waterlogged=true":[{"model":"consistency_plus:block/black_concrete_slab","x":0,"y":0,"uvlock":false}],"power=14,sculk_sensor_phase=inactive,waterlogged=false":[{"model":"architecture_extensions:block/amarite/amethyst_pillar_round_arch","x":0,"y":270,"uvlock":true}],"power=14,sculk_sensor_phase=inactive,waterlogged=true":[{"model":"consistency_plus:block/black_concrete_brick_slab","x":0,"y":0,"uvlock":false}],"power=15,sculk_sensor_phase=cooldown,waterlogged=false":[{"model":"architecture_extensions:block/amarite/chiseled_amethyst_round_arch","x":0,"y":180,"uvlock":true}],"power=15,sculk_sensor_phase=cooldown,waterlogged=true":[{"model":"consistency_plus:block/black_glazed_terracotta_brick_slab","x":0,"y":0,"uvlock":false}],"power=15,sculk_sensor_phase=inactive,waterlogged=false":[{"model":"architecture_extensions:block/amarite/chiseled_amethyst_round_arch","x":0,"y":0,"uvlock":true}],"power=15,sculk_sensor_phase=inactive,waterlogged=true":[{"model":"consistency_plus:block/black_concrete_tile_slab","x":0,"y":0,"uvlock":false}],"power=2,sculk_sensor_phase=cooldown,waterlogged=false":[{"model":"create:block/white_seat","x":0,"y":0,"uvlock":false}],"power=2,sculk_sensor_phase=cooldown,waterlogged=true":[{"model":"create:block/white_seat","x":0,"y":0,"uvlock":false}],"power=2,sculk_sensor_phase=inactive,waterlogged=false":[{"model":"create:block/green_seat","x":0,"y":0,"uvlock":false}],"power=2,sculk_sensor_phase=inactive,waterlogged=true":[{"model":"create:block/green_seat","x":0,"y":0,"uvlock":false}],"power=3,sculk_sensor_phase=cooldown,waterlogged=false":[{"model":"create:block/black_seat","x":0,"y":0,"uvlock":false}],"power=3,sculk_sensor_phase=cooldown,waterlogged=true":[{"model":"create:block/black_seat","x":0,"y":0,"uvlock":false}],"power=3,sculk_sensor_phase=inactive,waterlogged=false":[{"model":"create:block/light_blue_seat","x":0,"y":0,"uvlock":false}],"power=3,sculk_sensor_phase=inactive,waterlogged=true":[{"model":"create:block/light_blue_seat","x":0,"y":0,"uvlock":false}],"power=4,sculk_sensor_phase=cooldown,waterlogged=false":[{"model":"create:block/blue_seat","x":0,"y":0,"uvlock":false}],"power=4,sculk_sensor_phase=cooldown,waterlogged=true":[{"model":"create:block/blue_seat","x":0,"y":0,"uvlock":false}],"power=4,sculk_sensor_phase=inactive,waterlogged=false":[{"model":"create:block/cyan_seat","x":0,"y":0,"uvlock":false}],"power=4,sculk_sensor_phase=inactive,waterlogged=true":[{"model":"create:block/cyan_seat","x":0,"y":0,"uvlock":false}],"power=5,sculk_sensor_phase=cooldown,waterlogged=false":[{"model":"create:block/magenta_seat","x":0,"y":0,"uvlock":false}],"power=5,sculk_sensor_phase=cooldown,waterlogged=true":[{"model":"create:block/magenta_seat","x":0,"y":0,"uvlock":false}],"power=5,sculk_sensor_phase=inactive,waterlogged=false":[{"model":"create:block/pink_seat","x":0,"y":0,"uvlock":false}],"power=5,sculk_sensor_phase=inactive,waterlogged=true":[{"model":"create:block/pink_seat","x":0,"y":0,"uvlock":false}],"power=6,sculk_sensor_phase=cooldown,waterlogged=false":[{"model":"create:block/orange_seat","x":0,"y":0,"uvlock":false}],"power=6,sculk_sensor_phase=cooldown,waterlogged=true":[{"model":"create:block/orange_seat","x":0,"y":0,"uvlock":false}],"power=6,sculk_sensor_phase=inactive,waterlogged=false":[{"model":"create:block/yellow_seat","x":0,"y":0,"uvlock":false}],"power=6,sculk_sensor_phase=inactive,waterlogged=true":[{"model":"create:block/yellow_seat","x":0,"y":0,"uvlock":false}],"power=7,sculk_sensor_phase=cooldown,waterlogged=false":[{"model":"create:block/red_seat","x":0,"y":0,"uvlock":false}],"power=7,sculk_sensor_phase=cooldown,waterlogged=true":[{"model":"create:block/red_seat","x":0,"y":0,"uvlock":false}],"power=7,sculk_sensor_phase=inactive,waterlogged=false":[{"model":"create:block/lime_seat","x":0,"y":0,"uvlock":false}],"power=7,sculk_sensor_phase=inactive,waterlogged=true":[{"model":"create:block/lime_seat","x":0,"y":0,"uvlock":false}],"power=8,sculk_sensor_phase=cooldown,waterlogged=false":[{"model":"create:block/brown_seat","x":0,"y":0,"uvlock":false}],"power=8,sculk_sensor_phase=cooldown,waterlogged=true":[{"model":"create:block/brown_seat","x":0,"y":0,"uvlock":false}],"power=8,sculk_sensor_phase=inactive,waterlogged=false":[{"model":"create:block/purple_seat","x":0,"y":0,"uvlock":false}],"power=8,sculk_sensor_phase=inactive,waterlogged=true":[{"model":"create:block/purple_seat","x":0,"y":0,"uvlock":false}],"power=9,sculk_sensor_phase=cooldown,waterlogged=false":[{"model":"architecture_extensions:block/amarite/amarite_block_round_arch","x":0,"y":180,"uvlock":true}],"power=9,sculk_sensor_phase=cooldown,waterlogged=true":[{"model":"aurorasdeco:block/azalea/slab","x":0,"y":0,"uvlock":false}],"power=9,sculk_sensor_phase=inactive,waterlogged=false":[{"model":"architecture_extensions:block/amarite/amarite_block_round_arch","x":0,"y":0,"uvlock":true}],"power=9,sculk_sensor_phase=inactive,waterlogged=true":[{"model":"promenade:block/asphalt/slab/bottom","x":0,"y":0,"uvlock":false}]}}