{"variants":{"age=1":[{"model":"ecotones:block/watergrass","x":0,"y":0,"uvlock":false}],"age=10":[{"model":"ecotones:block/maple_sapling","x":0,"y":0,"uvlock":false}],"age=11":[{"model":"ecotones:block/blueberry_bush/blueberry_bush_stage0","x":0,"y":0,"uvlock":false}],"age=12":[{"model":"ecotones:block/blueberry_bush/blueberry_bush_stage1","x":0,"y":0,"uvlock":false}],"age=13":[{"model":"ecotones:block/blueberry_bush/blueberry_bush_stage2","x":0,"y":0,"uvlock":false}],"age=14":[{"model":"ecotones:block/blueberry_bush/blueberry_bush_stage3","x":0,"y":0,"uvlock":false}],"age=15":[{"model":"ecotones:block/blueberry_bush/blueberry_bush_stage4","x":0,"y":0,"uvlock":false}],"age=2":[{"model":"ecotones:block/marigold","x":0,"y":0,"uvlock":false}],"age=3":[{"model":"ecotones:block/cattail","x":0,"y":0,"uvlock":false}],"age=4":[{"model":"ecotones:block/thorn_bush","x":0,"y":0,"uvlock":false}],"age=5":[{"model":"ecotones:block/lavender","x":0,"y":0,"uvlock":false}],"age=6":[{"model":"ecotones:block/small_cactus/small_cactus_fruiting","x":0,"y":0,"uvlock":false}],"age=7":[{"model":"ecotones:block/small_cactus/small_cactus","x":0,"y":0,"uvlock":false}],"age=8":[{"model":"ecotones:block/wide_fern","x":0,"y":0,"uvlock":false}],"age=9":[{"model":"ecotones:block/cyan_rose","x":0,"y":0,"uvlock":false}]}}