{"variants":{"power=1":[{"model":"architecture_extensions:block/architecture_extensions/debuggy_block_arch","x":180,"y":180,"uvlock":true}],"power=10":[{"model":"architecture_extensions:block/architecture_extensions/debuggy_block_arch","x":180,"y":0,"uvlock":true}],"power=11":[{"model":"architecture_extensions:block/architecture_extensions/debuggy_block_arch","x":180,"y":0,"uvlock":true}],"power=12":[{"model":"architecture_extensions:block/architecture_extensions/debuggy_block_arch_inner","x":180,"y":0,"uvlock":true}],"power=13":[{"model":"architecture_extensions:block/architecture_extensions/debuggy_block_arch_inner","x":180,"y":0,"uvlock":true}],"power=14":[{"model":"architecture_extensions:block/architecture_extensions/debuggy_block_arch_inner","x":180,"y":90,"uvlock":true}],"power=15":[{"model":"architecture_extensions:block/architecture_extensions/debuggy_block_arch_inner","x":180,"y":90,"uvlock":true}],"power=2":[{"model":"architecture_extensions:block/architecture_extensions/debuggy_block_arch_inner","x":180,"y":180,"uvlock":true}],"power=3":[{"model":"architecture_extensions:block/architecture_extensions/debuggy_block_arch_inner","x":180,"y":180,"uvlock":true}],"power=4":[{"model":"architecture_extensions:block/architecture_extensions/debuggy_block_arch_inner","x":180,"y":270,"uvlock":true}],"power=5":[{"model":"architecture_extensions:block/architecture_extensions/debuggy_block_arch_inner","x":180,"y":270,"uvlock":true}],"power=6":[{"model":"architecture_extensions:block/architecture_extensions/debuggy_block_arch_outer","x":180,"y":180,"uvlock":true}],"power=7":[{"model":"architecture_extensions:block/architecture_extensions/debuggy_block_arch_outer","x":180,"y":180,"uvlock":true}],"power=8":[{"model":"architecture_extensions:block/architecture_extensions/debuggy_block_arch_outer","x":180,"y":270,"uvlock":true}],"power=9":[{"model":"architecture_extensions:block/architecture_extensions/debuggy_block_arch_outer","x":180,"y":270,"uvlock":true}]}}