{"variants":{"attached=false,disarmed=true,east=false,north=false,powered=true,south=true,west=true":[{"model":"promenade:block/palm/hanging_leaves","x":0,"y":0,"uvlock":false}],"attached=false,disarmed=true,east=false,north=true,powered=false,south=false,west=false":[{"model":"phonos:block/connection_hub","x":180,"y":0,"uvlock":false}],"attached=false,disarmed=true,east=false,north=true,powered=false,south=false,west=true":[{"model":"phonos:block/connection_hub","x":0,"y":0,"uvlock":false}],"attached=false,disarmed=true,east=false,north=true,powered=false,south=true,west=false":[{"model":"phonos:block/connection_hub","x":90,"y":270,"uvlock":false}],"attached=false,disarmed=true,east=false,north=true,powered=false,south=true,west=true":[{"model":"phonos:block/connection_hub","x":90,"y":180,"uvlock":false}],"attached=false,disarmed=true,east=false,north=true,powered=true,south=false,west=false":[{"model":"phonos:block/connection_hub","x":90,"y":90,"uvlock":false}],"attached=false,disarmed=true,east=false,north=true,powered=true,south=false,west=true":[{"model":"phonos:block/connection_hub","x":90,"y":0,"uvlock":false}],"attached=false,disarmed=true,east=false,north=true,powered=true,south=true,west=false":[{"model":"pswg:block/wet_pourstone","x":0,"y":0,"uvlock":false}],"attached=false,disarmed=true,east=false,north=true,powered=true,south=true,west=true":[{"model":"pswg:block/ruined_wet_pourstone","x":0,"y":0,"uvlock":false}],"attached=false,disarmed=true,east=true,north=false,powered=false,south=false,west=false":[{"model":"architecture_extensions:block/minecraft/spruce_post_cap","x":0,"y":0,"uvlock":false}],"attached=false,disarmed=true,east=true,north=false,powered=false,south=false,west=true":[{"model":"architecture_extensions:block/minecraft/spruce_post_cap","x":0,"y":0,"uvlock":false}],"attached=false,disarmed=true,east=true,north=false,powered=false,south=true,west=false":[{"model":"terrariamod:block/plants/herbs/blinkroot","x":0,"y":0,"uvlock":false}],"attached=false,disarmed=true,east=true,north=false,powered=false,south=true,west=true":[{"model":"terrariamod:block/plants/herbs/moonglow","x":0,"y":0,"uvlock":false}],"attached=false,disarmed=true,east=true,north=false,powered=true,south=false,west=false":[{"model":"terrariamod:block/plants/mushroom","x":0,"y":0,"uvlock":false}],"attached=false,disarmed=true,east=true,north=false,powered=true,south=false,west=true":[{"model":"terrariamod:block/plants/vine","x":0,"y":0,"uvlock":false}],"attached=false,disarmed=true,east=true,north=false,powered=true,south=true,west=false":[{"model":"terrariamod:block/trees/saplings/crimson/1","x":0,"y":0,"uvlock":false},{"model":"terrariamod:block/trees/saplings/crimson/2","x":0,"y":0,"uvlock":false},{"model":"terrariamod:block/trees/saplings/crimson/3","x":0,"y":0,"uvlock":false}],"attached=false,disarmed=true,east=true,north=false,powered=true,south=true,west=true":[{"model":"terrariamod:block/plants/herbs/daybloom","x":0,"y":0,"uvlock":false}],"attached=false,disarmed=true,east=true,north=true,powered=false,south=false,west=false":[{"model":"terrariamod:block/plants/bloody_grass/01","x":0,"y":0,"uvlock":false},{"model":"terrariamod:block/plants/bloody_grass/02","x":0,"y":0,"uvlock":false},{"model":"terrariamod:block/plants/bloody_grass/03","x":0,"y":0,"uvlock":false},{"model":"terrariamod:block/plants/bloody_grass/04","x":0,"y":0,"uvlock":false},{"model":"terrariamod:block/plants/bloody_grass/05","x":0,"y":0,"uvlock":false},{"model":"terrariamod:block/plants/bloody_grass/06","x":0,"y":0,"uvlock":false},{"model":"terrariamod:block/plants/bloody_grass/07","x":0,"y":0,"uvlock":false},{"model":"terrariamod:block/plants/bloody_grass/08","x":0,"y":0,"uvlock":false},{"model":"terrariamod:block/plants/bloody_grass/09","x":0,"y":0,"uvlock":false},{"model":"terrariamod:block/plants/bloody_grass/10","x":0,"y":0,"uvlock":false},{"model":"terrariamod:block/plants/bloody_grass/11","x":0,"y":0,"uvlock":false},{"model":"terrariamod:block/plants/bloody_grass/12","x":0,"y":0,"uvlock":false},{"model":"terrariamod:block/plants/bloody_grass/13","x":0,"y":0,"uvlock":false},{"model":"terrariamod:block/plants/bloody_grass/14","x":0,"y":0,"uvlock":false},{"model":"terrariamod:block/plants/bloody_grass/15","x":0,"y":0,"uvlock":false},{"model":"terrariamod:block/plants/bloody_grass/16","x":0,"y":0,"uvlock":false},{"model":"terrariamod:block/plants/bloody_grass/17","x":0,"y":0,"uvlock":false},{"model":"terrariamod:block/plants/bloody_grass/18","x":0,"y":0,"uvlock":false},{"model":"terrariamod:block/plants/bloody_grass/19","x":0,"y":0,"uvlock":false},{"model":"terrariamod:block/plants/bloody_grass/20","x":0,"y":0,"uvlock":false},{"model":"terrariamod:block/plants/bloody_grass/21","x":0,"y":0,"uvlock":false},{"model":"terrariamod:block/plants/bloody_grass/22","x":0,"y":0,"uvlock":false}],"attached=false,disarmed=true,east=true,north=true,powered=false,south=false,west=true":[{"model":"terrariamod:block/plants/grass/01","x":0,"y":0,"uvlock":false},{"model":"terrariamod:block/plants/grass/02","x":0,"y":0,"uvlock":false},{"model":"terrariamod:block/plants/grass/03","x":0,"y":0,"uvlock":false},{"model":"terrariamod:block/plants/grass/04","x":0,"y":0,"uvlock":false},{"model":"terrariamod:block/plants/grass/05","x":0,"y":0,"uvlock":false},{"model":"terrariamod:block/plants/grass/06","x":0,"y":0,"uvlock":false},{"model":"terrariamod:block/plants/grass/07","x":0,"y":0,"uvlock":false},{"model":"terrariamod:block/plants/grass/08","x":0,"y":0,"uvlock":false},{"model":"terrariamod:block/plants/grass/09","x":0,"y":0,"uvlock":false},{"model":"terrariamod:block/plants/grass/10","x":0,"y":0,"uvlock":false},{"model":"terrariamod:block/plants/grass/11","x":0,"y":0,"uvlock":false},{"model":"terrariamod:block/plants/grass/12","x":0,"y":0,"uvlock":false},{"model":"terrariamod:block/plants/grass/13","x":0,"y":0,"uvlock":false},{"model":"terrariamod:block/plants/grass/14","x":0,"y":0,"uvlock":false},{"model":"terrariamod:block/plants/grass/15","x":0,"y":0,"uvlock":false},{"model":"terrariamod:block/plants/grass/16","x":0,"y":0,"uvlock":false},{"model":"terrariamod:block/plants/grass/17","x":0,"y":0,"uvlock":false},{"model":"terrariamod:block/plants/grass/18","x":0,"y":0,"uvlock":false},{"model":"terrariamod:block/plants/grass/19","x":0,"y":0,"uvlock":false},{"model":"terrariamod:block/plants/grass/20","x":0,"y":0,"uvlock":false},{"model":"terrariamod:block/plants/grass/21","x":0,"y":0,"uvlock":false},{"model":"terrariamod:block/plants/grass/22","x":0,"y":0,"uvlock":false}],"attached=false,disarmed=true,east=true,north=true,powered=false,south=true,west=false":[{"model":"terrariamod:block/trees/saplings/forest/1","x":0,"y":0,"uvlock":false},{"model":"terrariamod:block/trees/saplings/forest/2","x":0,"y":0,"uvlock":false},{"model":"terrariamod:block/trees/saplings/forest/3","x":0,"y":0,"uvlock":false}],"attached=false,disarmed=true,east=true,north=true,powered=false,south=true,west=true":[{"model":"terrariamod:block/plants/glowing_mushroom","x":0,"y":0,"uvlock":false}],"attached=false,disarmed=true,east=true,north=true,powered=true,south=false,west=false":[{"model":"terrariamod:block/plants/herbs/shiverthorn","x":0,"y":0,"uvlock":false}],"attached=false,disarmed=true,east=true,north=true,powered=true,south=false,west=true":[{"model":"terrariamod:block/plants/jungle_spores","x":0,"y":0,"uvlock":false}],"attached=false,disarmed=true,east=true,north=true,powered=true,south=true,west=false":[{"model":"terrariamod:block/plants/dead_grass/01","x":0,"y":0,"uvlock":false},{"model":"terrariamod:block/plants/dead_grass/02","x":0,"y":0,"uvlock":false},{"model":"terrariamod:block/plants/dead_grass/03","x":0,"y":0,"uvlock":false},{"model":"terrariamod:block/plants/dead_grass/04","x":0,"y":0,"uvlock":false},{"model":"terrariamod:block/plants/dead_grass/05","x":0,"y":0,"uvlock":false},{"model":"terrariamod:block/plants/dead_grass/06","x":0,"y":0,"uvlock":false},{"model":"terrariamod:block/plants/dead_grass/07","x":0,"y":0,"uvlock":false},{"model":"terrariamod:block/plants/dead_grass/08","x":0,"y":0,"uvlock":false},{"model":"terrariamod:block/plants/dead_grass/09","x":0,"y":0,"uvlock":false},{"model":"terrariamod:block/plants/dead_grass/10","x":0,"y":0,"uvlock":false},{"model":"terrariamod:block/plants/dead_grass/11","x":0,"y":0,"uvlock":false},{"model":"terrariamod:block/plants/dead_grass/12","x":0,"y":0,"uvlock":false},{"model":"terrariamod:block/plants/dead_grass/13","x":0,"y":0,"uvlock":false},{"model":"terrariamod:block/plants/dead_grass/14","x":0,"y":0,"uvlock":false},{"model":"terrariamod:block/plants/dead_grass/15","x":0,"y":0,"uvlock":false},{"model":"terrariamod:block/plants/dead_grass/16","x":0,"y":0,"uvlock":false},{"model":"terrariamod:block/plants/dead_grass/17","x":0,"y":0,"uvlock":false},{"model":"terrariamod:block/plants/dead_grass/18","x":0,"y":0,"uvlock":false},{"model":"terrariamod:block/plants/dead_grass/19","x":0,"y":0,"uvlock":false},{"model":"terrariamod:block/plants/dead_grass/20","x":0,"y":0,"uvlock":false},{"model":"terrariamod:block/plants/dead_grass/21","x":0,"y":0,"uvlock":false},{"model":"terrariamod:block/plants/dead_grass/22","x":0,"y":0,"uvlock":false},{"model":"terrariamod:block/plants/dead_grass/23","x":0,"y":0,"uvlock":false},{"model":"terrariamod:block/plants/dead_grass/24","x":0,"y":0,"uvlock":false},{"model":"terrariamod:block/plants/dead_grass/25","x":0,"y":0,"uvlock":false},{"model":"terrariamod:block/plants/dead_grass/26","x":0,"y":0,"uvlock":false},{"model":"terrariamod:block/plants/dead_grass/27","x":0,"y":0,"uvlock":false},{"model":"terrariamod:block/plants/dead_grass/28","x":0,"y":0,"uvlock":false},{"model":"terrariamod:block/plants/dead_grass/29","x":0,"y":0,"uvlock":false},{"model":"terrariamod:block/plants/dead_grass/30","x":0,"y":0,"uvlock":false}],"attached=false,disarmed=true,east=true,north=true,powered=true,south=true,west=true":[{"model":"terrariamod:block/plants/herbs/fireblossom","x":0,"y":0,"uvlock":false}],"attached=true,disarmed=false,east=false,north=false,powered=true,south=false,west=false":[{"model":"terrariamod:block/plants/vicious_mushroom","x":0,"y":0,"uvlock":false}],"attached=true,disarmed=false,east=false,north=false,powered=true,south=false,west=true":[{"model":"terrariamod:block/plants/vile_mushroom","x":0,"y":0,"uvlock":false}],"attached=true,disarmed=false,east=false,north=false,powered=true,south=true,west=false":[{"model":"terrariamod:block/plants/herbs/deathweed","x":0,"y":0,"uvlock":false}],"attached=true,disarmed=false,east=false,north=false,powered=true,south=true,west=true":[{"model":"terrariamod:block/trees/saplings/corrupted/1","x":0,"y":0,"uvlock":false},{"model":"terrariamod:block/trees/saplings/corrupted/2","x":0,"y":0,"uvlock":false},{"model":"terrariamod:block/trees/saplings/corrupted/3","x":0,"y":0,"uvlock":false}],"attached=true,disarmed=false,east=false,north=true,powered=true,south=false,west=false":[{"model":"terrariamod:block/natural/life_crystal_block","x":0,"y":0,"uvlock":false}],"attached=true,disarmed=false,east=false,north=true,powered=true,south=false,west=true":[{"model":"terrariamod:block/plants/herbs/waterleaf","x":0,"y":0,"uvlock":false}],"attached=true,disarmed=false,east=false,north=true,powered=true,south=true,west=false":[{"model":"terrariamod:block/furniture/empty_bottle","x":0,"y":0,"uvlock":false}],"attached=true,disarmed=false,east=false,north=true,powered=true,south=true,west=true":[{"model":"ecotones:block/pinecone","x":0,"y":0,"uvlock":false}],"attached=true,disarmed=false,east=true,north=false,powered=true,south=false,west=false":[{"model":"ecotones:block/lichen/lichen_1","x":0,"y":0,"uvlock":false}],"attached=true,disarmed=false,east=true,north=false,powered=true,south=false,west=true":[{"model":"ecotones:block/lichen/lichen_1","x":0,"y":90,"uvlock":false}],"attached=true,disarmed=false,east=true,north=false,powered=true,south=true,west=false":[{"model":"ecotones:block/lichen/lichen_u","x":0,"y":0,"uvlock":false}],"attached=true,disarmed=false,east=true,north=false,powered=true,south=true,west=true":[{"model":"ecotones:block/lichen/lichen_1u","x":0,"y":90,"uvlock":false}],"attached=true,disarmed=false,east=true,north=true,powered=true,south=false,west=false":[{"model":"ecotones:block/lichen/lichen_1","x":0,"y":0,"uvlock":false}],"attached=true,disarmed=false,east=true,north=true,powered=true,south=false,west=true":[{"model":"ecotones:block/lichen/lichen_2","x":0,"y":180,"uvlock":false}],"attached=true,disarmed=false,east=true,north=true,powered=true,south=true,west=false":[{"model":"ecotones:block/lichen/lichen_1u","x":0,"y":0,"uvlock":false}],"attached=true,disarmed=false,east=true,north=true,powered=true,south=true,west=true":[{"model":"ecotones:block/lichen/lichen_2u","x":0,"y":180,"uvlock":false}],"attached=true,disarmed=true,east=false,north=false,powered=false,south=false,west=false":[{"model":"ecotones:block/lichen/lichen_1","x":0,"y":180,"uvlock":false}],"attached=true,disarmed=true,east=false,north=false,powered=false,south=false,west=true":[{"model":"ecotones:block/lichen/lichen_2","x":0,"y":270,"uvlock":false}],"attached=true,disarmed=true,east=false,north=false,powered=false,south=true,west=false":[{"model":"ecotones:block/lichen/lichen_1u","x":0,"y":180,"uvlock":false}],"attached=true,disarmed=true,east=false,north=false,powered=false,south=true,west=true":[{"model":"ecotones:block/lichen/lichen_2u","x":0,"y":270,"uvlock":false}],"attached=true,disarmed=true,east=false,north=false,powered=true,south=false,west=false":[{"model":"ecotones:block/lichen/lichen_2_opposite","x":0,"y":90,"uvlock":false}],"attached=true,disarmed=true,east=false,north=false,powered=true,south=false,west=true":[{"model":"ecotones:block/lichen/lichen_3","x":0,"y":180,"uvlock":false}],"attached=true,disarmed=true,east=false,north=false,powered=true,south=true,west=false":[{"model":"ecotones:block/lichen/lichen_2u_opposite","x":0,"y":90,"uvlock":false}],"attached=true,disarmed=true,east=false,north=false,powered=true,south=true,west=true":[{"model":"ecotones:block/lichen/lichen_3u","x":0,"y":180,"uvlock":false}],"attached=true,disarmed=true,east=false,north=true,powered=false,south=false,west=false":[{"model":"ecotones:block/lichen/lichen_1","x":0,"y":270,"uvlock":false}],"attached=true,disarmed=true,east=false,north=true,powered=false,south=false,west=true":[{"model":"ecotones:block/lichen/lichen_2_opposite","x":0,"y":0,"uvlock":false}],"attached=true,disarmed=true,east=false,north=true,powered=false,south=true,west=false":[{"model":"ecotones:block/lichen/lichen_1u","x":0,"y":270,"uvlock":false}],"attached=true,disarmed=true,east=false,north=true,powered=false,south=true,west=true":[{"model":"ecotones:block/lichen/lichen_2u_opposite","x":0,"y":0,"uvlock":false}],"attached=true,disarmed=true,east=false,north=true,powered=true,south=false,west=false":[{"model":"ecotones:block/lichen/lichen_2","x":0,"y":90,"uvlock":false}],"attached=true,disarmed=true,east=false,north=true,powered=true,south=false,west=true":[{"model":"ecotones:block/lichen/lichen_3","x":0,"y":90,"uvlock":false}],"attached=true,disarmed=true,east=false,north=true,powered=true,south=true,west=false":[{"model":"ecotones:block/lichen/lichen_2u","x":0,"y":90,"uvlock":false}],"attached=true,disarmed=true,east=false,north=true,powered=true,south=true,west=true":[{"model":"ecotones:block/lichen/lichen_3u","x":0,"y":90,"uvlock":false}],"attached=true,disarmed=true,east=true,north=false,powered=false,south=false,west=false":[{"model":"ecotones:block/lichen/lichen_2","x":0,"y":0,"uvlock":false}],"attached=true,disarmed=true,east=true,north=false,powered=false,south=false,west=true":[{"model":"ecotones:block/lichen/lichen_3","x":0,"y":270,"uvlock":false}],"attached=true,disarmed=true,east=true,north=false,powered=false,south=true,west=false":[{"model":"ecotones:block/lichen/lichen_2u","x":0,"y":0,"uvlock":false}],"attached=true,disarmed=true,east=true,north=false,powered=false,south=true,west=true":[{"model":"ecotones:block/lichen/lichen_3u","x":0,"y":270,"uvlock":false}],"attached=true,disarmed=true,east=true,north=false,powered=true,south=false,west=false":[{"model":"ecotones:block/lichen/lichen_3","x":0,"y":0,"uvlock":false}],"attached=true,disarmed=true,east=true,north=false,powered=true,south=false,west=true":[{"model":"ecotones:block/lichen/lichen_4","x":0,"y":0,"uvlock":false}],"attached=true,disarmed=true,east=true,north=false,powered=true,south=true,west=false":[{"model":"ecotones:block/lichen/lichen_3u","x":0,"y":0,"uvlock":false}],"attached=true,disarmed=true,east=true,north=false,powered=true,south=true,west=true":[{"model":"ecotones:block/lichen/lichen_4u","x":0,"y":0,"uvlock":false}],"attached=true,disarmed=true,east=true,north=true,powered=false,south=false,west=false":[{"model":"ecotones:block/poofy_dandelion","x":0,"y":0,"uvlock":false}],"attached=true,disarmed=true,east=true,north=true,powered=false,south=false,west=true":[{"model":"ecotones:block/hazel_sapling","x":0,"y":0,"uvlock":false}],"attached=true,disarmed=true,east=true,north=true,powered=false,south=true,west=false":[{"model":"ecotones:block/small_shrub","x":0,"y":0,"uvlock":false}],"attached=true,disarmed=true,east=true,north=true,powered=false,south=true,west=true":[{"model":"ecotones:block/flame_lily","x":0,"y":0,"uvlock":false}],"attached=true,disarmed=true,east=true,north=true,powered=true,south=false,west=false":[{"model":"ecotones:block/rosemary/rosemary","x":0,"y":0,"uvlock":false}],"attached=true,disarmed=true,east=true,north=true,powered=true,south=false,west=true":[{"model":"ecotones:block/rosemary/rosemary_flowering","x":0,"y":0,"uvlock":false}],"attached=true,disarmed=true,east=true,north=true,powered=true,south=true,west=false":[{"model":"ecotones:block/reeds","x":0,"y":0,"uvlock":false}],"attached=true,disarmed=true,east=true,north=true,powered=true,south=true,west=true":[{"model":"ecotones:block/moss","x":0,"y":0,"uvlock":false}]}}