{"variants":{"type=bottom,waterlogged=false":[{"model":"create:block/cut_scorchia_slab","x":0,"y":0,"uvlock":false}],"type=bottom,waterlogged=true":[{"model":"create:block/cut_scorchia_slab","x":0,"y":0,"uvlock":false}],"type=double,waterlogged=false":[{"model":"create:block/andesite_pillar","x":0,"y":0,"uvlock":false}],"type=double,waterlogged=true":[{"model":"create:block/andesite_pillar","x":0,"y":0,"uvlock":false}],"type=top,waterlogged=false":[{"model":"create:block/cut_scorchia_slab_top","x":0,"y":0,"uvlock":false}],"type=top,waterlogged=true":[{"model":"create:block/cut_scorchia_slab_top","x":0,"y":0,"uvlock":false}]}}