{"variants":{"type=bottom,waterlogged=false":[{"model":"amarite:block/amethyst_brick_slab","x":0,"y":0,"uvlock":false}],"type=bottom,waterlogged=true":[{"model":"amarite:block/amethyst_brick_slab","x":0,"y":0,"uvlock":false}],"type=double,waterlogged=false":[{"model":"architecture_extensions:block/architecture_extensions/debuggy_block_arch_outer","x":180,"y":270,"uvlock":true}],"type=double,waterlogged=true":[{"model":"architecture_extensions:block/architecture_extensions/debuggy_block_arch_inner","x":180,"y":0,"uvlock":true}],"type=top,waterlogged=false":[{"model":"amarite:block/amethyst_brick_slab_top","x":0,"y":0,"uvlock":false}],"type=top,waterlogged=true":[{"model":"amarite:block/amethyst_brick_slab_top","x":0,"y":0,"uvlock":false}]}}