{"variants":{"age=10":[{"model":"peculiarpieces:block/living_ladder","x":0,"y":0,"uvlock":false}],"age=11":[{"model":"peculiarpieces:block/living_ladder","x":0,"y":0,"uvlock":false}],"age=12":[{"model":"peculiarpieces:block/living_ladder","x":0,"y":180,"uvlock":false}],"age=13":[{"model":"peculiarpieces:block/living_ladder","x":0,"y":180,"uvlock":false}],"age=14":[{"model":"peculiarpieces:block/living_ladder","x":0,"y":180,"uvlock":false}],"age=15":[{"model":"peculiarpieces:block/living_ladder","x":0,"y":180,"uvlock":false}],"age=16":[{"model":"peculiarpieces:block/living_ladder","x":0,"y":270,"uvlock":false}],"age=17":[{"model":"peculiarpieces:block/living_ladder","x":0,"y":270,"uvlock":false}],"age=18":[{"model":"peculiarpieces:block/living_ladder","x":0,"y":270,"uvlock":false}],"age=19":[{"model":"peculiarpieces:block/living_ladder","x":0,"y":270,"uvlock":false}],"age=20":[{"model":"peculiarpieces:block/living_ladder","x":0,"y":90,"uvlock":false}],"age=21":[{"model":"peculiarpieces:block/living_ladder","x":0,"y":90,"uvlock":false}],"age=22":[{"model":"peculiarpieces:block/living_ladder","x":0,"y":90,"uvlock":false}],"age=23":[{"model":"peculiarpieces:block/living_ladder","x":0,"y":90,"uvlock":false}],"age=24":[{"model":"befoul:block/lumen_stem_plant","x":0,"y":0,"uvlock":false}],"age=25":[{"model":"befoul:block/lumen_stem_plant","x":0,"y":0,"uvlock":false}],"age=8":[{"model":"peculiarpieces:block/living_ladder","x":0,"y":0,"uvlock":false}],"age=9":[{"model":"peculiarpieces:block/living_ladder","x":0,"y":0,"uvlock":false}]}}