{"bi_heart":"","trans_heart":"","pan_heart":"","vincian_heart":"","neurodiversity_heart":"","genderfluid_heart":"","whyfest":"","aroace_heart":"","lil_pineapple":"","yeefuckinghaw":"","demi_heart":"","agender_heart":"","pineapple":"","queer_heart":"","genderflux_heart":"","ace_heart":"","winnger":"","blanketcon":"","modfest-generic":"","blob_waaaaa":"","ohno":"","queer_prog_heart":"","nb_heart":"","uh":"","lesbian_heart":"","intersex_heart":"","furry_pride":"","femboy_heart":"","plural_heart":"","aro_heart":"","genderqueer_heart":""}