{
  "edible": {
    "item": "atlaslisbon:pastel_de_nata"
  },
  "rules": [
    {
      "from": [
        "minecraft:overworld"
      ],
      "default": {
        "world": "minecraft:overworld"
      },
      "destinations": {
        "edible_pekhui": {
          "message": "group",
          "pos": [
            -198,
            71,
            -331
          ]
        },
        "switchy": {
          "message": "booth",
          "pos": [
            -179,
            71,
            -333
          ]
        },
        "mycoturgy": {
          "message": "booth",
          "pos": [
            -160,
            71,
            -331
          ]
        },
        "aurora": {
          "message": "booth",
          "pos": [
            -120,
            71,
            -330
          ]
        },
        "engination": {
          "message": "booth",
          "pos": [
            -65,
            66,
            -316
          ]
        },
        "mythic_metals": {
          "message": "booth",
          "pos": [
            -30,
            66,
            -300
          ]
        },
        "foxboxmanufacturing": {
          "message": "booth",
          "pos": [
            -133,
            66,
            -282
          ]
        },
        "succ": {
          "message": "booth",
          "pos": [
            -145,
            66,
            -248
          ]
        },
        "portalcubed": {
          "message": "booth",
          "pos": [
            -161,
            66,
            -263
          ]
        },
        "simply_starminer": {
          "message": "booth",
          "pos": [
            -160,
            66,
            -219
          ]
        },
        "discarnate": {
          "message": "booth",
          "pos": [
            -148,
            66,
            -216
          ]
        },
        "phonos": {
          "message": "booth",
          "pos": [
            -192,
            66,
            -272
          ]
        },
        "drawers_networking": {
          "message": "group",
          "pos": [
            -206,
            66,
            -266
          ]
        },
        "shadowitems": {
          "message": "booth",
          "pos": [
            -226,
            66,
            -273
          ]
        },
        "terracotta_knights": {
          "message": "booth",
          "pos": [
            -238,
            66,
            -271
          ]
        },
        "luckyducks": {
          "message": "booth",
          "pos": [
            -260,
            66,
            -272
          ]
        },
        "excorrelation_yttr": {
          "message": "group",
          "pos": [
            -245,
            66,
            -258
          ]
        },
        "emi": {
          "message": "booth",
          "pos": [
            -242,
            66,
            -242
          ]
        },
        "hexstuff": {
          "message": "group",
          "pos": [
            -272,
            66,
            -250
          ]
        },
        "hotm": {
          "message": "booth",
          "pos": [
            -305,
            66,
            -273
          ]
        },
        "calibrated_printer": {
          "message": "group",
          "pos": [
            -337,
            66,
            -272
          ]
        },
        "consistencyplus": {
          "message": "booth",
          "pos": [
            -384,
            66,
            -273
          ]
        },
        "unlimitedperipheralworks": {
          "message": "booth",
          "pos": [
            -276,
            66,
            -303
          ]
        },
        "cccbridge_lighty": {
          "message": "group",
          "pos": [
            -280,
            69,
            -328
          ]
        },
        "cactusfix": {
          "message": "booth",
          "pos": [
            -271,
            69,
            -341
          ]
        },
        "plethora": {
          "message": "booth",
          "pos": [
            -262,
            66,
            -316
          ]
        },
        "arcpocalypse": {
          "message": "booth",
          "pos": [
            -284,
            69,
            -348
          ]
        },
        "honk": {
          "message": "booth",
          "pos": [
            -270,
            69,
            -353
          ]
        },
        "hazard_diamond": {
          "message": "booth",
          "pos": [
            -308,
            69,
            -382
          ]
        }
      }
    }
  ]
}
