{"parent":"minecraft:item/generated","textures":{"layer0":"minecraft:item/apple"},"overrides":[{"predicate":{"custom_model_data":1.0},"model":"promenade:item/apricot"},{"predicate":{"custom_model_data":2.0},"model":"sandwichable:item/chopped_beetroot"},{"predicate":{"custom_model_data":3.0},"model":"promenade:item/duck"},{"predicate":{"custom_model_data":4.0},"model":"sandwichable:item/fermenting_milk_bucket"},{"predicate":{"custom_model_data":5.0},"model":"minecraft:item/barrier"},{"predicate":{"custom_model_data":6.0},"model":"minecraft:item/barrier"},{"predicate":{"custom_model_data":7.0},"model":"softerpastels:item/green_taffy"},{"predicate":{"custom_model_data":8.0},"model":"sandwichable:item/intoxicating_cheese_slice"},{"predicate":{"custom_model_data":9.0},"model":"sandwichable:item/mayonnaise_bottle"},{"predicate":{"custom_model_data":10.0},"model":"sandwichable:item/pickle_chips"},{"predicate":{"custom_model_data":11.0},"model":"sandwichable:item/sandwich"},{"predicate":{"custom_model_data":12.0},"model":"softerpastels:item/white_taffy"}]}