{"parent": "minecraft:item/generated", "textures": {"layer0": "minecraft:item/baked_potato"}, "overrides": [{"predicate": {"custom_model_data": 1.0}, "model": "minecraft:item/barrier"}, {"predicate": {"custom_model_data": 2.0}, "model": "sandwichable:item/chopped_onion"}, {"predicate": {"custom_model_data": 3.0}, "model": "pswg:item/cooked_bantha_chop"}, {"predicate": {"custom_model_data": 4.0}, "model": "pswg:item/dewback_omelette"}, {"predicate": {"custom_model_data": 5.0}, "model": "minecraft:item/barrier"}, {"predicate": {"custom_model_data": 6.0}, "model": "pswg:item/pallie_fruit"}, {"predicate": {"custom_model_data": 7.0}, "model": "sandwichable:item/tomato"}]}