{"parent": "minecraft:item/generated", "textures": {"layer0": "minecraft:item/beef"}, "overrides": [{"predicate": {"custom_model_data": 1.0}, "model": "pswg:item/blue_yogurt"}, {"predicate": {"custom_model_data": 2.0}, "model": "pswg:item/cooked_mynock_wing"}, {"predicate": {"custom_model_data": 3.0}, "model": "minecraft:item/barrier"}, {"predicate": {"custom_model_data": 4.0}, "model": "softerpastels:item/magenta_taffy"}, {"predicate": {"custom_model_data": 5.0}, "model": "moue_milkshakes:item/strawberry_juice"}]}