{"parent": "minecraft:item/generated", "textures": {"layer0": "minecraft:item/beetroot"}, "overrides": [{"predicate": {"custom_model_data": 1.0}, "model": "sandwichable:item/chopped_carrot"}, {"predicate": {"custom_model_data": 2.0}, "model": "sandwichable:item/cod_filet"}, {"predicate": {"custom_model_data": 3.0}, "model": "sandwichable:item/enchanted_golden_apple_slices"}, {"predicate": {"custom_model_data": 4.0}, "model": "sandwichable:item/intoxicating_cheese_wheel"}, {"predicate": {"custom_model_data": 5.0}, "model": "pswg:item/krayt_meat"}, {"predicate": {"custom_model_data": 6.0}, "model": "sandwichable:item/lettuce_head"}, {"predicate": {"custom_model_data": 7.0}, "model": "sandwichable:item/spread"}, {"predicate": {"custom_model_data": 7.0, "sandwichable:loaf_shape": 1.0}, "model": "sandwichable:item/spread_bread_loaf"}]}