{"parent": "minecraft:item/handheld", "textures": {"layer0": "minecraft:item/blaze_rod"}, "overrides": [{"predicate": {"computercraft:coloured": 0.0, "computercraft:state": 0.0, "custom_model_data": 69.0}, "model": "computercraft:item/pocket_computer_normal"}, {"predicate": {"computercraft:coloured": 0.0, "computercraft:state": 1.0, "custom_model_data": 69.0}, "model": "computercraft:item/pocket_computer_normal_on"}, {"predicate": {"computercraft:coloured": 0.0, "computercraft:state": 2.0, "custom_model_data": 69.0}, "model": "computercraft:item/pocket_computer_normal_blinking"}, {"predicate": {"computercraft:coloured": 1.0, "computercraft:state": 0.0, "custom_model_data": 69.0}, "model": "computercraft:item/pocket_computer_colour"}, {"predicate": {"computercraft:coloured": 1.0, "computercraft:state": 1.0, "custom_model_data": 69.0}, "model": "computercraft:item/pocket_computer_colour_on"}, {"predicate": {"computercraft:coloured": 1.0, "computercraft:state": 2.0, "custom_model_data": 69.0}, "model": "computercraft:item/pocket_computer_colour_blinking"}, {"predicate": {"custom_model_data": 1.0}, "model": "sandwichable:item/acacia_cutting_board"}, {"predicate": {"custom_model_data": 2.0}, "model": "mythicmetals:item/aquarium_nugget"}, {"predicate": {"custom_model_data": 3.0}, "model": "amarite:item/axolotl_mask"}, {"predicate": {"custom_model_data": 4.0}, "model": "aurorasdeco:item/azalea_boat"}, {"predicate": {"custom_model_data": 5.0}, "model": "aurorasdeco:item/azalea_door"}, {"predicate": {"custom_model_data": 6.0}, "model": "aurorasdeco:item/azalea_planks"}, {"predicate": {"custom_model_data": 7.0}, "model": "aurorasdeco:item/azalea_slab"}, {"predicate": {"custom_model_data": 8.0}, "model": "aurorasdeco:item/azalea_wood"}, {"predicate": {"custom_model_data": 9.0}, "model": "peculiarpieces:item/bouncy_boots"}, {"predicate": {"custom_model_data": 10.0}, "model": "mythicmetals:item/bronze_ingot"}, {"predicate": {"custom_model_data": 11.0}, "model": "mythicmetals:item/carmot_nugget"}, {"predicate": {"custom_model_data": 12.0}, "model": "sandwichable:item/cherry_cutting_board"}, {"predicate": {"custom_model_data": 13.0}, "model": "terrariamod:item/copper_axe"}, {"predicate": {"custom_model_data": 14.0}, "model": "consistency_plus:item/copper_nugget"}, {"predicate": {"custom_model_data": 15.0}, "model": "promenade:item/cotton_sakura_sapling"}, {"predicate": {"custom_model_data": 16.0}, "model": "create:item/crushed_raw_gold"}, {"predicate": {"custom_model_data": 17.0}, "model": "sandwichable:item/dark_oak_cutting_board"}, {"predicate": {"custom_model_data": 18.0}, "model": "terrariamod:item/demonite_bar"}, {"predicate": {"custom_model_data": 19.0}, "model": "wwizardry:item/denia_fence_gate"}, {"predicate": {"custom_model_data": 20.0}, "model": "wwizardry:item/denia_log"}, {"predicate": {"custom_model_data": 21.0}, "model": "wwizardry:item/denia_stairs"}, {"predicate": {"custom_model_data": 22.0}, "model": "fabricaeexnihilo:item/doll_blaze"}, {"predicate": {"custom_model_data": 23.0}, "model": "toomanyorigins:item/dragon_fireball"}, {"predicate": {"custom_model_data": 24.0}, "model": "hexcasting:item/edified_door"}, {"predicate": {"custom_model_data": 25.0}, "model": "hexcasting:item/edified_log_aventurine"}, {"predicate": {"custom_model_data": 26.0}, "model": "hexcasting:item/edified_panel"}, {"predicate": {"custom_model_data": 27.0}, "model": "hexcasting:item/edified_slab"}, {"predicate": {"custom_model_data": 28.0}, "model": "hexcasting:item/edified_trapdoor"}, {"predicate": {"custom_model_data": 29.0}, "model": "fabricaeexnihilo:item/emerald_mesh"}, {"predicate": {"custom_model_data": 30.0}, "model": "pswg:item/exonium"}, {"predicate": {"custom_model_data": 31.0}, "model": "minecraft:item/barrier"}, {"predicate": {"custom_model_data": 32.0}, "model": "aurorasdeco:item/flowering_azalea_wood"}, {"predicate": {"custom_model_data": 33.0}, "model": "create:item/golden_sheet"}, {"predicate": {"custom_model_data": 34.0}, "model": "simply_starminer:item/gravity_anchor_south"}, {"predicate": {"custom_model_data": 35.0}, "model": "pswg:item/green_heavy_backpack"}, {"predicate": {"custom_model_data": 36.0}, "model": "patchouli:item/guide_book"}, {"predicate": {"custom_model_data": 37.0}, "model": "terrariamod:item/iron_shortsword"}, {"predicate": {"custom_model_data": 38.0}, "model": "aurorasdeco:item/jacaranda_chest_boat"}, {"predicate": {"custom_model_data": 39.0}, "model": "aurorasdeco:item/jacaranda_log"}, {"predicate": {"custom_model_data": 40.0}, "model": "aurorasdeco:item/jacaranda_sapling"}, {"predicate": {"custom_model_data": 41.0}, "model": "aurorasdeco:item/jacaranda_stairs"}, {"predicate": {"custom_model_data": 42.0}, "model": "pswg:item/japor_wood"}, {"predicate": {"custom_model_data": 43.0}, "model": "pswg:item/laa_bucket"}, {"predicate": {"custom_model_data": 44.0}, "model": "hexcasting:item/lens"}, {"predicate": {"custom_model_data": 45.0}, "model": "wood_you_dye:item/light_blue_planks"}, {"predicate": {"custom_model_data": 46.0}, "model": "wiredredstone:item/light_gray_bundled_cable"}, {"predicate": {"custom_model_data": 47.0}, "model": "consistency_plus:item/light_gray_glazed_terracotta_brick"}, {"predicate": {"custom_model_data": 48.0}, "model": "minecraft:item/barrier"}, {"predicate": {"custom_model_data": 49.0}, "model": "pswg:item/lizard_gizzard"}, {"predicate": {"custom_model_data": 50.0}, "model": "yttr:item/magcapsule"}, {"predicate": {"custom_model_data": 51.0}, "model": "promenade:item/maple_boat"}, {"predicate": {"custom_model_data": 52.0}, "model": "promenade:item/maple_door"}, {"predicate": {"custom_model_data": 53.0}, "model": "promenade:item/maple_hanging_sign"}, {"predicate": {"custom_model_data": 54.0}, "model": "promenade:item/maple_planks"}, {"predicate": {"custom_model_data": 55.0}, "model": "promenade:item/maple_slab"}, {"predicate": {"custom_model_data": 56.0}, "model": "promenade:item/mikado_maple_sapling"}, {"predicate": {"custom_model_data": 57.0}, "model": "mythicmetals:item/morkite_block"}, {"predicate": {"custom_model_data": 58.0}, "model": "pswg:item/mossy_sequoia_log"}, {"predicate": {"custom_model_data": 59.0}, "model": "exco:item/music_disc_sacrecharlemagne"}, {"predicate": {"custom_model_data": 60.0}, "model": "wood_you_dye:item/orange_planks"}, {"predicate": {"custom_model_data": 61.0}, "model": "promenade:item/palm_boat"}, {"predicate": {"custom_model_data": 62.0}, "model": "promenade:item/palm_door"}, {"predicate": {"custom_model_data": 63.0}, "model": "promenade:item/palm_log"}, {"predicate": {"custom_model_data": 64.0}, "model": "tropics:item/palm_planks"}, {"predicate": {"custom_model_data": 65.0}, "model": "promenade:item/palm_sapling"}, {"predicate": {"custom_model_data": 66.0}, "model": "promenade:item/palm_stairs"}, {"predicate": {"custom_model_data": 67.0}, "model": "consistency_plus:item/pink_terracotta_brick"}, {"predicate": {"custom_model_data": 68.0}, "model": "pswg:item/plasteel_rod"}, {"predicate": {"custom_model_data": 69.0}, "model": "computercraft:item/pocket_computer_normal"}, {"predicate": {"custom_model_data": 70.0}, "model": "portable_tables:item/portable_grindstone"}, {"predicate": {"custom_model_data": 71.0}, "model": "peculiarpieces:item/position_trap"}, {"predicate": {"custom_model_data": 72.0}, "model": "hexcasting:item/pride_colorizer_intersex"}, {"predicate": {"custom_model_data": 73.0}, "model": "fabricaeexnihilo:item/raw_tin_piece"}, {"predicate": {"custom_model_data": 74.0}, "model": "wood_you_dye:item/red_planks"}, {"predicate": {"custom_model_data": 75.0}, "model": "mythicmetals:item/runite_nugget"}, {"predicate": {"custom_model_data": 76.0}, "model": "promenade:item/sakura_button"}, {"predicate": {"custom_model_data": 77.0}, "model": "promenade:item/sakura_fence"}, {"predicate": {"custom_model_data": 78.0}, "model": "promenade:item/sakura_log"}, {"predicate": {"custom_model_data": 79.0}, "model": "promenade:item/sakura_sign"}, {"predicate": {"custom_model_data": 80.0}, "model": "promenade:item/sakura_trapdoor"}, {"predicate": {"custom_model_data": 81.0}, "model": "scriptor:item/scrap"}, {"predicate": {"custom_model_data": 82.0}, "model": "aurorasdeco:item/seat_rest/promenade/sakura"}, {"predicate": {"custom_model_data": 83.0}, "model": "dramaticdoors:item/short_acacia_door"}, {"predicate": {"custom_model_data": 84.0}, "model": "dramaticdoors:item/short_aether_skyroot_door"}, {"predicate": {"custom_model_data": 85.0}, "model": "dramaticdoors:item/short_apricorn_door"}, {"predicate": {"custom_model_data": 86.0}, "model": "dramaticdoors:item/short_bamboo_glass_door"}, {"predicate": {"custom_model_data": 87.0}, "model": "dramaticdoors:item/short_birch_door"}, {"predicate": {"custom_model_data": 88.0}, "model": "dramaticdoors:item/short_blockus_paper_door"}, {"predicate": {"custom_model_data": 89.0}, "model": "dramaticdoors:item/short_bloodshroom_door"}, {"predicate": {"custom_model_data": 90.0}, "model": "dramaticdoors:item/short_bm_swamp_cypress_door"}, {"predicate": {"custom_model_data": 91.0}, "model": "dramaticdoors:item/short_bright_azalea_door"}, {"predicate": {"custom_model_data": 92.0}, "model": "dramaticdoors:item/short_byg_aspen_door"}, {"predicate": {"custom_model_data": 93.0}, "model": "dramaticdoors:item/short_byg_bulbis_door"}, {"predicate": {"custom_model_data": 94.0}, "model": "dramaticdoors:item/short_byg_cypress_door"}, {"predicate": {"custom_model_data": 95.0}, "model": "dramaticdoors:item/short_byg_ether_door"}, {"predicate": {"custom_model_data": 96.0}, "model": "dramaticdoors:item/short_byg_green_enchanted_door"}, {"predicate": {"custom_model_data": 97.0}, "model": "dramaticdoors:item/short_byg_ironwood_door"}, {"predicate": {"custom_model_data": 98.0}, "model": "dramaticdoors:item/short_byg_mahogany_door"}, {"predicate": {"custom_model_data": 99.0}, "model": "dramaticdoors:item/short_byg_palm_door"}, {"predicate": {"custom_model_data": 100.0}, "model": "dramaticdoors:item/short_byg_redwood_door"}, {"predicate": {"custom_model_data": 101.0}, "model": "dramaticdoors:item/short_byg_sythian_door"}, {"predicate": {"custom_model_data": 102.0}, "model": "dramaticdoors:item/short_byg_witch_hazel_door"}, {"predicate": {"custom_model_data": 103.0}, "model": "dramaticdoors:item/short_ceiltrunk_door"}, {"predicate": {"custom_model_data": 104.0}, "model": "dramaticdoors:item/short_cherry_door"}, {"predicate": {"custom_model_data": 105.0}, "model": "dramaticdoors:item/short_darkwood_door"}, {"predicate": {"custom_model_data": 106.0}, "model": "dramaticdoors:item/short_echo_door"}, {"predicate": {"custom_model_data": 107.0}, "model": "dramaticdoors:item/short_eco_flowering_azalea_door"}, {"predicate": {"custom_model_data": 108.0}, "model": "dramaticdoors:item/short_elder_door"}, {"predicate": {"custom_model_data": 109.0}, "model": "dramaticdoors:item/short_ge_cypress_door"}, {"predicate": {"custom_model_data": 110.0}, "model": "dramaticdoors:item/short_glacian_door"}, {"predicate": {"custom_model_data": 111.0}, "model": "dramaticdoors:item/short_greenheart_door"}, {"predicate": {"custom_model_data": 112.0}, "model": "dramaticdoors:item/short_jungle_door"}, {"predicate": {"custom_model_data": 113.0}, "model": "dramaticdoors:item/short_luzawood_door"}, {"predicate": {"custom_model_data": 114.0}, "model": "dramaticdoors:item/short_minewood_door"}, {"predicate": {"custom_model_data": 115.0}, "model": "dramaticdoors:item/short_mystical_oak_door"}, {"predicate": {"custom_model_data": 116.0}, "model": "dramaticdoors:item/short_oak_glass_door"}, {"predicate": {"custom_model_data": 117.0}, "model": "dramaticdoors:item/short_promenade_palm_door"}, {"predicate": {"custom_model_data": 118.0}, "model": "dramaticdoors:item/short_rue_brimwood_door"}, {"predicate": {"custom_model_data": 119.0}, "model": "dramaticdoors:item/short_rue_dead_door"}, {"predicate": {"custom_model_data": 120.0}, "model": "dramaticdoors:item/short_rue_larch_door"}, {"predicate": {"custom_model_data": 121.0}, "model": "dramaticdoors:item/short_rue_palm_door"}, {"predicate": {"custom_model_data": 122.0}, "model": "dramaticdoors:item/short_rue_willow_door"}, {"predicate": {"custom_model_data": 123.0}, "model": "dramaticdoors:item/short_sortingwood_door"}, {"predicate": {"custom_model_data": 124.0}, "model": "dramaticdoors:item/short_spruce_door"}, {"predicate": {"custom_model_data": 125.0}, "model": "dramaticdoors:item/short_tecal_azalea_door"}, {"predicate": {"custom_model_data": 126.0}, "model": "dramaticdoors:item/short_terrestria_cypress_door"}, {"predicate": {"custom_model_data": 127.0}, "model": "dramaticdoors:item/short_terrestria_rainbow_eucalyptus_door"}, {"predicate": {"custom_model_data": 128.0}, "model": "dramaticdoors:item/short_terrestria_sakura_door"}, {"predicate": {"custom_model_data": 129.0}, "model": "dramaticdoors:item/short_towerwood_door"}, {"predicate": {"custom_model_data": 130.0}, "model": "dramaticdoors:item/short_twilight_mangrove_door"}, {"predicate": {"custom_model_data": 131.0}, "model": "dramaticdoors:item/short_whistlecane_door"}, {"predicate": {"custom_model_data": 132.0}, "model": "dramaticdoors:item/short_ww_palm_door"}, {"predicate": {"custom_model_data": 133.0}, "model": "aurorasdeco:item/sign_post/promenade/sakura"}, {"predicate": {"custom_model_data": 134.0}, "model": "minecraft:item/barrier"}, {"predicate": {"custom_model_data": 135.0}, "model": "icyincitement:item/snowball_sprinkler"}, {"predicate": {"custom_model_data": 135.0, "icyincitement:charge": 0.0, "icyincitement:filled": 1.0}, "model": "icyincitement:item/snowball_sprinkler_0"}, {"predicate": {"custom_model_data": 135.0, "icyincitement:charge": 0.1, "icyincitement:filled": 1.0}, "model": "icyincitement:item/snowball_sprinkler_1"}, {"predicate": {"custom_model_data": 135.0, "icyincitement:charge": 0.4, "icyincitement:filled": 1.0}, "model": "icyincitement:item/snowball_sprinkler_2"}, {"predicate": {"custom_model_data": 135.0, "icyincitement:charge": 0.75, "icyincitement:filled": 1.0}, "model": "icyincitement:item/snowball_sprinkler_3"}, {"predicate": {"custom_model_data": 136.0}, "model": "turtlematic:item/soul_scrapper"}, {"predicate": {"custom_model_data": 137.0}, "model": "milk:item/splash_milk_bottle"}, {"predicate": {"custom_model_data": 138.0}, "model": "hexcasting:item/staff/birch"}, {"predicate": {"custom_model_data": 139.0}, "model": "turtlematic:item/starbound_brewing_automata_core"}, {"predicate": {"custom_model_data": 140.0}, "model": "aurorasdeco:item/stripped_azalea_log"}, {"predicate": {"custom_model_data": 141.0}, "model": "hexcasting:item/stripped_edified_log"}, {"predicate": {"custom_model_data": 142.0}, "model": "aurorasdeco:item/stripped_jacaranda_wood"}, {"predicate": {"custom_model_data": 143.0}, "model": "promenade:item/stripped_maple_wood"}, {"predicate": {"custom_model_data": 144.0}, "model": "promenade:item/stripped_palm_log"}, {"predicate": {"custom_model_data": 145.0}, "model": "pswg:item/stripped_sequoia_log"}, {"predicate": {"custom_model_data": 146.0}, "model": "dramaticdoors:item/tall_aeronos_door"}, {"predicate": {"custom_model_data": 147.0}, "model": "dramaticdoors:item/tall_bamboo_door"}, {"predicate": {"custom_model_data": 148.0}, "model": "dramaticdoors:item/tall_be_dry_bamboo_door"}, {"predicate": {"custom_model_data": 149.0}, "model": "dramaticdoors:item/tall_blockus_bamboo_door"}, {"predicate": {"custom_model_data": 150.0}, "model": "dramaticdoors:item/tall_blockus_white_oak_door"}, {"predicate": {"custom_model_data": 151.0}, "model": "dramaticdoors:item/tall_bm_blighted_balsa_door"}, {"predicate": {"custom_model_data": 152.0}, "model": "dramaticdoors:item/tall_bw_cypress_door"}, {"predicate": {"custom_model_data": 153.0}, "model": "dramaticdoors:item/tall_byg_blue_enchanted_door"}, {"predicate": {"custom_model_data": 154.0}, "model": "dramaticdoors:item/tall_byg_cika_door"}, {"predicate": {"custom_model_data": 155.0}, "model": "dramaticdoors:item/tall_byg_embur_door"}, {"predicate": {"custom_model_data": 156.0}, "model": "dramaticdoors:item/tall_byg_florus_door"}, {"predicate": {"custom_model_data": 157.0}, "model": "dramaticdoors:item/tall_byg_imparius_door"}, {"predicate": {"custom_model_data": 158.0}, "model": "dramaticdoors:item/tall_byg_lament_door"}, {"predicate": {"custom_model_data": 159.0}, "model": "dramaticdoors:item/tall_byg_nightshade_door"}, {"predicate": {"custom_model_data": 160.0}, "model": "dramaticdoors:item/tall_byg_rainbow_eucalyptus_door"}, {"predicate": {"custom_model_data": 161.0}, "model": "dramaticdoors:item/tall_byg_soul_shroom_door"}, {"predicate": {"custom_model_data": 162.0}, "model": "dramaticdoors:item/tall_byg_willow_door"}, {"predicate": {"custom_model_data": 163.0}, "model": "dramaticdoors:item/tall_canopy_door"}, {"predicate": {"custom_model_data": 164.0}, "model": "dramaticdoors:item/tall_charm_ebony_door"}, {"predicate": {"custom_model_data": 165.0}, "model": "dramaticdoors:item/tall_chipped_barred_birch_door"}, {"predicate": {"custom_model_data": 166.0}, "model": "dramaticdoors:item/tall_chipped_barred_jungle_door"}, {"predicate": {"custom_model_data": 167.0}, "model": "dramaticdoors:item/tall_chipped_barred_spruce_door"}, {"predicate": {"custom_model_data": 168.0}, "model": "dramaticdoors:item/tall_chipped_beach_birch_door"}, {"predicate": {"custom_model_data": 169.0}, "model": "dramaticdoors:item/tall_chipped_beach_mangrove_door"}, {"predicate": {"custom_model_data": 170.0}, "model": "dramaticdoors:item/tall_chipped_boarded_mangrove_door"}, {"predicate": {"custom_model_data": 171.0}, "model": "dramaticdoors:item/tall_chipped_dual_paneled_acacia_door"}, {"predicate": {"custom_model_data": 172.0}, "model": "dramaticdoors:item/tall_chipped_dual_paneled_dark_oak_door"}, {"predicate": {"custom_model_data": 173.0}, "model": "dramaticdoors:item/tall_chipped_dual_paneled_oak_door"}, {"predicate": {"custom_model_data": 174.0}, "model": "dramaticdoors:item/tall_chipped_fortified_acacia_door"}, {"predicate": {"custom_model_data": 175.0}, "model": "dramaticdoors:item/tall_chipped_fortified_dark_oak_door"}, {"predicate": {"custom_model_data": 176.0}, "model": "dramaticdoors:item/tall_chipped_fortified_oak_door"}, {"predicate": {"custom_model_data": 177.0}, "model": "dramaticdoors:item/tall_chipped_gated_acacia_door"}, {"predicate": {"custom_model_data": 178.0}, "model": "dramaticdoors:item/tall_chipped_gated_dark_oak_door"}, {"predicate": {"custom_model_data": 179.0}, "model": "dramaticdoors:item/tall_chipped_gated_oak_door"}, {"predicate": {"custom_model_data": 180.0}, "model": "dramaticdoors:item/tall_chipped_glass_acacia_door"}, {"predicate": {"custom_model_data": 181.0}, "model": "dramaticdoors:item/tall_chipped_glass_dark_oak_door"}, {"predicate": {"custom_model_data": 182.0}, "model": "dramaticdoors:item/tall_chipped_glass_oak_door"}, {"predicate": {"custom_model_data": 183.0}, "model": "dramaticdoors:item/tall_chipped_heavy_acacia_door"}, {"predicate": {"custom_model_data": 184.0}, "model": "dramaticdoors:item/tall_chipped_heavy_dark_oak_door"}, {"predicate": {"custom_model_data": 185.0}, "model": "dramaticdoors:item/tall_chipped_heavy_oak_door"}, {"predicate": {"custom_model_data": 186.0}, "model": "dramaticdoors:item/tall_chipped_modern_acacia_door"}, {"predicate": {"custom_model_data": 187.0}, "model": "dramaticdoors:item/tall_chipped_modern_dark_oak_door"}, {"predicate": {"custom_model_data": 188.0}, "model": "dramaticdoors:item/tall_chipped_modern_spruce_door"}, {"predicate": {"custom_model_data": 189.0}, "model": "dramaticdoors:item/tall_chipped_overgrown_birch_door"}, {"predicate": {"custom_model_data": 190.0}, "model": "dramaticdoors:item/tall_chipped_overgrown_jungle_door"}, {"predicate": {"custom_model_data": 191.0}, "model": "dramaticdoors:item/tall_chipped_overgrown_spruce_door"}, {"predicate": {"custom_model_data": 192.0}, "model": "dramaticdoors:item/tall_chipped_paneled_oak_door"}, {"predicate": {"custom_model_data": 193.0}, "model": "dramaticdoors:item/tall_chipped_paper_acacia_door"}, {"predicate": {"custom_model_data": 194.0}, "model": "dramaticdoors:item/tall_chipped_paper_jungle_door"}, {"predicate": {"custom_model_data": 195.0}, "model": "dramaticdoors:item/tall_chipped_paper_spruce_door"}, {"predicate": {"custom_model_data": 196.0}, "model": "dramaticdoors:item/tall_chipped_pressed_birch_door"}, {"predicate": {"custom_model_data": 197.0}, "model": "dramaticdoors:item/tall_chipped_pressed_jungle_door"}, {"predicate": {"custom_model_data": 198.0}, "model": "dramaticdoors:item/tall_chipped_pressed_spruce_door"}, {"predicate": {"custom_model_data": 199.0}, "model": "dramaticdoors:item/tall_chipped_screen_birch_door"}, {"predicate": {"custom_model_data": 200.0}, "model": "dramaticdoors:item/tall_chipped_screen_jungle_door"}, {"predicate": {"custom_model_data": 201.0}, "model": "dramaticdoors:item/tall_chipped_screen_spruce_door"}, {"predicate": {"custom_model_data": 202.0}, "model": "dramaticdoors:item/tall_chipped_secret_birch_door"}, {"predicate": {"custom_model_data": 203.0}, "model": "dramaticdoors:item/tall_chipped_secret_jungle_door"}, {"predicate": {"custom_model_data": 204.0}, "model": "dramaticdoors:item/tall_chipped_secret_spruce_door"}, {"predicate": {"custom_model_data": 205.0}, "model": "dramaticdoors:item/tall_chipped_shack_birch_door"}, {"predicate": {"custom_model_data": 206.0}, "model": "dramaticdoors:item/tall_chipped_shack_jungle_door"}, {"predicate": {"custom_model_data": 207.0}, "model": "dramaticdoors:item/tall_chipped_shack_spruce_door"}, {"predicate": {"custom_model_data": 208.0}, "model": "dramaticdoors:item/tall_chipped_sliding_birch_door"}, {"predicate": {"custom_model_data": 209.0}, "model": "dramaticdoors:item/tall_chipped_sliding_jungle_door"}, {"predicate": {"custom_model_data": 210.0}, "model": "dramaticdoors:item/tall_chipped_sliding_spruce_door"}, {"predicate": {"custom_model_data": 211.0}, "model": "dramaticdoors:item/tall_chipped_supported_birch_door"}, {"predicate": {"custom_model_data": 212.0}, "model": "dramaticdoors:item/tall_chipped_supported_mangrove_door"}, {"predicate": {"custom_model_data": 213.0}, "model": "dramaticdoors:item/tall_chipped_tile_windowed_mangrove_door"}, {"predicate": {"custom_model_data": 214.0}, "model": "dramaticdoors:item/tall_chipped_tiled_mangrove_door"}, {"predicate": {"custom_model_data": 215.0}, "model": "dramaticdoors:item/tall_chipped_windowed_mangrove_door"}, {"predicate": {"custom_model_data": 216.0}, "model": "dramaticdoors:item/tall_crimson_glass_door"}, {"predicate": {"custom_model_data": 217.0}, "model": "dramaticdoors:item/tall_dark_oak_door"}, {"predicate": {"custom_model_data": 218.0}, "model": "dramaticdoors:item/tall_eco_azalea_door"}, {"predicate": {"custom_model_data": 219.0}, "model": "dramaticdoors:item/tall_eco_walnut_door"}, {"predicate": {"custom_model_data": 220.0}, "model": "dramaticdoors:item/tall_ge_muddy_oak_door"}, {"predicate": {"custom_model_data": 221.0}, "model": "dramaticdoors:item/tall_juniper_door"}, {"predicate": {"custom_model_data": 222.0}, "model": "dramaticdoors:item/tall_macaw_acacia_bamboo_door"}, {"predicate": {"custom_model_data": 223.0}, "model": "dramaticdoors:item/tall_macaw_acacia_barn_glass_door"}, {"predicate": {"custom_model_data": 224.0}, "model": "dramaticdoors:item/tall_macaw_acacia_cottage_door"}, {"predicate": {"custom_model_data": 225.0}, "model": "dramaticdoors:item/tall_macaw_acacia_japanese2_door"}, {"predicate": {"custom_model_data": 226.0}, "model": "dramaticdoors:item/tall_macaw_acacia_mystic_door"}, {"predicate": {"custom_model_data": 227.0}, "model": "dramaticdoors:item/tall_macaw_acacia_stable_door"}, {"predicate": {"custom_model_data": 228.0}, "model": "dramaticdoors:item/tall_macaw_acacia_waffle_door"}, {"predicate": {"custom_model_data": 229.0}, "model": "dramaticdoors:item/tall_macaw_bamboo_barn_glass_door"}, {"predicate": {"custom_model_data": 230.0}, "model": "dramaticdoors:item/tall_macaw_bamboo_cottage_door"}, {"predicate": {"custom_model_data": 231.0}, "model": "dramaticdoors:item/tall_macaw_bamboo_japanese2_door"}, {"predicate": {"custom_model_data": 232.0}, "model": "dramaticdoors:item/tall_macaw_bamboo_mystic_door"}, {"predicate": {"custom_model_data": 233.0}, "model": "dramaticdoors:item/tall_macaw_bamboo_stable_door"}, {"predicate": {"custom_model_data": 234.0}, "model": "dramaticdoors:item/tall_macaw_bamboo_tropical_door"}, {"predicate": {"custom_model_data": 235.0}, "model": "dramaticdoors:item/tall_macaw_birch_bark_glass_door"}, {"predicate": {"custom_model_data": 236.0}, "model": "dramaticdoors:item/tall_macaw_birch_beach_door"}, {"predicate": {"custom_model_data": 237.0}, "model": "dramaticdoors:item/tall_macaw_birch_four_panel_door"}, {"predicate": {"custom_model_data": 238.0}, "model": "dramaticdoors:item/tall_macaw_birch_japanese_door"}, {"predicate": {"custom_model_data": 239.0}, "model": "dramaticdoors:item/tall_macaw_birch_nether_door"}, {"predicate": {"custom_model_data": 240.0}, "model": "dramaticdoors:item/tall_macaw_birch_swamp_door"}, {"predicate": {"custom_model_data": 241.0}, "model": "dramaticdoors:item/tall_macaw_cherry_bamboo_door"}, {"predicate": {"custom_model_data": 242.0}, "model": "dramaticdoors:item/tall_macaw_cherry_barn_glass_door"}, {"predicate": {"custom_model_data": 243.0}, "model": "dramaticdoors:item/tall_macaw_cherry_cottage_door"}, {"predicate": {"custom_model_data": 244.0}, "model": "dramaticdoors:item/tall_macaw_cherry_japanese2_door"}, {"predicate": {"custom_model_data": 245.0}, "model": "dramaticdoors:item/tall_macaw_cherry_mystic_door"}, {"predicate": {"custom_model_data": 246.0}, "model": "dramaticdoors:item/tall_macaw_cherry_stable_door"}, {"predicate": {"custom_model_data": 247.0}, "model": "dramaticdoors:item/tall_macaw_cherry_tropical_door"}, {"predicate": {"custom_model_data": 248.0}, "model": "dramaticdoors:item/tall_macaw_dark_oak_bark_glass_door"}, {"predicate": {"custom_model_data": 249.0}, "model": "dramaticdoors:item/tall_macaw_dark_oak_beach_door"}, {"predicate": {"custom_model_data": 250.0}, "model": "dramaticdoors:item/tall_macaw_dark_oak_glass_door"}, {"predicate": {"custom_model_data": 251.0}, "model": "dramaticdoors:item/tall_macaw_dark_oak_modern_door"}, {"predicate": {"custom_model_data": 252.0}, "model": "dramaticdoors:item/tall_macaw_dark_oak_paper_door"}, {"predicate": {"custom_model_data": 253.0}, "model": "dramaticdoors:item/tall_macaw_dark_oak_swamp_door"}, {"predicate": {"custom_model_data": 254.0}, "model": "dramaticdoors:item/tall_macaw_jungle_barn_door"}, {"predicate": {"custom_model_data": 255.0}, "model": "dramaticdoors:item/tall_macaw_jungle_cottage_door"}, {"predicate": {"custom_model_data": 256.0}, "model": "dramaticdoors:item/tall_macaw_jungle_japanese2_door"}, {"predicate": {"custom_model_data": 257.0}, "model": "dramaticdoors:item/tall_macaw_jungle_mystic_door"}, {"predicate": {"custom_model_data": 258.0}, "model": "dramaticdoors:item/tall_macaw_jungle_stable_door"}, {"predicate": {"custom_model_data": 259.0}, "model": "dramaticdoors:item/tall_macaw_jungle_tropical_door"}, {"predicate": {"custom_model_data": 260.0}, "model": "dramaticdoors:item/tall_macaw_mangrove_bark_glass_door"}, {"predicate": {"custom_model_data": 261.0}, "model": "dramaticdoors:item/tall_macaw_mangrove_beach_door"}, {"predicate": {"custom_model_data": 262.0}, "model": "dramaticdoors:item/tall_macaw_mangrove_four_panel_door"}, {"predicate": {"custom_model_data": 263.0}, "model": "dramaticdoors:item/tall_macaw_mangrove_japanese_door"}, {"predicate": {"custom_model_data": 264.0}, "model": "dramaticdoors:item/tall_macaw_mangrove_nether_door"}, {"predicate": {"custom_model_data": 265.0}, "model": "dramaticdoors:item/tall_macaw_mangrove_stable_head_door"}, {"predicate": {"custom_model_data": 266.0}, "model": "dramaticdoors:item/tall_macaw_oak_bark_glass_door"}, {"predicate": {"custom_model_data": 267.0}, "model": "dramaticdoors:item/tall_macaw_oak_beach_door"}, {"predicate": {"custom_model_data": 268.0}, "model": "dramaticdoors:item/tall_macaw_oak_glass_door"}, {"predicate": {"custom_model_data": 269.0}, "model": "dramaticdoors:item/tall_macaw_oak_modern_door"}, {"predicate": {"custom_model_data": 270.0}, "model": "dramaticdoors:item/tall_macaw_oak_paper_door"}, {"predicate": {"custom_model_data": 271.0}, "model": "dramaticdoors:item/tall_macaw_oak_swamp_door"}, {"predicate": {"custom_model_data": 272.0}, "model": "dramaticdoors:item/tall_macaw_spruce_barn_door"}, {"predicate": {"custom_model_data": 273.0}, "model": "dramaticdoors:item/tall_macaw_spruce_classic_door"}, {"predicate": {"custom_model_data": 274.0}, "model": "dramaticdoors:item/tall_macaw_spruce_japanese2_door"}, {"predicate": {"custom_model_data": 275.0}, "model": "dramaticdoors:item/tall_macaw_spruce_mystic_door"}, {"predicate": {"custom_model_data": 276.0}, "model": "dramaticdoors:item/tall_macaw_spruce_stable_door"}, {"predicate": {"custom_model_data": 277.0}, "model": "dramaticdoors:item/tall_macaw_spruce_tropical_door"}, {"predicate": {"custom_model_data": 278.0}, "model": "dramaticdoors:item/tall_minewood_door"}, {"predicate": {"custom_model_data": 279.0}, "model": "dramaticdoors:item/tall_mystical_oak_door"}, {"predicate": {"custom_model_data": 280.0}, "model": "dramaticdoors:item/tall_oak_glass_door"}, {"predicate": {"custom_model_data": 281.0}, "model": "dramaticdoors:item/tall_promenade_palm_door"}, {"predicate": {"custom_model_data": 282.0}, "model": "dramaticdoors:item/tall_rue_brimwood_door"}, {"predicate": {"custom_model_data": 283.0}, "model": "dramaticdoors:item/tall_rue_dead_door"}, {"predicate": {"custom_model_data": 284.0}, "model": "dramaticdoors:item/tall_rue_larch_door"}, {"predicate": {"custom_model_data": 285.0}, "model": "dramaticdoors:item/tall_rue_palm_door"}, {"predicate": {"custom_model_data": 286.0}, "model": "dramaticdoors:item/tall_rue_willow_door"}, {"predicate": {"custom_model_data": 287.0}, "model": "dramaticdoors:item/tall_sortingwood_door"}, {"predicate": {"custom_model_data": 288.0}, "model": "dramaticdoors:item/tall_spruce_door"}, {"predicate": {"custom_model_data": 289.0}, "model": "dramaticdoors:item/tall_tecal_azalea_door"}, {"predicate": {"custom_model_data": 290.0}, "model": "dramaticdoors:item/tall_terrestria_cypress_door"}, {"predicate": {"custom_model_data": 291.0}, "model": "dramaticdoors:item/tall_terrestria_rainbow_eucalyptus_door"}, {"predicate": {"custom_model_data": 292.0}, "model": "dramaticdoors:item/tall_terrestria_sakura_door"}, {"predicate": {"custom_model_data": 293.0}, "model": "dramaticdoors:item/tall_towerwood_door"}, {"predicate": {"custom_model_data": 294.0}, "model": "dramaticdoors:item/tall_twilight_mangrove_door"}, {"predicate": {"custom_model_data": 295.0}, "model": "dramaticdoors:item/tall_whistlecane_door"}, {"predicate": {"custom_model_data": 296.0}, "model": "dramaticdoors:item/tall_ww_palm_door"}, {"predicate": {"custom_model_data": 297.0}, "model": "terrariamod:item/tin_bar"}, {"predicate": {"custom_model_data": 298.0}, "model": "terracotta_knights:item/tiny_diamond_pitchfork_item"}, {"predicate": {"custom_model_data": 299.0}, "model": "railways:item/track_incomplete_ender_wide"}, {"predicate": {"custom_model_data": 300.0}, "model": "minecraft:item/barrier"}, {"predicate": {"custom_model_data": 301.0}, "model": "peripheralworks:item/ultimate_configurator"}, {"predicate": {"custom_model_data": 302.0}, "model": "yttr:item/ultrapure_carbon_block"}, {"predicate": {"custom_model_data": 303.0}, "model": "geocluster:item/uranium_ingot"}, {"predicate": {"custom_model_data": 304.0}, "model": "minecraft:item/barrier"}, {"predicate": {"custom_model_data": 305.0}, "model": "minecraft:item/barrier"}, {"predicate": {"custom_model_data": 306.0}, "model": "consistency_plus:item/withered_bone_brick"}, {"predicate": {"custom_model_data": 307.0}, "model": "pswg:item/yellow_cup"}, {"predicate": {"custom_model_data": 308.0}, "model": "geocluster:item/zinc_ingot"}]}