{"parent":"minecraft:block/blue_carpet","overrides":[{"model":"polyfactory:block/sticky_conveyor_down","predicate":{"custom_model_data":100001}},{"model":"polyfactory:block/sticky_conveyor_2","predicate":{"custom_model_data":100002}},{"model":"polyfactory:block/conveyor_up_4","predicate":{"custom_model_data":100003}},{"model":"polyfactory:block/sticky_conveyor_down_5","predicate":{"custom_model_data":100004}},{"model":"polyfactory:block/sticky_conveyor_7","predicate":{"custom_model_data":100005}},{"model":"polyfactory:block/conveyor_up_9","predicate":{"custom_model_data":100006}},{"model":"polyfactory:block/sticky_conveyor_down_10","predicate":{"custom_model_data":100007}},{"model":"polyfactory:block/sticky_conveyor_12","predicate":{"custom_model_data":100008}},{"model":"polyfactory:block/conveyor_up_14","predicate":{"custom_model_data":100009}},{"model":"polyfactory:block/sticky_conveyor_down_15","predicate":{"custom_model_data":100010}},{"model":"polyfactory:block/sticky_conveyor_1/1","predicate":{"custom_model_data":100011}},{"model":"polyfactory:block/conveyor_up_3/1","predicate":{"custom_model_data":100012}},{"model":"polyfactory:block/sticky_conveyor_down_4/1","predicate":{"custom_model_data":100013}},{"model":"polyfactory:block/sticky_conveyor_6/1","predicate":{"custom_model_data":100014}},{"model":"polyfactory:block/conveyor_up_8/1","predicate":{"custom_model_data":100015}},{"model":"polyfactory:block/sticky_conveyor_down_9/1","predicate":{"custom_model_data":100016}},{"model":"polyfactory:block/sticky_conveyor_11/1","predicate":{"custom_model_data":100017}},{"model":"polyfactory:block/conveyor_up_13/1","predicate":{"custom_model_data":100018}},{"model":"polyfactory:block/sticky_conveyor_down_14/1","predicate":{"custom_model_data":100019}},{"model":"polyfactory:block/sticky_conveyor/2","predicate":{"custom_model_data":100020}},{"model":"polyfactory:block/conveyor_up_2/2","predicate":{"custom_model_data":100021}},{"model":"polyfactory:block/sticky_conveyor_down_3/2","predicate":{"custom_model_data":100022}},{"model":"polyfactory:block/sticky_conveyor_5/2","predicate":{"custom_model_data":100023}},{"model":"polyfactory:block/conveyor_up_7/2","predicate":{"custom_model_data":100024}},{"model":"polyfactory:block/sticky_conveyor_down_8/2","predicate":{"custom_model_data":100025}},{"model":"polyfactory:block/sticky_conveyor_10/2","predicate":{"custom_model_data":100026}},{"model":"polyfactory:block/conveyor_up_12/2","predicate":{"custom_model_data":100027}},{"model":"polyfactory:block/sticky_conveyor_down_13/2","predicate":{"custom_model_data":100028}},{"model":"polyfactory:block/sticky_conveyor_15/2","predicate":{"custom_model_data":100029}},{"model":"polyfactory:block/conveyor_up_1/3","predicate":{"custom_model_data":100030}},{"model":"polyfactory:block/sticky_conveyor_down_2/3","predicate":{"custom_model_data":100031}},{"model":"polyfactory:block/sticky_conveyor_4/3","predicate":{"custom_model_data":100032}},{"model":"polyfactory:block/conveyor_up_6/3","predicate":{"custom_model_data":100033}},{"model":"polyfactory:block/sticky_conveyor_down_7/3","predicate":{"custom_model_data":100034}},{"model":"polyfactory:block/sticky_conveyor_9/3","predicate":{"custom_model_data":100035}},{"model":"polyfactory:block/conveyor_up_11/3","predicate":{"custom_model_data":100036}},{"model":"polyfactory:block/sticky_conveyor_down_12/3","predicate":{"custom_model_data":100037}},{"model":"polyfactory:block/sticky_conveyor_14/3","predicate":{"custom_model_data":100038}},{"model":"polyfactory:block/conveyor_up/4","predicate":{"custom_model_data":100039}},{"model":"polyfactory:block/sticky_conveyor_down_1/4","predicate":{"custom_model_data":100040}},{"model":"polyfactory:block/sticky_conveyor_3/4","predicate":{"custom_model_data":100041}},{"model":"polyfactory:block/conveyor_up_5/4","predicate":{"custom_model_data":100042}},{"model":"polyfactory:block/sticky_conveyor_down_6/4","predicate":{"custom_model_data":100043}},{"model":"polyfactory:block/sticky_conveyor_8/4","predicate":{"custom_model_data":100044}},{"model":"polyfactory:block/conveyor_up_10/4","predicate":{"custom_model_data":100045}},{"model":"polyfactory:block/sticky_conveyor_down_11/4","predicate":{"custom_model_data":100046}},{"model":"polyfactory:block/sticky_conveyor_13/4","predicate":{"custom_model_data":100047}},{"model":"polyfactory:block/conveyor_up_15/4","predicate":{"custom_model_data":100048}},{"model":"polyfactory:block/sticky_conveyor_down/5","predicate":{"custom_model_data":100049}},{"model":"polyfactory:block/sticky_conveyor_2/5","predicate":{"custom_model_data":100050}},{"model":"polyfactory:block/conveyor_up_4/5","predicate":{"custom_model_data":100051}},{"model":"polyfactory:block/sticky_conveyor_down_5/5","predicate":{"custom_model_data":100052}},{"model":"polyfactory:block/sticky_conveyor_7/5","predicate":{"custom_model_data":100053}},{"model":"polyfactory:block/conveyor_up_9/5","predicate":{"custom_model_data":100054}},{"model":"polyfactory:block/sticky_conveyor_down_10/5","predicate":{"custom_model_data":100055}},{"model":"polyfactory:block/sticky_conveyor_12/5","predicate":{"custom_model_data":100056}},{"model":"polyfactory:block/conveyor_up_14/5","predicate":{"custom_model_data":100057}},{"model":"polyfactory:block/sticky_conveyor_down_15/5","predicate":{"custom_model_data":100058}},{"model":"polyfactory:block/sticky_conveyor_1/6","predicate":{"custom_model_data":100059}},{"model":"polyfactory:block/conveyor_up_3/6","predicate":{"custom_model_data":100060}},{"model":"polyfactory:block/sticky_conveyor_down_4/6","predicate":{"custom_model_data":100061}},{"model":"polyfactory:block/sticky_conveyor_6/6","predicate":{"custom_model_data":100062}},{"model":"polyfactory:block/conveyor_up_8/6","predicate":{"custom_model_data":100063}},{"model":"polyfactory:block/sticky_conveyor_down_9/6","predicate":{"custom_model_data":100064}},{"model":"polyfactory:block/sticky_conveyor_11/6","predicate":{"custom_model_data":100065}},{"model":"polyfactory:block/conveyor_up_13/6","predicate":{"custom_model_data":100066}},{"model":"polyfactory:block/sticky_conveyor_down_14/6","predicate":{"custom_model_data":100067}},{"model":"polyfactory:block/sticky_conveyor/7","predicate":{"custom_model_data":100068}},{"model":"polyfactory:block/conveyor_up_2/7","predicate":{"custom_model_data":100069}},{"model":"polyfactory:block/sticky_conveyor_down_3/7","predicate":{"custom_model_data":100070}},{"model":"polyfactory:block/sticky_conveyor_5/7","predicate":{"custom_model_data":100071}},{"model":"polyfactory:block/conveyor_up_7/7","predicate":{"custom_model_data":100072}},{"model":"polyfactory:block/sticky_conveyor_down_8/7","predicate":{"custom_model_data":100073}},{"model":"polyfactory:block/sticky_conveyor_10/7","predicate":{"custom_model_data":100074}},{"model":"polyfactory:block/conveyor_up_12/7","predicate":{"custom_model_data":100075}},{"model":"polyfactory:block/sticky_conveyor_down_13/7","predicate":{"custom_model_data":100076}},{"model":"polyfactory:block/sticky_conveyor_15/7","predicate":{"custom_model_data":100077}},{"model":"polyfactory:block/conveyor_up_1/8","predicate":{"custom_model_data":100078}},{"model":"polyfactory:block/sticky_conveyor_down_2/8","predicate":{"custom_model_data":100079}},{"model":"polyfactory:block/sticky_conveyor_4/8","predicate":{"custom_model_data":100080}},{"model":"polyfactory:block/conveyor_up_6/8","predicate":{"custom_model_data":100081}},{"model":"polyfactory:block/sticky_conveyor_down_7/8","predicate":{"custom_model_data":100082}},{"model":"polyfactory:block/sticky_conveyor_9/8","predicate":{"custom_model_data":100083}},{"model":"polyfactory:block/conveyor_up_11/8","predicate":{"custom_model_data":100084}},{"model":"polyfactory:block/sticky_conveyor_down_12/8","predicate":{"custom_model_data":100085}},{"model":"polyfactory:block/sticky_conveyor_14/8","predicate":{"custom_model_data":100086}},{"model":"polyfactory:block/conveyor_up/9","predicate":{"custom_model_data":100087}},{"model":"polyfactory:block/sticky_conveyor_down_1/9","predicate":{"custom_model_data":100088}},{"model":"polyfactory:block/sticky_conveyor_3/9","predicate":{"custom_model_data":100089}},{"model":"polyfactory:block/conveyor_up_5/9","predicate":{"custom_model_data":100090}},{"model":"polyfactory:block/sticky_conveyor_down_6/9","predicate":{"custom_model_data":100091}},{"model":"polyfactory:block/sticky_conveyor_8/9","predicate":{"custom_model_data":100092}},{"model":"polyfactory:block/conveyor_up_10/9","predicate":{"custom_model_data":100093}},{"model":"polyfactory:block/sticky_conveyor_down_11/9","predicate":{"custom_model_data":100094}},{"model":"polyfactory:block/sticky_conveyor_13/9","predicate":{"custom_model_data":100095}},{"model":"polyfactory:block/conveyor_up_15/9","predicate":{"custom_model_data":100096}},{"model":"polyfactory:block/sticky_conveyor_down/10","predicate":{"custom_model_data":100097}},{"model":"polyfactory:block/sticky_conveyor_2/10","predicate":{"custom_model_data":100098}},{"model":"polyfactory:block/conveyor_up_4/10","predicate":{"custom_model_data":100099}},{"model":"polyfactory:block/sticky_conveyor_down_5/10","predicate":{"custom_model_data":100100}},{"model":"polyfactory:block/sticky_conveyor_7/10","predicate":{"custom_model_data":100101}},{"model":"polyfactory:block/conveyor_up_9/10","predicate":{"custom_model_data":100102}},{"model":"polyfactory:block/sticky_conveyor_down_10/10","predicate":{"custom_model_data":100103}},{"model":"polyfactory:block/sticky_conveyor_12/10","predicate":{"custom_model_data":100104}},{"model":"polyfactory:block/conveyor_up_14/10","predicate":{"custom_model_data":100105}},{"model":"polyfactory:block/sticky_conveyor_down_15/10","predicate":{"custom_model_data":100106}},{"model":"polyfactory:block/sticky_conveyor_1/11","predicate":{"custom_model_data":100107}},{"model":"polyfactory:block/conveyor_up_3/11","predicate":{"custom_model_data":100108}},{"model":"polyfactory:block/sticky_conveyor_down_4/11","predicate":{"custom_model_data":100109}},{"model":"polyfactory:block/sticky_conveyor_6/11","predicate":{"custom_model_data":100110}},{"model":"polyfactory:block/conveyor_up_8/11","predicate":{"custom_model_data":100111}},{"model":"polyfactory:block/sticky_conveyor_down_9/11","predicate":{"custom_model_data":100112}},{"model":"polyfactory:block/sticky_conveyor_11/11","predicate":{"custom_model_data":100113}},{"model":"polyfactory:block/conveyor_up_13/11","predicate":{"custom_model_data":100114}},{"model":"polyfactory:block/sticky_conveyor_down_14/11","predicate":{"custom_model_data":100115}},{"model":"polyfactory:block/sticky_conveyor/12","predicate":{"custom_model_data":100116}},{"model":"polyfactory:block/conveyor_up_2/12","predicate":{"custom_model_data":100117}},{"model":"polyfactory:block/sticky_conveyor_down_3/12","predicate":{"custom_model_data":100118}},{"model":"polyfactory:block/sticky_conveyor_5/12","predicate":{"custom_model_data":100119}},{"model":"polyfactory:block/conveyor_up_7/12","predicate":{"custom_model_data":100120}},{"model":"polyfactory:block/sticky_conveyor_down_8/12","predicate":{"custom_model_data":100121}},{"model":"polyfactory:block/sticky_conveyor_10/12","predicate":{"custom_model_data":100122}},{"model":"polyfactory:block/conveyor_up_12/12","predicate":{"custom_model_data":100123}},{"model":"polyfactory:block/sticky_conveyor_down_13/12","predicate":{"custom_model_data":100124}},{"model":"polyfactory:block/sticky_conveyor_15/12","predicate":{"custom_model_data":100125}},{"model":"polyfactory:block/conveyor_up_1/13","predicate":{"custom_model_data":100126}},{"model":"polyfactory:block/sticky_conveyor_down_2/13","predicate":{"custom_model_data":100127}},{"model":"polyfactory:block/sticky_conveyor_4/13","predicate":{"custom_model_data":100128}},{"model":"polyfactory:block/conveyor_up_6/13","predicate":{"custom_model_data":100129}},{"model":"polyfactory:block/sticky_conveyor_down_7/13","predicate":{"custom_model_data":100130}},{"model":"polyfactory:block/sticky_conveyor_9/13","predicate":{"custom_model_data":100131}},{"model":"polyfactory:block/conveyor_up_11/13","predicate":{"custom_model_data":100132}},{"model":"polyfactory:block/sticky_conveyor_down_12/13","predicate":{"custom_model_data":100133}},{"model":"polyfactory:block/sticky_conveyor_14/13","predicate":{"custom_model_data":100134}},{"model":"polyfactory:block/conveyor_up/14","predicate":{"custom_model_data":100135}},{"model":"polyfactory:block/sticky_conveyor_down_1/14","predicate":{"custom_model_data":100136}},{"model":"polyfactory:block/sticky_conveyor_3/14","predicate":{"custom_model_data":100137}},{"model":"polyfactory:block/conveyor_up_5/14","predicate":{"custom_model_data":100138}},{"model":"polyfactory:block/sticky_conveyor_down_6/14","predicate":{"custom_model_data":100139}},{"model":"polyfactory:block/sticky_conveyor_8/14","predicate":{"custom_model_data":100140}},{"model":"polyfactory:block/conveyor_up_10/14","predicate":{"custom_model_data":100141}},{"model":"polyfactory:block/sticky_conveyor_down_11/14","predicate":{"custom_model_data":100142}},{"model":"polyfactory:block/sticky_conveyor_13/14","predicate":{"custom_model_data":100143}},{"model":"polyfactory:block/conveyor_up_15/14","predicate":{"custom_model_data":100144}},{"model":"polyfactory:block/sticky_conveyor_down/15","predicate":{"custom_model_data":100145}},{"model":"polyfactory:block/sticky_conveyor_2/15","predicate":{"custom_model_data":100146}},{"model":"polyfactory:block/conveyor_up_4/15","predicate":{"custom_model_data":100147}},{"model":"polyfactory:block/sticky_conveyor_down_5/15","predicate":{"custom_model_data":100148}},{"model":"polyfactory:block/sticky_conveyor_7/15","predicate":{"custom_model_data":100149}},{"model":"polyfactory:block/conveyor_up_9/15","predicate":{"custom_model_data":100150}},{"model":"polyfactory:block/sticky_conveyor_down_10/15","predicate":{"custom_model_data":100151}},{"model":"polyfactory:block/sticky_conveyor_12/15","predicate":{"custom_model_data":100152}},{"model":"polyfactory:block/conveyor_up_14/15","predicate":{"custom_model_data":100153}},{"model":"polyfactory:block/sticky_conveyor_down_15/15","predicate":{"custom_model_data":100154}},{"model":"polyfactory:block/sticky_conveyor_1/16","predicate":{"custom_model_data":100155}},{"model":"polyfactory:block/conveyor_up_3/16","predicate":{"custom_model_data":100156}},{"model":"polyfactory:block/sticky_conveyor_down_4/16","predicate":{"custom_model_data":100157}},{"model":"polyfactory:block/sticky_conveyor_6/16","predicate":{"custom_model_data":100158}},{"model":"polyfactory:block/conveyor_up_8/16","predicate":{"custom_model_data":100159}},{"model":"polyfactory:block/sticky_conveyor_down_9/16","predicate":{"custom_model_data":100160}},{"model":"polyfactory:block/sticky_conveyor_11/16","predicate":{"custom_model_data":100161}},{"model":"polyfactory:block/conveyor_up_13/16","predicate":{"custom_model_data":100162}},{"model":"polyfactory:block/sticky_conveyor_down_14/16","predicate":{"custom_model_data":100163}},{"model":"polyfactory:block/sticky_conveyor/17","predicate":{"custom_model_data":100164}},{"model":"polyfactory:block/conveyor_up_2/17","predicate":{"custom_model_data":100165}},{"model":"polyfactory:block/sticky_conveyor_down_3/17","predicate":{"custom_model_data":100166}},{"model":"polyfactory:block/sticky_conveyor_5/17","predicate":{"custom_model_data":100167}},{"model":"polyfactory:block/conveyor_up_7/17","predicate":{"custom_model_data":100168}},{"model":"polyfactory:block/sticky_conveyor_down_8/17","predicate":{"custom_model_data":100169}},{"model":"polyfactory:block/sticky_conveyor_10/17","predicate":{"custom_model_data":100170}},{"model":"polyfactory:block/conveyor_up_12/17","predicate":{"custom_model_data":100171}},{"model":"polyfactory:block/sticky_conveyor_down_13/17","predicate":{"custom_model_data":100172}},{"model":"polyfactory:block/sticky_conveyor_15/17","predicate":{"custom_model_data":100173}},{"model":"polyfactory:block/conveyor_up_1/18","predicate":{"custom_model_data":100174}},{"model":"polyfactory:block/sticky_conveyor_down_2/18","predicate":{"custom_model_data":100175}},{"model":"polyfactory:block/sticky_conveyor_4/18","predicate":{"custom_model_data":100176}},{"model":"polyfactory:block/conveyor_up_6/18","predicate":{"custom_model_data":100177}},{"model":"polyfactory:block/sticky_conveyor_down_7/18","predicate":{"custom_model_data":100178}},{"model":"polyfactory:block/sticky_conveyor_9/18","predicate":{"custom_model_data":100179}},{"model":"polyfactory:block/conveyor_up_11/18","predicate":{"custom_model_data":100180}},{"model":"polyfactory:block/sticky_conveyor_down_12/18","predicate":{"custom_model_data":100181}},{"model":"polyfactory:block/sticky_conveyor_14/18","predicate":{"custom_model_data":100182}},{"model":"polyfactory:block/conveyor_up/19","predicate":{"custom_model_data":100183}},{"model":"polyfactory:block/sticky_conveyor_down_1/19","predicate":{"custom_model_data":100184}},{"model":"polyfactory:block/sticky_conveyor_3/19","predicate":{"custom_model_data":100185}},{"model":"polyfactory:block/conveyor_up_5/19","predicate":{"custom_model_data":100186}},{"model":"polyfactory:block/sticky_conveyor_down_6/19","predicate":{"custom_model_data":100187}},{"model":"polyfactory:block/sticky_conveyor_8/19","predicate":{"custom_model_data":100188}},{"model":"polyfactory:block/conveyor_up_10/19","predicate":{"custom_model_data":100189}},{"model":"polyfactory:block/sticky_conveyor_down_11/19","predicate":{"custom_model_data":100190}},{"model":"polyfactory:block/sticky_conveyor_13/19","predicate":{"custom_model_data":100191}},{"model":"polyfactory:block/conveyor_up_15/19","predicate":{"custom_model_data":100192}},{"model":"polyfactory:block/sticky_conveyor_down/20","predicate":{"custom_model_data":100193}},{"model":"polyfactory:block/sticky_conveyor_2/20","predicate":{"custom_model_data":100194}},{"model":"polyfactory:block/conveyor_up_4/20","predicate":{"custom_model_data":100195}},{"model":"polyfactory:block/sticky_conveyor_down_5/20","predicate":{"custom_model_data":100196}},{"model":"polyfactory:block/sticky_conveyor_7/20","predicate":{"custom_model_data":100197}},{"model":"polyfactory:block/conveyor_up_9/20","predicate":{"custom_model_data":100198}},{"model":"polyfactory:block/sticky_conveyor_down_10/20","predicate":{"custom_model_data":100199}},{"model":"polyfactory:block/sticky_conveyor_12/20","predicate":{"custom_model_data":100200}},{"model":"polyfactory:block/conveyor_up_14/20","predicate":{"custom_model_data":100201}},{"model":"polyfactory:block/sticky_conveyor_down_15/20","predicate":{"custom_model_data":100202}}]}