{"parent": "item/generated", "textures": {"layer0": "item/bow"}, "display": {"thirdperson_righthand": {"rotation": [-80.0, 260.0, -40.0], "translation": [-1.0, -2.0, 2.5], "scale": [0.9, 0.9, 0.9]}, "thirdperson_lefthand": {"rotation": [-80.0, -280.0, 40.0], "translation": [-1.0, -2.0, 2.5], "scale": [0.9, 0.9, 0.9]}, "firstperson_righthand": {"rotation": [0.0, -90.0, 25.0], "translation": [1.13, 3.2, 1.13], "scale": [0.68, 0.68, 0.68]}, "firstperson_lefthand": {"rotation": [0.0, 90.0, -25.0], "translation": [1.13, 3.2, 1.13], "scale": [0.68, 0.68, 0.68]}}, "overrides": [{"predicate": {"pulling": 1.0}, "model": "item/bow_pulling_0"}, {"predicate": {"pulling": 1.0, "pull": 0.65}, "model": "item/bow_pulling_1"}, {"predicate": {"pulling": 1.0, "pull": 0.9}, "model": "item/bow_pulling_2"}, {"predicate": {"custom_model_data": 1.0}, "model": "terracotta_knights:item/tiny_bow"}, {"predicate": {"custom_model_data": 1.0, "pulling": 1.0}, "model": "terracotta_knights:item/tiny_bow_pulling_0"}, {"predicate": {"custom_model_data": 1.0, "pull": 0.65, "pulling": 1.0}, "model": "terracotta_knights:item/tiny_bow_pulling_1"}, {"predicate": {"custom_model_data": 1.0, "pull": 0.9, "pulling": 1.0}, "model": "terracotta_knights:item/tiny_bow_pulling_2"}]}