{"parent": "minecraft:item/generated", "textures": {"layer0": "minecraft:item/brick"}, "overrides": [{"predicate": {"chunked": 1.0, "custom_model_data": 32.0}, "model": "peculiarpieces:item/slime_chunked"}, {"predicate": {"custom_model_data": 1.0}, "model": "amarite:item/amarite_crown"}, {"predicate": {"custom_model_data": 2.0}, "model": "pswg:item/beskar_ingot"}, {"predicate": {"custom_model_data": 3.0}, "model": "consistency_plus:item/black_concrete_brick"}, {"predicate": {"custom_model_data": 4.0}, "model": "discarnate:item/blank_task"}, {"predicate": {"custom_model_data": 5.0}, "model": "pswg:item/blue_door_insert"}, {"predicate": {"custom_model_data": 6.0}, "model": "create:item/brass_hand"}, {"predicate": {"custom_model_data": 7.0}, "model": "pswg:item/brown_cup"}, {"predicate": {"custom_model_data": 8.0}, "model": "extended_drawers:item/creative_upgrade"}, {"predicate": {"custom_model_data": 9.0}, "model": "create:item/crushed_raw_uranium"}, {"predicate": {"custom_model_data": 10.0}, "model": "ducky-periphs:item/ducky_banner_pattern"}, {"predicate": {"custom_model_data": 11.0}, "model": "hexcasting:item/dye_colorizer_brown"}, {"predicate": {"custom_model_data": 12.0}, "model": "create:item/empty_schematic"}, {"predicate": {"custom_model_data": 13.0}, "model": "peculiarpieces:item/ender_pouch"}, {"predicate": {"custom_model_data": 14.0}, "model": "foxbox:item/fox_plushie"}, {"predicate": {"custom_model_data": 15.0}, "model": "wiredredstone:item/gate_nand"}, {"predicate": {"custom_model_data": 16.0}, "model": "pswg:item/glass_10"}, {"predicate": {"custom_model_data": 17.0}, "model": "gravity_api:item/gravity_changer_south"}, {"predicate": {"custom_model_data": 18.0}, "model": "pswg:item/helicite_crystal"}, {"predicate": {"custom_model_data": 19.0}, "model": "portalcubed:item/hoopy"}, {"predicate": {"custom_model_data": 20.0}, "model": "terrariamod:item/lead_bar"}, {"predicate": {"custom_model_data": 21.0}, "model": "terrariamod:item/life_crystal"}, {"predicate": {"custom_model_data": 22.0}, "model": "wiredredstone:item/lime_insulated_wire"}, {"predicate": {"custom_model_data": 23.0}, "model": "exco:item/music_disc_comrades"}, {"predicate": {"custom_model_data": 24.0}, "model": "portalcubed:item/music_disc_want_you_gone"}, {"predicate": {"custom_model_data": 25.0}, "model": "terrariamod:item/platinum_broadsword"}, {"predicate": {"custom_model_data": 26.0}, "model": "portalcubed:item/portal_1_storage_cube"}, {"predicate": {"custom_model_data": 27.0}, "model": "softerpastels:item/powder"}, {"predicate": {"custom_model_data": 28.0}, "model": "fabricaeexnihilo:item/raw_gold_piece"}, {"predicate": {"custom_model_data": 29.0}, "model": "mythicmetals:item/raw_prometheum"}, {"predicate": {"custom_model_data": 30.0}, "model": "automobility:item/rear_attachment"}, {"predicate": {"custom_model_data": 31.0}, "model": "railways:item/red_incomplete_conductor_cap"}, {"predicate": {"custom_model_data": 32.0}, "model": "peculiarpieces:item/slime"}, {"predicate": {"custom_model_data": 33.0}, "model": "yttr:item/snare"}, {"predicate": {"custom_model_data": 33.0, "yttr:filled": 1.0}, "model": "yttr:item/snare_filled"}, {"predicate": {"custom_model_data": 34.0}, "model": "engination:item/sparkline_tool"}, {"predicate": {"custom_model_data": 34.0, "engination:sparkling": 1.0}, "model": "engination:item/sparkline_tool_sparkling"}, {"predicate": {"custom_model_data": 35.0}, "model": "hexcasting:item/staff/spruce"}, {"predicate": {"custom_model_data": 36.0}, "model": "pswg:item/stripped_japor_branch"}, {"predicate": {"custom_model_data": 37.0}, "model": "discarnate:item/toggle_move_backward_task"}, {"predicate": {"custom_model_data": 38.0}, "model": "railways:item/track_incomplete_mangrove_wide"}, {"predicate": {"custom_model_data": 39.0}, "model": "yttr:item/ultrapure_diamond"}, {"predicate": {"custom_model_data": 40.0}, "model": "hexcasting:item/uuid_colorizer"}, {"predicate": {"custom_model_data": 41.0}, "model": "wwizardry:item/void_bag"}, {"predicate": {"custom_model_data": 41.0, "wwizardry:void_bag_closed": 1.0}, "model": "wwizardry:item/void_bag_closed"}, {"predicate": {"custom_model_data": 42.0}, "model": "peculiarpieces:item/warding_staff"}, {"predicate": {"custom_model_data": 43.0}, "model": "wiredredstone:item/yellow_bundled_cable"}, {"predicate": {"custom_model_data": 44.0}, "model": "consistency_plus:item/yellow_glazed_terracotta_brick"}, {"predicate": {"custom_model_data": 45.0}, "model": "map_zones:item/zone_corner"}]}