{"parent":"minecraft:item/generated","textures":{"layer0":"minecraft:item/candle"},"overrides":[{"model":"polyfactory:block/funnel_in","predicate":{"custom_model_data":100001}},{"model":"polyfactory:block/funnel_out","predicate":{"custom_model_data":100002}},{"model":"polyfactory:block/grindstone_wheel","predicate":{"custom_model_data":100003}},{"model":"polyfactory:block/press_piston","predicate":{"custom_model_data":100004}},{"model":"polyfactory:block/mixer_whisk","predicate":{"custom_model_data":100005}}]}