{"parent": "minecraft:item/generated", "textures": {"layer0": "minecraft:item/carrot"}, "overrides": [{"predicate": {"custom_model_data": 1.0}, "model": "sandwichable:item/ancient_grain_bread"}, {"predicate": {"custom_model_data": 2.0}, "model": "softerpastels:item/chocolate_ice_cream"}, {"predicate": {"custom_model_data": 3.0}, "model": "ecotones:item/coconut"}, {"predicate": {"custom_model_data": 4.0}, "model": "tropics:item/cracked_coconut"}, {"predicate": {"custom_model_data": 5.0}, "model": "promenade:item/maple_syrup_bottle"}, {"predicate": {"custom_model_data": 6.0}, "model": "milk_plus:item/milk_bowl"}, {"predicate": {"custom_model_data": 7.0}, "model": "ecotones:item/pancakes"}, {"predicate": {"custom_model_data": 8.0}, "model": "ecotones:item/rosemary"}]}