{"parent": "minecraft:item/generated", "textures": {"layer0": "minecraft:item/charcoal"}, "overrides": [{"predicate": {"custom_model_data": 1.0}, "model": "aurorasdeco:item/azalea_chest_boat"}, {"predicate": {"custom_model_data": 2.0}, "model": "aurorasdeco:item/azalea_log"}, {"predicate": {"custom_model_data": 3.0}, "model": "aurorasdeco:item/azalea_sign"}, {"predicate": {"custom_model_data": 4.0}, "model": "aurorasdeco:item/azalea_trapdoor"}, {"predicate": {"custom_model_data": 5.0}, "model": "sandwichable:item/birch_cutting_board"}, {"predicate": {"custom_model_data": 6.0}, "model": "create:item/blaze_cake"}, {"predicate": {"custom_model_data": 7.0}, "model": "minecraft:item/barrier"}, {"predicate": {"custom_model_data": 8.0}, "model": "tropics:item/coconut_shell"}, {"predicate": {"custom_model_data": 9.0}, "model": "yttr:item/compressed_ultrapure_carbon_block"}, {"predicate": {"custom_model_data": 10.0}, "model": "wwizardry:item/denia_button"}, {"predicate": {"custom_model_data": 11.0}, "model": "wwizardry:item/denia_pressure_plate"}, {"predicate": {"custom_model_data": 12.0}, "model": "wwizardry:item/denia_slab"}, {"predicate": {"custom_model_data": 13.0}, "model": "wwizardry:item/denia_wood"}, {"predicate": {"custom_model_data": 14.0}, "model": "hexcasting:item/edified_button"}, {"predicate": {"custom_model_data": 15.0}, "model": "hexcasting:item/edified_log_amethyst"}, {"predicate": {"custom_model_data": 16.0}, "model": "hexcasting:item/edified_log_purple"}, {"predicate": {"custom_model_data": 17.0}, "model": "hexcasting:item/edified_pressure_plate"}, {"predicate": {"custom_model_data": 18.0}, "model": "hexcasting:item/edified_tile"}, {"predicate": {"custom_model_data": 19.0}, "model": "aurorasdeco:item/flowering_azalea_log"}, {"predicate": {"custom_model_data": 20.0}, "model": "wood_you_dye:item/gray_planks"}, {"predicate": {"custom_model_data": 21.0}, "model": "wood_you_dye:item/green_planks"}, {"predicate": {"custom_model_data": 22.0}, "model": "ecotones:item/hazel_sapling"}, {"predicate": {"custom_model_data": 23.0}, "model": "aurorasdeco:item/jacaranda_button"}, {"predicate": {"custom_model_data": 24.0}, "model": "aurorasdeco:item/jacaranda_fence"}, {"predicate": {"custom_model_data": 25.0}, "model": "aurorasdeco:item/jacaranda_pressure_plate"}, {"predicate": {"custom_model_data": 26.0}, "model": "aurorasdeco:item/jacaranda_slab"}, {"predicate": {"custom_model_data": 27.0}, "model": "aurorasdeco:item/jacaranda_wood"}, {"predicate": {"custom_model_data": 28.0}, "model": "sandwichable:item/jungle_cutting_board"}, {"predicate": {"custom_model_data": 29.0}, "model": "ecotones:item/larch_sapling"}, {"predicate": {"custom_model_data": 30.0}, "model": "wood_you_dye:item/magenta_planks"}, {"predicate": {"custom_model_data": 31.0}, "model": "sandwichable:item/mangrove_cutting_board"}, {"predicate": {"custom_model_data": 32.0}, "model": "promenade:item/maple_chest_boat"}, {"predicate": {"custom_model_data": 33.0}, "model": "promenade:item/maple_fence_gate"}, {"predicate": {"custom_model_data": 34.0}, "model": "promenade:item/maple_log"}, {"predicate": {"custom_model_data": 35.0}, "model": "promenade:item/maple_sign"}, {"predicate": {"custom_model_data": 36.0}, "model": "promenade:item/maple_wood"}, {"predicate": {"custom_model_data": 37.0}, "model": "mythicmetals:item/morkite"}, {"predicate": {"custom_model_data": 38.0}, "model": "promenade:item/palm_button"}, {"predicate": {"custom_model_data": 39.0}, "model": "tropics:item/palm_chest_boat"}, {"predicate": {"custom_model_data": 40.0}, "model": "promenade:item/palm_fence"}, {"predicate": {"custom_model_data": 41.0}, "model": "promenade:item/palm_planks"}, {"predicate": {"custom_model_data": 42.0}, "model": "promenade:item/palm_sign"}, {"predicate": {"custom_model_data": 43.0}, "model": "promenade:item/palm_trapdoor"}, {"predicate": {"custom_model_data": 44.0}, "model": "ecotones:item/peat_item"}, {"predicate": {"custom_model_data": 45.0}, "model": "wood_you_dye:item/pink_planks"}, {"predicate": {"custom_model_data": 46.0}, "model": "wood_you_dye:item/purple_planks"}, {"predicate": {"custom_model_data": 47.0}, "model": "promenade:item/sakura_boat"}, {"predicate": {"custom_model_data": 48.0}, "model": "promenade:item/sakura_door"}, {"predicate": {"custom_model_data": 49.0}, "model": "promenade:item/sakura_hanging_sign"}, {"predicate": {"custom_model_data": 50.0}, "model": "promenade:item/sakura_pressure_plate"}, {"predicate": {"custom_model_data": 51.0}, "model": "promenade:item/sakura_stairs"}, {"predicate": {"custom_model_data": 52.0}, "model": "promenade:item/sap_maple_sapling"}, {"predicate": {"custom_model_data": 53.0}, "model": "pswg:item/sequoia_log"}, {"predicate": {"custom_model_data": 54.0}, "model": "dramaticdoors:item/short_aeronos_door"}, {"predicate": {"custom_model_data": 55.0}, "model": "dramaticdoors:item/short_bamboo_door"}, {"predicate": {"custom_model_data": 56.0}, "model": "dramaticdoors:item/short_be_dry_bamboo_door"}, {"predicate": {"custom_model_data": 57.0}, "model": "dramaticdoors:item/short_blockus_bamboo_door"}, {"predicate": {"custom_model_data": 58.0}, "model": "dramaticdoors:item/short_blockus_white_oak_door"}, {"predicate": {"custom_model_data": 59.0}, "model": "dramaticdoors:item/short_bm_blighted_balsa_door"}, {"predicate": {"custom_model_data": 60.0}, "model": "dramaticdoors:item/short_bw_cypress_door"}, {"predicate": {"custom_model_data": 61.0}, "model": "dramaticdoors:item/short_byg_blue_enchanted_door"}, {"predicate": {"custom_model_data": 62.0}, "model": "dramaticdoors:item/short_byg_cika_door"}, {"predicate": {"custom_model_data": 63.0}, "model": "dramaticdoors:item/short_byg_embur_door"}, {"predicate": {"custom_model_data": 64.0}, "model": "dramaticdoors:item/short_byg_florus_door"}, {"predicate": {"custom_model_data": 65.0}, "model": "dramaticdoors:item/short_byg_imparius_door"}, {"predicate": {"custom_model_data": 66.0}, "model": "dramaticdoors:item/short_byg_lament_door"}, {"predicate": {"custom_model_data": 67.0}, "model": "dramaticdoors:item/short_byg_nightshade_door"}, {"predicate": {"custom_model_data": 68.0}, "model": "dramaticdoors:item/short_byg_rainbow_eucalyptus_door"}, {"predicate": {"custom_model_data": 69.0}, "model": "dramaticdoors:item/short_byg_soul_shroom_door"}, {"predicate": {"custom_model_data": 70.0}, "model": "dramaticdoors:item/short_byg_willow_door"}, {"predicate": {"custom_model_data": 71.0}, "model": "dramaticdoors:item/short_canopy_door"}, {"predicate": {"custom_model_data": 72.0}, "model": "dramaticdoors:item/short_charm_ebony_door"}, {"predicate": {"custom_model_data": 73.0}, "model": "dramaticdoors:item/short_dark_oak_glass_door"}, {"predicate": {"custom_model_data": 74.0}, "model": "dramaticdoors:item/short_dragons_blood_door"}, {"predicate": {"custom_model_data": 75.0}, "model": "dramaticdoors:item/short_eco_coconut_door"}, {"predicate": {"custom_model_data": 76.0}, "model": "dramaticdoors:item/short_edified_door"}, {"predicate": {"custom_model_data": 77.0}, "model": "dramaticdoors:item/short_fiss_azalea_door"}, {"predicate": {"custom_model_data": 78.0}, "model": "dramaticdoors:item/short_gingerbread_door"}, {"predicate": {"custom_model_data": 79.0}, "model": "dramaticdoors:item/short_juniper_door"}, {"predicate": {"custom_model_data": 80.0}, "model": "dramaticdoors:item/short_mangrove_glass_door"}, {"predicate": {"custom_model_data": 81.0}, "model": "dramaticdoors:item/short_oak_door"}, {"predicate": {"custom_model_data": 82.0}, "model": "dramaticdoors:item/short_promenade_dark_amaranth_door"}, {"predicate": {"custom_model_data": 83.0}, "model": "dramaticdoors:item/short_rubber_door"}, {"predicate": {"custom_model_data": 84.0}, "model": "dramaticdoors:item/short_rue_blackwood_door"}, {"predicate": {"custom_model_data": 85.0}, "model": "dramaticdoors:item/short_rue_cypress_door"}, {"predicate": {"custom_model_data": 86.0}, "model": "dramaticdoors:item/short_rue_joshua_door"}, {"predicate": {"custom_model_data": 87.0}, "model": "dramaticdoors:item/short_rue_mauve_door"}, {"predicate": {"custom_model_data": 88.0}, "model": "dramaticdoors:item/short_rue_redwood_door"}, {"predicate": {"custom_model_data": 89.0}, "model": "dramaticdoors:item/short_skyroot_door"}, {"predicate": {"custom_model_data": 90.0}, "model": "dramaticdoors:item/short_soulblight_door"}, {"predicate": {"custom_model_data": 91.0}, "model": "dramaticdoors:item/short_strophar_door"}, {"predicate": {"custom_model_data": 92.0}, "model": "dramaticdoors:item/short_terrestria_japanese_maple_door"}, {"predicate": {"custom_model_data": 93.0}, "model": "dramaticdoors:item/short_terrestria_rubber_door"}, {"predicate": {"custom_model_data": 94.0}, "model": "dramaticdoors:item/short_terrestria_yucca_palm_door"}, {"predicate": {"custom_model_data": 95.0}, "model": "dramaticdoors:item/short_titanium_azalea_door"}, {"predicate": {"custom_model_data": 96.0}, "model": "dramaticdoors:item/short_traverse_fir_door"}, {"predicate": {"custom_model_data": 97.0}, "model": "dramaticdoors:item/short_twisted_door"}, {"predicate": {"custom_model_data": 98.0}, "model": "dramaticdoors:item/short_walnut_azalea_door"}, {"predicate": {"custom_model_data": 99.0}, "model": "dramaticdoors:item/short_ww_cypress_door"}, {"predicate": {"custom_model_data": 100.0}, "model": "minecraft:item/barrier"}, {"predicate": {"custom_model_data": 101.0}, "model": "wwizardry:item/stripped_denia_wood"}, {"predicate": {"custom_model_data": 102.0}, "model": "aurorasdeco:item/stripped_jacaranda_log"}, {"predicate": {"custom_model_data": 103.0}, "model": "promenade:item/stripped_maple_log"}, {"predicate": {"custom_model_data": 104.0}, "model": "promenade:item/stripped_palm_wood"}, {"predicate": {"custom_model_data": 105.0}, "model": "promenade:item/stripped_sakura_wood"}, {"predicate": {"custom_model_data": 106.0}, "model": "ecotones:item/sulfur"}, {"predicate": {"custom_model_data": 107.0}, "model": "dramaticdoors:item/tall_acacia_glass_door"}, {"predicate": {"custom_model_data": 108.0}, "model": "dramaticdoors:item/tall_azule_azalea_door"}, {"predicate": {"custom_model_data": 109.0}, "model": "dramaticdoors:item/tall_be_bamboo_door"}, {"predicate": {"custom_model_data": 110.0}, "model": "dramaticdoors:item/tall_birch_glass_door"}, {"predicate": {"custom_model_data": 111.0}, "model": "dramaticdoors:item/tall_blockus_charred_door"}, {"predicate": {"custom_model_data": 112.0}, "model": "dramaticdoors:item/tall_bm_ancient_oak_door"}, {"predicate": {"custom_model_data": 113.0}, "model": "dramaticdoors:item/tall_bm_willow_door"}, {"predicate": {"custom_model_data": 114.0}, "model": "dramaticdoors:item/tall_byg_baobab_door"}, {"predicate": {"custom_model_data": 115.0}, "model": "dramaticdoors:item/tall_byg_cherry_door"}, {"predicate": {"custom_model_data": 116.0}, "model": "dramaticdoors:item/tall_byg_ebony_door"}, {"predicate": {"custom_model_data": 117.0}, "model": "dramaticdoors:item/tall_byg_fir_door"}, {"predicate": {"custom_model_data": 118.0}, "model": "dramaticdoors:item/tall_byg_holly_door"}, {"predicate": {"custom_model_data": 119.0}, "model": "dramaticdoors:item/tall_byg_jacaranda_door"}, {"predicate": {"custom_model_data": 120.0}, "model": "dramaticdoors:item/tall_byg_maple_door"}, {"predicate": {"custom_model_data": 121.0}, "model": "dramaticdoors:item/tall_byg_pine_door"}, {"predicate": {"custom_model_data": 122.0}, "model": "dramaticdoors:item/tall_byg_skyris_door"}, {"predicate": {"custom_model_data": 123.0}, "model": "dramaticdoors:item/tall_byg_white_mangrove_door"}, {"predicate": {"custom_model_data": 124.0}, "model": "dramaticdoors:item/tall_byg_zelkova_door"}, {"predicate": {"custom_model_data": 125.0}, "model": "dramaticdoors:item/tall_charm_azalea_door"}, {"predicate": {"custom_model_data": 126.0}, "model": "dramaticdoors:item/tall_cherry_glass_door"}, {"predicate": {"custom_model_data": 127.0}, "model": "dramaticdoors:item/tall_chipped_barred_dark_oak_door"}, {"predicate": {"custom_model_data": 128.0}, "model": "dramaticdoors:item/tall_chipped_barred_oak_door"}, {"predicate": {"custom_model_data": 129.0}, "model": "dramaticdoors:item/tall_chipped_beach_acacia_door"}, {"predicate": {"custom_model_data": 130.0}, "model": "dramaticdoors:item/tall_chipped_beach_dark_oak_door"}, {"predicate": {"custom_model_data": 131.0}, "model": "dramaticdoors:item/tall_chipped_beach_spruce_door"}, {"predicate": {"custom_model_data": 132.0}, "model": "dramaticdoors:item/tall_chipped_boarded_birch_door"}, {"predicate": {"custom_model_data": 133.0}, "model": "dramaticdoors:item/tall_chipped_boarded_jungle_door"}, {"predicate": {"custom_model_data": 134.0}, "model": "dramaticdoors:item/tall_chipped_dual_paneled_mangrove_door"}, {"predicate": {"custom_model_data": 135.0}, "model": "dramaticdoors:item/tall_chipped_fortified_mangrove_door"}, {"predicate": {"custom_model_data": 136.0}, "model": "dramaticdoors:item/tall_chipped_gated_mangrove_door"}, {"predicate": {"custom_model_data": 137.0}, "model": "dramaticdoors:item/tall_chipped_glass_mangrove_door"}, {"predicate": {"custom_model_data": 138.0}, "model": "dramaticdoors:item/tall_chipped_heavy_mangrove_door"}, {"predicate": {"custom_model_data": 139.0}, "model": "dramaticdoors:item/tall_chipped_modern_mangrove_door"}, {"predicate": {"custom_model_data": 140.0}, "model": "dramaticdoors:item/tall_chipped_overgrown_acacia_door"}, {"predicate": {"custom_model_data": 141.0}, "model": "dramaticdoors:item/tall_chipped_overgrown_dark_oak_door"}, {"predicate": {"custom_model_data": 142.0}, "model": "dramaticdoors:item/tall_chipped_overgrown_oak_door"}, {"predicate": {"custom_model_data": 143.0}, "model": "dramaticdoors:item/tall_chipped_paneled_birch_door"}, {"predicate": {"custom_model_data": 144.0}, "model": "dramaticdoors:item/tall_chipped_paneled_mangrove_door"}, {"predicate": {"custom_model_data": 145.0}, "model": "dramaticdoors:item/tall_chipped_paper_dark_oak_door"}, {"predicate": {"custom_model_data": 146.0}, "model": "dramaticdoors:item/tall_chipped_paper_oak_door"}, {"predicate": {"custom_model_data": 147.0}, "model": "dramaticdoors:item/tall_chipped_pressed_acacia_door"}, {"predicate": {"custom_model_data": 148.0}, "model": "dramaticdoors:item/tall_chipped_pressed_dark_oak_door"}, {"predicate": {"custom_model_data": 149.0}, "model": "dramaticdoors:item/tall_chipped_pressed_oak_door"}, {"predicate": {"custom_model_data": 150.0}, "model": "dramaticdoors:item/tall_chipped_screen_acacia_door"}, {"predicate": {"custom_model_data": 151.0}, "model": "dramaticdoors:item/tall_chipped_screen_dark_oak_door"}, {"predicate": {"custom_model_data": 152.0}, "model": "dramaticdoors:item/tall_chipped_screen_oak_door"}, {"predicate": {"custom_model_data": 153.0}, "model": "dramaticdoors:item/tall_chipped_secret_acacia_door"}, {"predicate": {"custom_model_data": 154.0}, "model": "dramaticdoors:item/tall_chipped_secret_dark_oak_door"}, {"predicate": {"custom_model_data": 155.0}, "model": "dramaticdoors:item/tall_chipped_secret_oak_door"}, {"predicate": {"custom_model_data": 156.0}, "model": "dramaticdoors:item/tall_chipped_shack_acacia_door"}, {"predicate": {"custom_model_data": 157.0}, "model": "dramaticdoors:item/tall_chipped_shack_dark_oak_door"}, {"predicate": {"custom_model_data": 158.0}, "model": "dramaticdoors:item/tall_chipped_shack_oak_door"}, {"predicate": {"custom_model_data": 159.0}, "model": "dramaticdoors:item/tall_chipped_sliding_acacia_door"}, {"predicate": {"custom_model_data": 160.0}, "model": "dramaticdoors:item/tall_chipped_sliding_dark_oak_door"}, {"predicate": {"custom_model_data": 161.0}, "model": "dramaticdoors:item/tall_chipped_sliding_oak_door"}, {"predicate": {"custom_model_data": 162.0}, "model": "dramaticdoors:item/tall_chipped_supported_acacia_door"}, {"predicate": {"custom_model_data": 163.0}, "model": "dramaticdoors:item/tall_chipped_supported_jungle_door"}, {"predicate": {"custom_model_data": 164.0}, "model": "dramaticdoors:item/tall_chipped_supported_spruce_door"}, {"predicate": {"custom_model_data": 165.0}, "model": "dramaticdoors:item/tall_chipped_tile_windowed_birch_door"}, {"predicate": {"custom_model_data": 166.0}, "model": "dramaticdoors:item/tall_chipped_tile_windowed_jungle_door"}, {"predicate": {"custom_model_data": 167.0}, "model": "dramaticdoors:item/tall_chipped_tile_windowed_spruce_door"}, {"predicate": {"custom_model_data": 168.0}, "model": "dramaticdoors:item/tall_chipped_tiled_birch_door"}, {"predicate": {"custom_model_data": 169.0}, "model": "dramaticdoors:item/tall_chipped_tiled_jungle_door"}, {"predicate": {"custom_model_data": 170.0}, "model": "dramaticdoors:item/tall_chipped_tiled_spruce_door"}, {"predicate": {"custom_model_data": 171.0}, "model": "dramaticdoors:item/tall_chipped_windowed_birch_door"}, {"predicate": {"custom_model_data": 172.0}, "model": "dramaticdoors:item/tall_chipped_windowed_jungle_door"}, {"predicate": {"custom_model_data": 173.0}, "model": "dramaticdoors:item/tall_chipped_windowed_spruce_door"}, {"predicate": {"custom_model_data": 174.0}, "model": "dramaticdoors:item/tall_darkwood_door"}, {"predicate": {"custom_model_data": 175.0}, "model": "dramaticdoors:item/tall_echo_door"}, {"predicate": {"custom_model_data": 176.0}, "model": "dramaticdoors:item/tall_eco_flowering_azalea_door"}, {"predicate": {"custom_model_data": 177.0}, "model": "dramaticdoors:item/tall_elder_door"}, {"predicate": {"custom_model_data": 178.0}, "model": "dramaticdoors:item/tall_ge_cypress_door"}, {"predicate": {"custom_model_data": 179.0}, "model": "dramaticdoors:item/tall_glacian_door"}, {"predicate": {"custom_model_data": 180.0}, "model": "dramaticdoors:item/tall_jungle_glass_door"}, {"predicate": {"custom_model_data": 181.0}, "model": "dramaticdoors:item/tall_luzawood_door"}, {"predicate": {"custom_model_data": 182.0}, "model": "dramaticdoors:item/tall_macaw_acacia_barn_door"}, {"predicate": {"custom_model_data": 183.0}, "model": "dramaticdoors:item/tall_macaw_acacia_classic_door"}, {"predicate": {"custom_model_data": 184.0}, "model": "dramaticdoors:item/tall_macaw_acacia_glass_door"}, {"predicate": {"custom_model_data": 185.0}, "model": "dramaticdoors:item/tall_macaw_acacia_modern_door"}, {"predicate": {"custom_model_data": 186.0}, "model": "dramaticdoors:item/tall_macaw_acacia_paper_door"}, {"predicate": {"custom_model_data": 187.0}, "model": "dramaticdoors:item/tall_macaw_acacia_swamp_door"}, {"predicate": {"custom_model_data": 188.0}, "model": "dramaticdoors:item/tall_macaw_bamboo_barn_door"}, {"predicate": {"custom_model_data": 189.0}, "model": "dramaticdoors:item/tall_macaw_bamboo_classic_door"}, {"predicate": {"custom_model_data": 190.0}, "model": "dramaticdoors:item/tall_macaw_bamboo_glass_door"}, {"predicate": {"custom_model_data": 191.0}, "model": "dramaticdoors:item/tall_macaw_bamboo_modern_door"}, {"predicate": {"custom_model_data": 192.0}, "model": "dramaticdoors:item/tall_macaw_bamboo_paper_door"}, {"predicate": {"custom_model_data": 193.0}, "model": "dramaticdoors:item/tall_macaw_bamboo_swamp_door"}, {"predicate": {"custom_model_data": 194.0}, "model": "dramaticdoors:item/tall_macaw_birch_bamboo_door"}, {"predicate": {"custom_model_data": 195.0}, "model": "dramaticdoors:item/tall_macaw_birch_barn_glass_door"}, {"predicate": {"custom_model_data": 196.0}, "model": "dramaticdoors:item/tall_macaw_birch_cottage_door"}, {"predicate": {"custom_model_data": 197.0}, "model": "dramaticdoors:item/tall_macaw_birch_japanese2_door"}, {"predicate": {"custom_model_data": 198.0}, "model": "dramaticdoors:item/tall_macaw_birch_mystic_door"}, {"predicate": {"custom_model_data": 199.0}, "model": "dramaticdoors:item/tall_macaw_birch_stable_head_door"}, {"predicate": {"custom_model_data": 200.0}, "model": "dramaticdoors:item/tall_macaw_birch_waffle_door"}, {"predicate": {"custom_model_data": 201.0}, "model": "dramaticdoors:item/tall_macaw_cherry_barn_door"}, {"predicate": {"custom_model_data": 202.0}, "model": "dramaticdoors:item/tall_macaw_cherry_classic_door"}, {"predicate": {"custom_model_data": 203.0}, "model": "dramaticdoors:item/tall_macaw_cherry_glass_door"}, {"predicate": {"custom_model_data": 204.0}, "model": "dramaticdoors:item/tall_macaw_cherry_modern_door"}, {"predicate": {"custom_model_data": 205.0}, "model": "dramaticdoors:item/tall_macaw_cherry_paper_door"}, {"predicate": {"custom_model_data": 206.0}, "model": "dramaticdoors:item/tall_macaw_cherry_swamp_door"}, {"predicate": {"custom_model_data": 207.0}, "model": "dramaticdoors:item/tall_macaw_dark_oak_bamboo_door"}, {"predicate": {"custom_model_data": 208.0}, "model": "dramaticdoors:item/tall_macaw_dark_oak_barn_glass_door"}, {"predicate": {"custom_model_data": 209.0}, "model": "dramaticdoors:item/tall_macaw_dark_oak_cottage_door"}, {"predicate": {"custom_model_data": 210.0}, "model": "dramaticdoors:item/tall_macaw_dark_oak_japanese_door"}, {"predicate": {"custom_model_data": 211.0}, "model": "dramaticdoors:item/tall_macaw_dark_oak_nether_door"}, {"predicate": {"custom_model_data": 212.0}, "model": "dramaticdoors:item/tall_macaw_dark_oak_stable_head_door"}, {"predicate": {"custom_model_data": 213.0}, "model": "dramaticdoors:item/tall_macaw_dark_oak_waffle_door"}, {"predicate": {"custom_model_data": 214.0}, "model": "dramaticdoors:item/tall_macaw_jungle_bark_glass_door"}, {"predicate": {"custom_model_data": 215.0}, "model": "dramaticdoors:item/tall_macaw_jungle_classic_door"}, {"predicate": {"custom_model_data": 216.0}, "model": "dramaticdoors:item/tall_macaw_jungle_glass_door"}, {"predicate": {"custom_model_data": 217.0}, "model": "dramaticdoors:item/tall_macaw_jungle_modern_door"}, {"predicate": {"custom_model_data": 218.0}, "model": "dramaticdoors:item/tall_macaw_jungle_paper_door"}, {"predicate": {"custom_model_data": 219.0}, "model": "dramaticdoors:item/tall_macaw_jungle_swamp_door"}, {"predicate": {"custom_model_data": 220.0}, "model": "dramaticdoors:item/tall_macaw_mangrove_bamboo_door"}, {"predicate": {"custom_model_data": 221.0}, "model": "dramaticdoors:item/tall_macaw_mangrove_barn_glass_door"}, {"predicate": {"custom_model_data": 222.0}, "model": "dramaticdoors:item/tall_macaw_mangrove_cottage_door"}, {"predicate": {"custom_model_data": 223.0}, "model": "dramaticdoors:item/tall_macaw_mangrove_japanese2_door"}, {"predicate": {"custom_model_data": 224.0}, "model": "dramaticdoors:item/tall_macaw_mangrove_mystic_door"}, {"predicate": {"custom_model_data": 225.0}, "model": "dramaticdoors:item/tall_macaw_mangrove_stable_door"}, {"predicate": {"custom_model_data": 226.0}, "model": "dramaticdoors:item/tall_macaw_mangrove_waffle_door"}, {"predicate": {"custom_model_data": 227.0}, "model": "dramaticdoors:item/tall_macaw_oak_bamboo_door"}, {"predicate": {"custom_model_data": 228.0}, "model": "dramaticdoors:item/tall_macaw_oak_barn_glass_door"}, {"predicate": {"custom_model_data": 229.0}, "model": "dramaticdoors:item/tall_macaw_oak_four_panel_door"}, {"predicate": {"custom_model_data": 230.0}, "model": "dramaticdoors:item/tall_macaw_oak_japanese_door"}, {"predicate": {"custom_model_data": 231.0}, "model": "dramaticdoors:item/tall_macaw_oak_nether_door"}, {"predicate": {"custom_model_data": 232.0}, "model": "dramaticdoors:item/tall_macaw_oak_stable_head_door"}, {"predicate": {"custom_model_data": 233.0}, "model": "dramaticdoors:item/tall_macaw_oak_waffle_door"}, {"predicate": {"custom_model_data": 234.0}, "model": "dramaticdoors:item/tall_macaw_spruce_bark_glass_door"}, {"predicate": {"custom_model_data": 235.0}, "model": "dramaticdoors:item/tall_macaw_spruce_beach_door"}, {"predicate": {"custom_model_data": 236.0}, "model": "dramaticdoors:item/tall_macaw_spruce_glass_door"}, {"predicate": {"custom_model_data": 237.0}, "model": "dramaticdoors:item/tall_macaw_spruce_modern_door"}, {"predicate": {"custom_model_data": 238.0}, "model": "dramaticdoors:item/tall_macaw_spruce_paper_door"}, {"predicate": {"custom_model_data": 239.0}, "model": "dramaticdoors:item/tall_macaw_spruce_swamp_door"}, {"predicate": {"custom_model_data": 240.0}, "model": "dramaticdoors:item/tall_mangrove_glass_door"}, {"predicate": {"custom_model_data": 241.0}, "model": "dramaticdoors:item/tall_oak_door"}, {"predicate": {"custom_model_data": 242.0}, "model": "dramaticdoors:item/tall_promenade_dark_amaranth_door"}, {"predicate": {"custom_model_data": 243.0}, "model": "dramaticdoors:item/tall_rubber_door"}, {"predicate": {"custom_model_data": 244.0}, "model": "dramaticdoors:item/tall_rue_blackwood_door"}, {"predicate": {"custom_model_data": 245.0}, "model": "dramaticdoors:item/tall_rue_cypress_door"}, {"predicate": {"custom_model_data": 246.0}, "model": "dramaticdoors:item/tall_rue_joshua_door"}, {"predicate": {"custom_model_data": 247.0}, "model": "dramaticdoors:item/tall_rue_mauve_door"}, {"predicate": {"custom_model_data": 248.0}, "model": "dramaticdoors:item/tall_rue_redwood_door"}, {"predicate": {"custom_model_data": 249.0}, "model": "dramaticdoors:item/tall_skyroot_door"}, {"predicate": {"custom_model_data": 250.0}, "model": "dramaticdoors:item/tall_soulblight_door"}, {"predicate": {"custom_model_data": 251.0}, "model": "dramaticdoors:item/tall_strophar_door"}, {"predicate": {"custom_model_data": 252.0}, "model": "dramaticdoors:item/tall_terrestria_japanese_maple_door"}, {"predicate": {"custom_model_data": 253.0}, "model": "dramaticdoors:item/tall_terrestria_rubber_door"}, {"predicate": {"custom_model_data": 254.0}, "model": "dramaticdoors:item/tall_terrestria_yucca_palm_door"}, {"predicate": {"custom_model_data": 255.0}, "model": "dramaticdoors:item/tall_titanium_azalea_door"}, {"predicate": {"custom_model_data": 256.0}, "model": "dramaticdoors:item/tall_traverse_fir_door"}, {"predicate": {"custom_model_data": 257.0}, "model": "dramaticdoors:item/tall_twisted_door"}, {"predicate": {"custom_model_data": 258.0}, "model": "dramaticdoors:item/tall_walnut_azalea_door"}, {"predicate": {"custom_model_data": 259.0}, "model": "dramaticdoors:item/tall_ww_cypress_door"}, {"predicate": {"custom_model_data": 260.0}, "model": "pswg:item/tatooine_wood"}, {"predicate": {"custom_model_data": 261.0}, "model": "yttr:item/ultrapure_carbon"}, {"predicate": {"custom_model_data": 262.0}, "model": "promenade:item/vermilion_maple_sapling"}, {"predicate": {"custom_model_data": 263.0}, "model": "wood_you_dye:item/yellow_planks"}]}