{"parent":"minecraft:item/generated","textures":{"layer0":"minecraft:item/chicken"},"overrides":[{"predicate":{"custom_model_data":1.0},"model":"pswg:item/bantha_chop"},{"predicate":{"custom_model_data":2.0},"model":"pswg:item/cooked_nerf_chop"},{"predicate":{"custom_model_data":3.0},"model":"softerpastels:item/cotton_candy_ice_cream"},{"predicate":{"custom_model_data":4.0},"model":"pswg:item/dried_poonten_grass_bushel"},{"predicate":{"custom_model_data":5.0},"model":"pswg:item/hkak_bean"},{"predicate":{"custom_model_data":6.0},"model":"softerpastels:item/vanilla_ice_cream"}]}