{"parent": "minecraft:item/generated", "textures": {"layer0": "minecraft:item/clay_ball"}, "overrides": [{"predicate": {"custom_model_data": 1.0}, "model": "fabricaeexnihilo:item/adamantite_mesh"}, {"predicate": {"custom_model_data": 2.0}, "model": "amarite:item/amarite_disc"}, {"predicate": {"custom_model_data": 3.0}, "model": "pswg:item/blaster_a280"}, {"predicate": {"custom_model_data": 4.0}, "model": "phonos:item/blue_audio_cable"}, {"predicate": {"custom_model_data": 5.0}, "model": "create:item/brass_ingot"}, {"predicate": {"custom_model_data": 6.0}, "model": "amarite:item/butterfly_mask"}, {"predicate": {"custom_model_data": 7.0}, "model": "minecraft:item/barrier"}, {"predicate": {"custom_model_data": 8.0}, "model": "mythicmetals:item/celestium_nugget"}, {"predicate": {"custom_model_data": 9.0}, "model": "create:item/chest_minecart_contraption"}, {"predicate": {"custom_model_data": 10.0}, "model": "pswg:item/cortosis_ingot"}, {"predicate": {"custom_model_data": 11.0}, "model": "create:item/crushed_raw_zinc"}, {"predicate": {"custom_model_data": 12.0}, "model": "pswg:item/dewback_bone"}, {"predicate": {"custom_model_data": 13.0}, "model": "hexcasting:item/dye_colorizer_cyan"}, {"predicate": {"custom_model_data": 14.0}, "model": "honk:item/empty_syringe"}, {"predicate": {"custom_model_data": 15.0}, "model": "wiredredstone:item/ender_redstone_mixture"}, {"predicate": {"custom_model_data": 16.0}, "model": "wiredredstone:item/gate_nor"}, {"predicate": {"custom_model_data": 17.0}, "model": "pswg:item/glass_2"}, {"predicate": {"custom_model_data": 18.0}, "model": "terrariamod:item/gold_axe"}, {"predicate": {"custom_model_data": 19.0}, "model": "gravity_api:item/gravity_changer_south_aoe"}, {"predicate": {"custom_model_data": 20.0}, "model": "railways:item/gray_incomplete_conductor_cap"}, {"predicate": {"custom_model_data": 21.0}, "model": "mythicmetals:item/hallowed_ingot"}, {"predicate": {"custom_model_data": 22.0}, "model": "pswg:item/helicite_dust"}, {"predicate": {"custom_model_data": 23.0}, "model": "discarnate:item/info_task"}, {"predicate": {"custom_model_data": 24.0}, "model": "terrariamod:item/iron_axe"}, {"predicate": {"custom_model_data": 25.0}, "model": "terrariamod:item/lead_bow"}, {"predicate": {"custom_model_data": 26.0}, "model": "phonos:item/light_blue_audio_cable"}, {"predicate": {"custom_model_data": 27.0}, "model": "pswg:item/lommite_crystal"}, {"predicate": {"custom_model_data": 28.0}, "model": "pswg:item/mannequin"}, {"predicate": {"custom_model_data": 29.0}, "model": "turtlematic:item/mason_automata_core"}, {"predicate": {"custom_model_data": 30.0}, "model": "exco:item/memory_1k"}, {"predicate": {"custom_model_data": 30.0, "exco:gui": 1.0}, "model": "exco:item/memory_gui"}, {"predicate": {"custom_model_data": 31.0}, "model": "mythicmetals:item/midas_gold_ingot"}, {"predicate": {"custom_model_data": 32.0}, "model": "exco:item/music_disc_danone"}, {"predicate": {"custom_model_data": 33.0}, "model": "turtlematic:item/netherite_end_automata_core"}, {"predicate": {"custom_model_data": 34.0}, "model": "wiredredstone:item/orange_bundled_cable"}, {"predicate": {"custom_model_data": 35.0}, "model": "consistency_plus:item/orange_glazed_terracotta_brick"}, {"predicate": {"custom_model_data": 36.0}, "model": "create:item/powdered_obsidian"}, {"predicate": {"custom_model_data": 37.0}, "model": "mythicmetals:item/prometheum_ingot"}, {"predicate": {"custom_model_data": 38.0}, "model": "mythicmetals:item/quadrillum_ingot"}, {"predicate": {"custom_model_data": 39.0}, "model": "portalcubed:item/radio"}, {"predicate": {"custom_model_data": 40.0}, "model": "pswg:item/raw_ionite"}, {"predicate": {"custom_model_data": 41.0}, "model": "wiredredstone:item/red_insulated_wire"}, {"predicate": {"custom_model_data": 42.0}, "model": "wiredredstone:item/redstone_projector_cathode"}, {"predicate": {"custom_model_data": 43.0}, "model": "hexcasting:item/scroll_small"}, {"predicate": {"custom_model_data": 43.0, "hexcasting:ancient": 0.0}, "model": "hexcasting:item/scroll_pristine_small"}, {"predicate": {"custom_model_data": 43.0, "hexcasting:ancient": 1.0}, "model": "hexcasting:item/scroll_ancient_small"}, {"predicate": {"custom_model_data": 44.0}, "model": "peculiarpieces:item/slippery_shoes"}, {"predicate": {"custom_model_data": 45.0}, "model": "discarnate:item/sneak_task"}, {"predicate": {"custom_model_data": 46.0}, "model": "hexcasting:item/staff/warped"}, {"predicate": {"custom_model_data": 47.0}, "model": "mythicmetals:item/stormyx_ingot"}, {"predicate": {"custom_model_data": 48.0}, "model": "portalcubed:item/super_pellet"}, {"predicate": {"custom_model_data": 49.0}, "model": "discarnate:item/toggle_move_forward_task"}, {"predicate": {"custom_model_data": 50.0}, "model": "railways:item/track_incomplete_monorail"}, {"predicate": {"custom_model_data": 51.0}, "model": "yttr:item/ultrapure_gold"}, {"predicate": {"custom_model_data": 52.0}, "model": "yttr:item/void_bucket"}, {"predicate": {"custom_model_data": 53.0}, "model": "map_zones:item/zone_wrench"}]}