{"parent":"minecraft:item/generated","textures":{"layer0":"minecraft:item/coal"},"overrides":[{"predicate":{"custom_model_data":1.0},"model":"aurorasdeco:item/azalea_button"},{"predicate":{"custom_model_data":2.0},"model":"aurorasdeco:item/azalea_fence"},{"predicate":{"custom_model_data":3.0},"model":"aurorasdeco:item/azalea_pressure_plate"},{"predicate":{"custom_model_data":4.0},"model":"aurorasdeco:item/azalea_stairs"},{"predicate":{"custom_model_data":5.0},"model":"sandwichable:item/bamboo_cutting_board"},{"predicate":{"custom_model_data":6.0},"model":"wood_you_dye:item/blue_planks"},{"predicate":{"custom_model_data":7.0},"model":"promenade:item/blush_sakura_sapling"},{"predicate":{"custom_model_data":8.0},"model":"wood_you_dye:item/brown_planks"},{"predicate":{"custom_model_data":9.0},"model":"minecraft:item/barrier"},{"predicate":{"custom_model_data":10.0},"model":"sandwichable:item/charred_morsel"},{"predicate":{"custom_model_data":11.0},"model":"yttr:item/compressed_ultrapure_carbon"},{"predicate":{"custom_model_data":12.0},"model":"create:item/creative_blaze_cake"},{"predicate":{"custom_model_data":13.0},"model":"wood_you_dye:item/cyan_planks"},{"predicate":{"custom_model_data":14.0},"model":"wwizardry:item/denia_door"},{"predicate":{"custom_model_data":15.0},"model":"wwizardry:item/denia_hanging_sign"},{"predicate":{"custom_model_data":16.0},"model":"wwizardry:item/denia_planks"},{"predicate":{"custom_model_data":17.0},"model":"wwizardry:item/denia_sign"},{"predicate":{"custom_model_data":18.0},"model":"wwizardry:item/denia_trapdoor"},{"predicate":{"custom_model_data":19.0},"model":"templates:item/door"},{"predicate":{"custom_model_data":20.0},"model":"hexcasting:item/edified_log"},{"predicate":{"custom_model_data":21.0},"model":"hexcasting:item/edified_log_citrine"},{"predicate":{"custom_model_data":22.0},"model":"hexcasting:item/edified_planks"},{"predicate":{"custom_model_data":23.0},"model":"hexcasting:item/edified_wood"},{"predicate":{"custom_model_data":24.0},"model":"minecraft:item/barrier"},{"predicate":{"custom_model_data":25.0},"model":"promenade:item/fulvous_maple_sapling"},{"predicate":{"custom_model_data":26.0},"model":"aurorasdeco:item/jacaranda_boat"},{"predicate":{"custom_model_data":27.0},"model":"aurorasdeco:item/jacaranda_door"},{"predicate":{"custom_model_data":28.0},"model":"aurorasdeco:item/jacaranda_planks"},{"predicate":{"custom_model_data":29.0},"model":"aurorasdeco:item/jacaranda_sign"},{"predicate":{"custom_model_data":30.0},"model":"aurorasdeco:item/jacaranda_trapdoor"},{"predicate":{"custom_model_data":31.0},"model":"pswg:item/japor_log"},{"predicate":{"custom_model_data":32.0},"model":"wood_you_dye:item/light_gray_planks"},{"predicate":{"custom_model_data":33.0},"model":"wood_you_dye:item/lime_planks"},{"predicate":{"custom_model_data":34.0},"model":"promenade:item/maple_button"},{"predicate":{"custom_model_data":35.0},"model":"promenade:item/maple_fence"},{"predicate":{"custom_model_data":36.0},"model":"promenade:item/maple_pressure_plate"},{"predicate":{"custom_model_data":37.0},"model":"ecotones:item/maple_sapling"},{"predicate":{"custom_model_data":38.0},"model":"promenade:item/maple_stairs"},{"predicate":{"custom_model_data":39.0},"model":"promenade:item/maple_trapdoor"},{"predicate":{"custom_model_data":40.0},"model":"wwizardry:item/mycha_trapdoor"},{"predicate":{"custom_model_data":41.0},"model":"sandwichable:item/oak_cutting_board"},{"predicate":{"custom_model_data":42.0},"model":"tropics:item/palm_boat"},{"predicate":{"custom_model_data":43.0},"model":"promenade:item/palm_chest_boat"},{"predicate":{"custom_model_data":44.0},"model":"promenade:item/palm_fence_gate"},{"predicate":{"custom_model_data":45.0},"model":"promenade:item/palm_hanging_sign"},{"predicate":{"custom_model_data":46.0},"model":"promenade:item/palm_pressure_plate"},{"predicate":{"custom_model_data":47.0},"model":"tropics:item/palm_sapling"},{"predicate":{"custom_model_data":48.0},"model":"promenade:item/palm_slab"},{"predicate":{"custom_model_data":49.0},"model":"promenade:item/palm_wood"},{"predicate":{"custom_model_data":50.0},"model":"ecotones:item/phosphate"},{"predicate":{"custom_model_data":51.0},"model":"minecraft:item/barrier"},{"predicate":{"custom_model_data":52.0},"model":"promenade:item/sakura_chest_boat"},{"predicate":{"custom_model_data":53.0},"model":"promenade:item/sakura_fence_gate"},{"predicate":{"custom_model_data":54.0},"model":"promenade:item/sakura_planks"},{"predicate":{"custom_model_data":55.0},"model":"promenade:item/sakura_slab"},{"predicate":{"custom_model_data":56.0},"model":"promenade:item/sakura_wood"},{"predicate":{"custom_model_data":57.0},"model":"pswg:item/sequoia_wood"},{"predicate":{"custom_model_data":58.0},"model":"dramaticdoors:item/short_acacia_glass_door"},{"predicate":{"custom_model_data":59.0},"model":"dramaticdoors:item/short_azule_azalea_door"},{"predicate":{"custom_model_data":60.0},"model":"dramaticdoors:item/short_be_bamboo_door"},{"predicate":{"custom_model_data":61.0},"model":"dramaticdoors:item/short_birch_glass_door"},{"predicate":{"custom_model_data":62.0},"model":"dramaticdoors:item/short_blockus_charred_door"},{"predicate":{"custom_model_data":63.0},"model":"dramaticdoors:item/short_bm_ancient_oak_door"},{"predicate":{"custom_model_data":64.0},"model":"dramaticdoors:item/short_bm_willow_door"},{"predicate":{"custom_model_data":65.0},"model":"dramaticdoors:item/short_byg_baobab_door"},{"predicate":{"custom_model_data":66.0},"model":"dramaticdoors:item/short_byg_cherry_door"},{"predicate":{"custom_model_data":67.0},"model":"dramaticdoors:item/short_byg_ebony_door"},{"predicate":{"custom_model_data":68.0},"model":"dramaticdoors:item/short_byg_fir_door"},{"predicate":{"custom_model_data":69.0},"model":"dramaticdoors:item/short_byg_holly_door"},{"predicate":{"custom_model_data":70.0},"model":"dramaticdoors:item/short_byg_jacaranda_door"},{"predicate":{"custom_model_data":71.0},"model":"dramaticdoors:item/short_byg_maple_door"},{"predicate":{"custom_model_data":72.0},"model":"dramaticdoors:item/short_byg_pine_door"},{"predicate":{"custom_model_data":73.0},"model":"dramaticdoors:item/short_byg_skyris_door"},{"predicate":{"custom_model_data":74.0},"model":"dramaticdoors:item/short_byg_white_mangrove_door"},{"predicate":{"custom_model_data":75.0},"model":"dramaticdoors:item/short_byg_zelkova_door"},{"predicate":{"custom_model_data":76.0},"model":"dramaticdoors:item/short_charm_azalea_door"},{"predicate":{"custom_model_data":77.0},"model":"dramaticdoors:item/short_cherry_glass_door"},{"predicate":{"custom_model_data":78.0},"model":"dramaticdoors:item/short_crimson_glass_door"},{"predicate":{"custom_model_data":79.0},"model":"dramaticdoors:item/short_dark_oak_door"},{"predicate":{"custom_model_data":80.0},"model":"dramaticdoors:item/short_eco_azalea_door"},{"predicate":{"custom_model_data":81.0},"model":"dramaticdoors:item/short_eco_walnut_door"},{"predicate":{"custom_model_data":82.0},"model":"dramaticdoors:item/short_ge_muddy_oak_door"},{"predicate":{"custom_model_data":83.0},"model":"dramaticdoors:item/short_jungle_glass_door"},{"predicate":{"custom_model_data":84.0},"model":"dramaticdoors:item/short_mangrove_door"},{"predicate":{"custom_model_data":85.0},"model":"dramaticdoors:item/short_promenade_cherry_oak_door"},{"predicate":{"custom_model_data":86.0},"model":"dramaticdoors:item/short_roze_azalea_door"},{"predicate":{"custom_model_data":87.0},"model":"dramaticdoors:item/short_rue_baobab_door"},{"predicate":{"custom_model_data":88.0},"model":"dramaticdoors:item/short_rue_cherry_door"},{"predicate":{"custom_model_data":89.0},"model":"dramaticdoors:item/short_rue_eucalyptus_door"},{"predicate":{"custom_model_data":90.0},"model":"dramaticdoors:item/short_rue_maple_door"},{"predicate":{"custom_model_data":91.0},"model":"dramaticdoors:item/short_rue_pine_door"},{"predicate":{"custom_model_data":92.0},"model":"dramaticdoors:item/short_spruce_glass_door"},{"predicate":{"custom_model_data":93.0},"model":"dramaticdoors:item/short_stripped_bamboo_door"},{"predicate":{"custom_model_data":94.0},"model":"dramaticdoors:item/short_terrestria_hemlock_door"},{"predicate":{"custom_model_data":95.0},"model":"dramaticdoors:item/short_terrestria_redwood_door"},{"predicate":{"custom_model_data":96.0},"model":"dramaticdoors:item/short_terrestria_willow_door"},{"predicate":{"custom_model_data":97.0},"model":"dramaticdoors:item/short_timewood_door"},{"predicate":{"custom_model_data":98.0},"model":"dramaticdoors:item/short_transwood_door"},{"predicate":{"custom_model_data":99.0},"model":"dramaticdoors:item/short_twilight_oak_door"},{"predicate":{"custom_model_data":100.0},"model":"dramaticdoors:item/short_warped_glass_door"},{"predicate":{"custom_model_data":101.0},"model":"dramaticdoors:item/short_ww_baobab_door"},{"predicate":{"custom_model_data":102.0},"model":"dramaticdoors:item/short_yew_door"},{"predicate":{"custom_model_data":103.0},"model":"sandwichable:item/spruce_cutting_board"},{"predicate":{"custom_model_data":104.0},"model":"aurorasdeco:item/stripped_azalea_wood"},{"predicate":{"custom_model_data":105.0},"model":"wwizardry:item/stripped_denia_log"},{"predicate":{"custom_model_data":106.0},"model":"hexcasting:item/stripped_edified_wood"},{"predicate":{"custom_model_data":107.0},"model":"promenade:item/stripped_sakura_log"},{"predicate":{"custom_model_data":108.0},"model":"dramaticdoors:item/tall_acacia_door"},{"predicate":{"custom_model_data":109.0},"model":"dramaticdoors:item/tall_aether_skyroot_door"},{"predicate":{"custom_model_data":110.0},"model":"dramaticdoors:item/tall_apricorn_door"},{"predicate":{"custom_model_data":111.0},"model":"dramaticdoors:item/tall_bamboo_glass_door"},{"predicate":{"custom_model_data":112.0},"model":"dramaticdoors:item/tall_birch_door"},{"predicate":{"custom_model_data":113.0},"model":"dramaticdoors:item/tall_blockus_paper_door"},{"predicate":{"custom_model_data":114.0},"model":"dramaticdoors:item/tall_bloodshroom_door"},{"predicate":{"custom_model_data":115.0},"model":"dramaticdoors:item/tall_bm_swamp_cypress_door"},{"predicate":{"custom_model_data":116.0},"model":"dramaticdoors:item/tall_bright_azalea_door"},{"predicate":{"custom_model_data":117.0},"model":"dramaticdoors:item/tall_byg_aspen_door"},{"predicate":{"custom_model_data":118.0},"model":"dramaticdoors:item/tall_byg_bulbis_door"},{"predicate":{"custom_model_data":119.0},"model":"dramaticdoors:item/tall_byg_cypress_door"},{"predicate":{"custom_model_data":120.0},"model":"dramaticdoors:item/tall_byg_ether_door"},{"predicate":{"custom_model_data":121.0},"model":"dramaticdoors:item/tall_byg_green_enchanted_door"},{"predicate":{"custom_model_data":122.0},"model":"dramaticdoors:item/tall_byg_ironwood_door"},{"predicate":{"custom_model_data":123.0},"model":"dramaticdoors:item/tall_byg_mahogany_door"},{"predicate":{"custom_model_data":124.0},"model":"dramaticdoors:item/tall_byg_palm_door"},{"predicate":{"custom_model_data":125.0},"model":"dramaticdoors:item/tall_byg_redwood_door"},{"predicate":{"custom_model_data":126.0},"model":"dramaticdoors:item/tall_byg_sythian_door"},{"predicate":{"custom_model_data":127.0},"model":"dramaticdoors:item/tall_byg_witch_hazel_door"},{"predicate":{"custom_model_data":128.0},"model":"dramaticdoors:item/tall_ceiltrunk_door"},{"predicate":{"custom_model_data":129.0},"model":"dramaticdoors:item/tall_cherry_door"},{"predicate":{"custom_model_data":130.0},"model":"dramaticdoors:item/tall_chipped_barred_mangrove_door"},{"predicate":{"custom_model_data":131.0},"model":"dramaticdoors:item/tall_chipped_beach_oak_door"},{"predicate":{"custom_model_data":132.0},"model":"dramaticdoors:item/tall_chipped_boarded_acacia_door"},{"predicate":{"custom_model_data":133.0},"model":"dramaticdoors:item/tall_chipped_boarded_dark_oak_door"},{"predicate":{"custom_model_data":134.0},"model":"dramaticdoors:item/tall_chipped_boarded_oak_door"},{"predicate":{"custom_model_data":135.0},"model":"dramaticdoors:item/tall_chipped_dual_paneled_birch_door"},{"predicate":{"custom_model_data":136.0},"model":"dramaticdoors:item/tall_chipped_dual_paneled_jungle_door"},{"predicate":{"custom_model_data":137.0},"model":"dramaticdoors:item/tall_chipped_dual_paneled_spruce_door"},{"predicate":{"custom_model_data":138.0},"model":"dramaticdoors:item/tall_chipped_fortified_birch_door"},{"predicate":{"custom_model_data":139.0},"model":"dramaticdoors:item/tall_chipped_fortified_jungle_door"},{"predicate":{"custom_model_data":140.0},"model":"dramaticdoors:item/tall_chipped_fortified_spruce_door"},{"predicate":{"custom_model_data":141.0},"model":"dramaticdoors:item/tall_chipped_gated_birch_door"},{"predicate":{"custom_model_data":142.0},"model":"dramaticdoors:item/tall_chipped_gated_jungle_door"},{"predicate":{"custom_model_data":143.0},"model":"dramaticdoors:item/tall_chipped_gated_spruce_door"},{"predicate":{"custom_model_data":144.0},"model":"dramaticdoors:item/tall_chipped_glass_birch_door"},{"predicate":{"custom_model_data":145.0},"model":"dramaticdoors:item/tall_chipped_glass_jungle_door"},{"predicate":{"custom_model_data":146.0},"model":"dramaticdoors:item/tall_chipped_glass_spruce_door"},{"predicate":{"custom_model_data":147.0},"model":"dramaticdoors:item/tall_chipped_heavy_birch_door"},{"predicate":{"custom_model_data":148.0},"model":"dramaticdoors:item/tall_chipped_heavy_jungle_door"},{"predicate":{"custom_model_data":149.0},"model":"dramaticdoors:item/tall_chipped_heavy_spruce_door"},{"predicate":{"custom_model_data":150.0},"model":"dramaticdoors:item/tall_chipped_modern_birch_door"},{"predicate":{"custom_model_data":151.0},"model":"dramaticdoors:item/tall_chipped_modern_jungle_door"},{"predicate":{"custom_model_data":152.0},"model":"dramaticdoors:item/tall_chipped_overgrown_mangrove_door"},{"predicate":{"custom_model_data":153.0},"model":"dramaticdoors:item/tall_chipped_paneled_acacia_door"},{"predicate":{"custom_model_data":154.0},"model":"dramaticdoors:item/tall_chipped_paneled_jungle_door"},{"predicate":{"custom_model_data":155.0},"model":"dramaticdoors:item/tall_chipped_paneled_spruce_door"},{"predicate":{"custom_model_data":156.0},"model":"dramaticdoors:item/tall_chipped_paper_mangrove_door"},{"predicate":{"custom_model_data":157.0},"model":"dramaticdoors:item/tall_chipped_pressed_mangrove_door"},{"predicate":{"custom_model_data":158.0},"model":"dramaticdoors:item/tall_chipped_screen_mangrove_door"},{"predicate":{"custom_model_data":159.0},"model":"dramaticdoors:item/tall_chipped_secret_mangrove_door"},{"predicate":{"custom_model_data":160.0},"model":"dramaticdoors:item/tall_chipped_shack_mangrove_door"},{"predicate":{"custom_model_data":161.0},"model":"dramaticdoors:item/tall_chipped_sliding_mangrove_door"},{"predicate":{"custom_model_data":162.0},"model":"dramaticdoors:item/tall_chipped_supported_dark_oak_door"},{"predicate":{"custom_model_data":163.0},"model":"dramaticdoors:item/tall_chipped_supported_oak_door"},{"predicate":{"custom_model_data":164.0},"model":"dramaticdoors:item/tall_chipped_tile_windowed_acacia_door"},{"predicate":{"custom_model_data":165.0},"model":"dramaticdoors:item/tall_chipped_tile_windowed_dark_oak_door"},{"predicate":{"custom_model_data":166.0},"model":"dramaticdoors:item/tall_chipped_tile_windowed_oak_door"},{"predicate":{"custom_model_data":167.0},"model":"dramaticdoors:item/tall_chipped_tiled_acacia_door"},{"predicate":{"custom_model_data":168.0},"model":"dramaticdoors:item/tall_chipped_tiled_dark_oak_door"},{"predicate":{"custom_model_data":169.0},"model":"dramaticdoors:item/tall_chipped_tiled_oak_door"},{"predicate":{"custom_model_data":170.0},"model":"dramaticdoors:item/tall_chipped_windowed_acacia_door"},{"predicate":{"custom_model_data":171.0},"model":"dramaticdoors:item/tall_chipped_windowed_dark_oak_door"},{"predicate":{"custom_model_data":172.0},"model":"dramaticdoors:item/tall_chipped_windowed_oak_door"},{"predicate":{"custom_model_data":173.0},"model":"dramaticdoors:item/tall_dark_oak_glass_door"},{"predicate":{"custom_model_data":174.0},"model":"dramaticdoors:item/tall_dragons_blood_door"},{"predicate":{"custom_model_data":175.0},"model":"dramaticdoors:item/tall_eco_coconut_door"},{"predicate":{"custom_model_data":176.0},"model":"dramaticdoors:item/tall_edified_door"},{"predicate":{"custom_model_data":177.0},"model":"dramaticdoors:item/tall_fiss_azalea_door"},{"predicate":{"custom_model_data":178.0},"model":"dramaticdoors:item/tall_gingerbread_door"},{"predicate":{"custom_model_data":179.0},"model":"dramaticdoors:item/tall_greenheart_door"},{"predicate":{"custom_model_data":180.0},"model":"dramaticdoors:item/tall_jungle_door"},{"predicate":{"custom_model_data":181.0},"model":"dramaticdoors:item/tall_macaw_acacia_bark_glass_door"},{"predicate":{"custom_model_data":182.0},"model":"dramaticdoors:item/tall_macaw_acacia_beach_door"},{"predicate":{"custom_model_data":183.0},"model":"dramaticdoors:item/tall_macaw_acacia_four_panel_door"},{"predicate":{"custom_model_data":184.0},"model":"dramaticdoors:item/tall_macaw_acacia_japanese_door"},{"predicate":{"custom_model_data":185.0},"model":"dramaticdoors:item/tall_macaw_acacia_nether_door"},{"predicate":{"custom_model_data":186.0},"model":"dramaticdoors:item/tall_macaw_acacia_stable_head_door"},{"predicate":{"custom_model_data":187.0},"model":"dramaticdoors:item/tall_macaw_bamboo_bark_glass_door"},{"predicate":{"custom_model_data":188.0},"model":"dramaticdoors:item/tall_macaw_bamboo_beach_door"},{"predicate":{"custom_model_data":189.0},"model":"dramaticdoors:item/tall_macaw_bamboo_four_panel_door"},{"predicate":{"custom_model_data":190.0},"model":"dramaticdoors:item/tall_macaw_bamboo_japanese_door"},{"predicate":{"custom_model_data":191.0},"model":"dramaticdoors:item/tall_macaw_bamboo_nether_door"},{"predicate":{"custom_model_data":192.0},"model":"dramaticdoors:item/tall_macaw_bamboo_stable_head_door"},{"predicate":{"custom_model_data":193.0},"model":"dramaticdoors:item/tall_macaw_bamboo_waffle_door"},{"predicate":{"custom_model_data":194.0},"model":"dramaticdoors:item/tall_macaw_birch_barn_door"},{"predicate":{"custom_model_data":195.0},"model":"dramaticdoors:item/tall_macaw_birch_classic_door"},{"predicate":{"custom_model_data":196.0},"model":"dramaticdoors:item/tall_macaw_birch_glass_door"},{"predicate":{"custom_model_data":197.0},"model":"dramaticdoors:item/tall_macaw_birch_modern_door"},{"predicate":{"custom_model_data":198.0},"model":"dramaticdoors:item/tall_macaw_birch_stable_door"},{"predicate":{"custom_model_data":199.0},"model":"dramaticdoors:item/tall_macaw_birch_tropical_door"},{"predicate":{"custom_model_data":200.0},"model":"dramaticdoors:item/tall_macaw_cherry_bark_glass_door"},{"predicate":{"custom_model_data":201.0},"model":"dramaticdoors:item/tall_macaw_cherry_beach_door"},{"predicate":{"custom_model_data":202.0},"model":"dramaticdoors:item/tall_macaw_cherry_four_panel_door"},{"predicate":{"custom_model_data":203.0},"model":"dramaticdoors:item/tall_macaw_cherry_japanese_door"},{"predicate":{"custom_model_data":204.0},"model":"dramaticdoors:item/tall_macaw_cherry_nether_door"},{"predicate":{"custom_model_data":205.0},"model":"dramaticdoors:item/tall_macaw_cherry_stable_head_door"},{"predicate":{"custom_model_data":206.0},"model":"dramaticdoors:item/tall_macaw_dark_oak_barn_door"},{"predicate":{"custom_model_data":207.0},"model":"dramaticdoors:item/tall_macaw_dark_oak_classic_door"},{"predicate":{"custom_model_data":208.0},"model":"dramaticdoors:item/tall_macaw_dark_oak_japanese2_door"},{"predicate":{"custom_model_data":209.0},"model":"dramaticdoors:item/tall_macaw_dark_oak_mystic_door"},{"predicate":{"custom_model_data":210.0},"model":"dramaticdoors:item/tall_macaw_dark_oak_stable_door"},{"predicate":{"custom_model_data":211.0},"model":"dramaticdoors:item/tall_macaw_dark_oak_tropical_door"},{"predicate":{"custom_model_data":212.0},"model":"dramaticdoors:item/tall_macaw_jungle_bamboo_door"},{"predicate":{"custom_model_data":213.0},"model":"dramaticdoors:item/tall_macaw_jungle_barn_glass_door"},{"predicate":{"custom_model_data":214.0},"model":"dramaticdoors:item/tall_macaw_jungle_four_panel_door"},{"predicate":{"custom_model_data":215.0},"model":"dramaticdoors:item/tall_macaw_jungle_japanese_door"},{"predicate":{"custom_model_data":216.0},"model":"dramaticdoors:item/tall_macaw_jungle_nether_door"},{"predicate":{"custom_model_data":217.0},"model":"dramaticdoors:item/tall_macaw_jungle_stable_head_door"},{"predicate":{"custom_model_data":218.0},"model":"dramaticdoors:item/tall_macaw_jungle_waffle_door"},{"predicate":{"custom_model_data":219.0},"model":"dramaticdoors:item/tall_macaw_mangrove_barn_door"},{"predicate":{"custom_model_data":220.0},"model":"dramaticdoors:item/tall_macaw_mangrove_classic_door"},{"predicate":{"custom_model_data":221.0},"model":"dramaticdoors:item/tall_macaw_mangrove_glass_door"},{"predicate":{"custom_model_data":222.0},"model":"dramaticdoors:item/tall_macaw_mangrove_modern_door"},{"predicate":{"custom_model_data":223.0},"model":"dramaticdoors:item/tall_macaw_mangrove_paper_door"},{"predicate":{"custom_model_data":224.0},"model":"dramaticdoors:item/tall_macaw_mangrove_tropical_door"},{"predicate":{"custom_model_data":225.0},"model":"dramaticdoors:item/tall_macaw_oak_barn_door"},{"predicate":{"custom_model_data":226.0},"model":"dramaticdoors:item/tall_macaw_oak_cottage_door"},{"predicate":{"custom_model_data":227.0},"model":"dramaticdoors:item/tall_macaw_oak_japanese2_door"},{"predicate":{"custom_model_data":228.0},"model":"dramaticdoors:item/tall_macaw_oak_mystic_door"},{"predicate":{"custom_model_data":229.0},"model":"dramaticdoors:item/tall_macaw_oak_stable_door"},{"predicate":{"custom_model_data":230.0},"model":"dramaticdoors:item/tall_macaw_oak_tropical_door"},{"predicate":{"custom_model_data":231.0},"model":"dramaticdoors:item/tall_macaw_spruce_bamboo_door"},{"predicate":{"custom_model_data":232.0},"model":"dramaticdoors:item/tall_macaw_spruce_barn_glass_door"},{"predicate":{"custom_model_data":233.0},"model":"dramaticdoors:item/tall_macaw_spruce_four_panel_door"},{"predicate":{"custom_model_data":234.0},"model":"dramaticdoors:item/tall_macaw_spruce_japanese_door"},{"predicate":{"custom_model_data":235.0},"model":"dramaticdoors:item/tall_macaw_spruce_nether_door"},{"predicate":{"custom_model_data":236.0},"model":"dramaticdoors:item/tall_macaw_spruce_stable_head_door"},{"predicate":{"custom_model_data":237.0},"model":"dramaticdoors:item/tall_macaw_spruce_waffle_door"},{"predicate":{"custom_model_data":238.0},"model":"dramaticdoors:item/tall_mangrove_door"},{"predicate":{"custom_model_data":239.0},"model":"dramaticdoors:item/tall_promenade_cherry_oak_door"},{"predicate":{"custom_model_data":240.0},"model":"dramaticdoors:item/tall_roze_azalea_door"},{"predicate":{"custom_model_data":241.0},"model":"dramaticdoors:item/tall_rue_baobab_door"},{"predicate":{"custom_model_data":242.0},"model":"dramaticdoors:item/tall_rue_cherry_door"},{"predicate":{"custom_model_data":243.0},"model":"dramaticdoors:item/tall_rue_eucalyptus_door"},{"predicate":{"custom_model_data":244.0},"model":"dramaticdoors:item/tall_rue_maple_door"},{"predicate":{"custom_model_data":245.0},"model":"dramaticdoors:item/tall_rue_pine_door"},{"predicate":{"custom_model_data":246.0},"model":"dramaticdoors:item/tall_spruce_glass_door"},{"predicate":{"custom_model_data":247.0},"model":"dramaticdoors:item/tall_stripped_bamboo_door"},{"predicate":{"custom_model_data":248.0},"model":"dramaticdoors:item/tall_terrestria_hemlock_door"},{"predicate":{"custom_model_data":249.0},"model":"dramaticdoors:item/tall_terrestria_redwood_door"},{"predicate":{"custom_model_data":250.0},"model":"dramaticdoors:item/tall_terrestria_willow_door"},{"predicate":{"custom_model_data":251.0},"model":"dramaticdoors:item/tall_timewood_door"},{"predicate":{"custom_model_data":252.0},"model":"dramaticdoors:item/tall_transwood_door"},{"predicate":{"custom_model_data":253.0},"model":"dramaticdoors:item/tall_twilight_oak_door"},{"predicate":{"custom_model_data":254.0},"model":"dramaticdoors:item/tall_warped_glass_door"},{"predicate":{"custom_model_data":255.0},"model":"dramaticdoors:item/tall_ww_baobab_door"},{"predicate":{"custom_model_data":256.0},"model":"dramaticdoors:item/tall_yew_door"},{"predicate":{"custom_model_data":257.0},"model":"pswg:item/tatooine_log"},{"predicate":{"custom_model_data":258.0},"model":"wood_you_dye:item/white_planks"}]}