{"parent":"item/generated","textures":{"layer0":"item/cod"},"display":{"head":{"rotation":[0.0,90.0,-60.0],"translation":[-7.0,-4.0,-7.0],"scale":[0.8,0.8,0.8]}},"overrides":[{"predicate":{"custom_model_data":1.0},"model":"pswg:item/bantha_cookie"},{"predicate":{"custom_model_data":2.0},"model":"ecotones:item/blueberries"},{"predicate":{"custom_model_data":3.0},"model":"sandwichable:item/candescent_cheese_slice"},{"predicate":{"custom_model_data":4.0},"model":"sandwichable:item/cheese_slice"},{"predicate":{"custom_model_data":5.0},"model":"sandwichable:item/cooked_pork_cuts"},{"predicate":{"custom_model_data":6.0},"model":"pswg:item/diet_soda"},{"predicate":{"custom_model_data":7.0},"model":"pswg:item/flangth_plate"},{"predicate":{"custom_model_data":8.0},"model":"pswg:item/mynock_wing"},{"predicate":{"custom_model_data":9.0},"model":"minecraft:item/barrier"},{"predicate":{"custom_model_data":10.0},"model":"moue_milkshakes:item/strawberry_shake"},{"predicate":{"custom_model_data":11.0},"model":"moue_milkshakes:item/vanilla_shake"},{"predicate":{"custom_model_data":12.0},"model":"sandwichable:item/warped_bleu_cheese_slice"}]}