{"parent":"minecraft:item/generated","textures":{"layer0":"minecraft:item/cooked_rabbit"},"overrides":[{"predicate":{"custom_model_data":1.0},"model":"minecraft:item/barrier"},{"predicate":{"custom_model_data":2.0},"model":"pswg:item/cooked_eopie_loin"},{"predicate":{"custom_model_data":3.0},"model":"honk:item/fried_egg"},{"predicate":{"custom_model_data":4.0},"model":"gildednetherite:item/golden_porkchop"},{"predicate":{"custom_model_data":5.0},"model":"pswg:item/haroun_bread"},{"predicate":{"custom_model_data":6.0},"model":"pswg:item/jogan_fruit"},{"predicate":{"custom_model_data":7.0},"model":"minecraft:item/barrier"},{"predicate":{"custom_model_data":8.0},"model":"moue_milkshakes:item/strawberry"},{"predicate":{"custom_model_data":9.0},"model":"sandwichable:item/toasted_crimson_fungus"},{"predicate":{"custom_model_data":10.0},"model":"pswg:item/tuber_mash"}]}