{"parent":"minecraft:item/generated","textures":{"layer0":"minecraft:item/cooked_porkchop"},"overrides":[{"predicate":{"custom_model_data":1.0},"model":"promenade:item/cooked_duck"},{"predicate":{"custom_model_data":2.0},"model":"sandwichable:item/creamy_cheese_wheel"},{"predicate":{"custom_model_data":3.0},"model":"pswg:item/death_stick_yellow"},{"predicate":{"custom_model_data":4.0},"model":"pswg:item/gizka_chop"},{"predicate":{"custom_model_data":5.0},"model":"sandwichable:item/pork_cuts"},{"predicate":{"custom_model_data":6.0},"model":"minecraft:item/barrier"},{"predicate":{"custom_model_data":7.0},"model":"sandwichable:item/salmon_filet"},{"predicate":{"custom_model_data":8.0},"model":"hexcasting:item/sub_sandwich"},{"predicate":{"custom_model_data":9.0},"model":"sandwichable:item/toasted_bread_slice"},{"predicate":{"custom_model_data":10.0},"model":"pswg:item/tuber"}]}