{"parent": "minecraft:item/generated", "textures": {"layer0": "minecraft:item/cooked_chicken"}, "overrides": [{"predicate": {"custom_model_data": 1.0}, "model": "sandwichable:item/bacon_strips"}, {"predicate": {"custom_model_data": 2.0}, "model": "sandwichable:item/burnt_morsel"}, {"predicate": {"custom_model_data": 3.0}, "model": "engination:item/celery"}, {"predicate": {"custom_model_data": 4.0}, "model": "sandwichable:item/cooked_chopped_carrot"}, {"predicate": {"custom_model_data": 5.0}, "model": "pswg:item/coronet_cocktail"}, {"predicate": {"custom_model_data": 6.0}, "model": "pswg:item/desert_plums"}, {"predicate": {"custom_model_data": 7.0}, "model": "moue_milkshakes:item/golden_carrot_smoothie"}, {"predicate": {"custom_model_data": 8.0}, "model": "minecraft:item/barrier"}, {"predicate": {"custom_model_data": 9.0}, "model": "pswg:item/hubba_gourd"}, {"predicate": {"custom_model_data": 10.0}, "model": "promenade:item/mango"}, {"predicate": {"custom_model_data": 11.0}, "model": "softerpastels:item/purple_taffy"}, {"predicate": {"custom_model_data": 12.0}, "model": "missingwilds:item/roasted_polypore_mushroom"}, {"predicate": {"custom_model_data": 13.0}, "model": "sandwichable:item/sour_cheese_slice"}, {"predicate": {"custom_model_data": 14.0}, "model": "sandwichable:item/tomato_slice"}, {"predicate": {"custom_model_data": 14.0, "sandwichable:sandwich_state": 0.25}, "model": "sandwichable:item/tomato_slice_0"}, {"predicate": {"custom_model_data": 14.0, "sandwichable:sandwich_state": 0.5}, "model": "sandwichable:item/tomato_slice_1"}, {"predicate": {"custom_model_data": 14.0, "sandwichable:sandwich_state": 0.75}, "model": "sandwichable:item/tomato_slice_2"}]}