{"parent": "minecraft:item/generated", "textures": {"layer0": "minecraft:item/cooked_beef"}, "overrides": [{"predicate": {"custom_model_data": 1.0}, "model": "pswg:item/bottled_water"}, {"predicate": {"custom_model_data": 2.0}, "model": "sandwichable:item/burnt_food"}, {"predicate": {"custom_model_data": 3.0}, "model": "sandwichable:item/chicken_filet"}, {"predicate": {"custom_model_data": 4.0}, "model": "pollinators_paradise:item/chorus_honey_bottle"}, {"predicate": {"custom_model_data": 5.0}, "model": "sandwichable:item/cooked_chopped_beetroot"}, {"predicate": {"custom_model_data": 6.0}, "model": "sandwichable:item/glow_berry_jam_bottle"}, {"predicate": {"custom_model_data": 7.0}, "model": "sandwichable:item/golden_apple_slices"}, {"predicate": {"custom_model_data": 8.0}, "model": "pswg:item/kreetlejuice"}, {"predicate": {"custom_model_data": 9.0}, "model": "pswg:item/pika_fruit"}, {"predicate": {"custom_model_data": 10.0}, "model": "pswg:item/roast_krayt"}, {"predicate": {"custom_model_data": 11.0}, "model": "minecraft:item/barrier"}]}