{"parent": "minecraft:item/generated", "textures": {"layer0": "minecraft:item/cooked_cod"}, "overrides": [{"predicate": {"custom_model_data": 1.0}, "model": "pswg:item/chasuka_leaf"}, {"predicate": {"custom_model_data": 2.0}, "model": "sandwichable:item/cooked_chopped_onion"}, {"predicate": {"custom_model_data": 3.0}, "model": "minecraft:item/barrier"}, {"predicate": {"custom_model_data": 4.0}, "model": "pswg:item/jerba_rack"}, {"predicate": {"custom_model_data": 5.0}, "model": "softerpastels:item/light_blue_taffy"}, {"predicate": {"custom_model_data": 6.0}, "model": "pswg:item/qrikki_bread"}, {"predicate": {"custom_model_data": 7.0}, "model": "sandwichable:item/sour_cheese_wheel"}]}