{"parent": "minecraft:item/generated", "textures": {"layer0": "minecraft:item/cooked_salmon"}, "overrides": [{"predicate": {"custom_model_data": 1.0}, "model": "softerpastels:item/black_taffy"}, {"predicate": {"custom_model_data": 2.0}, "model": "pswg:item/cooked_gizka_chop"}, {"predicate": {"custom_model_data": 3.0}, "model": "softerpastels:item/gray_taffy"}, {"predicate": {"custom_model_data": 4.0}, "model": "softerpastels:item/light_red_taffy"}, {"predicate": {"custom_model_data": 5.0}, "model": "moue_milkshakes:item/nether_star_shake"}, {"predicate": {"custom_model_data": 6.0}, "model": "softerpastels:item/orange_taffy"}, {"predicate": {"custom_model_data": 7.0}, "model": "fabricaeexnihilo:item/raw_silkworm"}, {"predicate": {"custom_model_data": 8.0}, "model": "softerpastels:item/strawberry_ice_cream"}, {"predicate": {"custom_model_data": 9.0}, "model": "sandwichable:item/toasted_warped_fungus"}, {"predicate": {"custom_model_data": 10.0}, "model": "minecraft:item/barrier"}]}