{"parent": "minecraft:item/generated", "textures": {"layer0": "minecraft:item/cooked_mutton"}, "overrides": [{"predicate": {"custom_model_data": 1.0}, "model": "pswg:item/ahrisa_bowl"}, {"predicate": {"custom_model_data": 2.0}, "model": "minecraft:item/barrier"}, {"predicate": {"custom_model_data": 3.0}, "model": "softerpastels:item/blue_taffy"}, {"predicate": {"custom_model_data": 4.0}, "model": "sandwichable:item/bread_slice"}, {"predicate": {"custom_model_data": 5.0}, "model": "sandwichable:item/cooked_cod_filet"}, {"predicate": {"custom_model_data": 6.0}, "model": "sandwichable:item/creamy_cheese_slice"}, {"predicate": {"custom_model_data": 7.0}, "model": "pswg:item/death_stick_red"}, {"predicate": {"custom_model_data": 8.0}, "model": "pswg:item/jerba_rib"}, {"predicate": {"custom_model_data": 9.0}, "model": "minecraft:item/barrier"}, {"predicate": {"custom_model_data": 10.0}, "model": "befoul:item/lumen_slice"}, {"predicate": {"custom_model_data": 11.0}, "model": "sandwichable:item/onion"}, {"predicate": {"custom_model_data": 12.0}, "model": "pswg:item/qrikki_waffle"}, {"predicate": {"custom_model_data": 13.0}, "model": "pswg:item/ronto_chuck"}, {"predicate": {"custom_model_data": 14.0}, "model": "soul_ice:item/rujone_berries"}, {"predicate": {"custom_model_data": 15.0}, "model": "sandwichable:item/toasted_ancient_grain_bread_slice"}, {"predicate": {"custom_model_data": 16.0}, "model": "amarite:item/win_cookie"}]}