{"parent":"minecraft:item/generated","textures":{"layer0":"minecraft:item/copper_ingot"},"overrides":[{"predicate":{"custom_model_data":1.0},"model":"soul_ice:item/baked_gluten_ball"},{"predicate":{"active":1.0,"custom_model_data":15.0,"gliding":0.0},"model":"peculiarpieces:item/hang_glider_active"},{"predicate":{"active":1.0,"custom_model_data":15.0,"gliding":1.0},"model":"peculiarpieces:item/hang_glider_gliding"},{"predicate":{"custom_model_data":2.0},"model":"pswg:item/blaster_dlt19"},{"predicate":{"custom_model_data":3.0},"model":"blahaj:item/blue_shark"},{"predicate":{"custom_model_data":4.0},"model":"blahaj:item/blue_whale"},{"predicate":{"custom_model_data":5.0},"model":"turtlematic:item/brewing_automata_core"},{"predicate":{"custom_model_data":6.0},"model":"hexcasting:item/charged_amethyst"},{"predicate":{"custom_model_data":7.0},"model":"aurorasdeco:item/copper_sulfate"},{"predicate":{"custom_model_data":8.0},"model":"portalcubed:item/crowbar"},{"predicate":{"custom_model_data":9.0},"model":"phonos:item/cyan_audio_cable"},{"predicate":{"custom_model_data":10.0},"model":"consistency_plus:item/dark_prismarine_brick"},{"predicate":{"custom_model_data":11.0},"model":"hexcasting:item/dye_colorizer_purple"},{"predicate":{"custom_model_data":12.0},"model":"bouncecraft3:item/extreme_speed_grate"},{"predicate":{"custom_model_data":13.0},"model":"terrariamod:item/gel"},{"predicate":{"custom_model_data":14.0},"model":"pswg:item/glass_bottle_2"},{"predicate":{"custom_model_data":15.0},"model":"peculiarpieces:item/hang_glider"},{"predicate":{"custom_model_data":16.0},"model":"pswg:item/jumptrooper_jetpack"},{"predicate":{"custom_model_data":17.0},"model":"scriptor:item/leather_binder"},{"predicate":{"custom_model_data":18.0},"model":"milk_plus:item/milk_arrow"},{"predicate":{"custom_model_data":19.0},"model":"plethora:item/module_laser"},{"predicate":{"custom_model_data":20.0},"model":"exco:item/music_disc_greyatari"},{"predicate":{"custom_model_data":21.0},"model":"peripheralworks:item/netherite_peripheralium_hub"},{"predicate":{"custom_model_data":22.0},"model":"aurorasdeco:item/painter_palette"},{"predicate":{"custom_model_data":23.0},"model":"peripheralium:item/peripheralium_dust"},{"predicate":{"custom_model_data":24.0},"model":"terrariamod:item/platinum_pickaxe"},{"predicate":{"custom_model_data":25.0},"model":"fabricaeexnihilo:item/porcelain"},{"predicate":{"custom_model_data":26.0},"model":"create:item/precision_mechanism"},{"predicate":{"custom_model_data":27.0},"model":"yttr:item/promethium_speck"},{"predicate":{"custom_model_data":28.0},"model":"fabricaeexnihilo:item/raw_manganese_piece"},{"predicate":{"custom_model_data":29.0},"model":"portalcubed:item/redirection_cube"},{"predicate":{"custom_model_data":30.0},"model":"create:item/refined_radiance"},{"predicate":{"custom_model_data":31.0},"model":"aurorasdeco:item/seat_rest/birch"},{"predicate":{"custom_model_data":32.0},"model":"aurorasdeco:item/sign_post/birch"},{"predicate":{"custom_model_data":33.0},"model":"geocluster:item/silver_ingot"},{"predicate":{"custom_model_data":34.0},"model":"foxbox:item/snow_fox_plushie"},{"predicate":{"custom_model_data":35.0},"model":"pswg:item/spawn_zephyr_j"},{"predicate":{"custom_model_data":36.0},"model":"wiredredstone:item/stone_plate"},{"predicate":{"custom_model_data":37.0},"model":"discarnate:item/strafe_left_task"},{"predicate":{"custom_model_data":38.0},"model":"create:item/sturdy_sheet"},{"predicate":{"custom_model_data":39.0},"model":"railways:item/track_incomplete_blackstone_narrow"},{"predicate":{"custom_model_data":40.0},"model":"railways:item/track_incomplete_tieless_narrow"},{"predicate":{"custom_model_data":41.0},"model":"consistency_plus:item/tuff_brick"},{"predicate":{"custom_model_data":42.0},"model":"terrariamod:item/tungsten_pickaxe"},{"predicate":{"custom_model_data":43.0},"model":"amarite:item/unicorn_mask"},{"predicate":{"custom_model_data":44.0},"model":"minecraft:item/barrier"},{"predicate":{"custom_model_data":45.0},"model":"terrariamod:item/wooden_sword"}]}