{"parent":"minecraft:item/generated","textures":{"layer0":"minecraft:item/diamond"},"overrides":[{"predicate":{"custom_model_data":1.0},"model":"mythicmetals:item/aegis_smithing_template"},{"predicate":{"custom_model_data":2.0},"model":"portalcubed:item/beans"},{"predicate":{"custom_model_data":3.0},"model":"pswg:item/blaster_jawa_ion"},{"predicate":{"custom_model_data":4.0},"model":"wiredredstone:item/blue_insulated_wire"},{"predicate":{"custom_model_data":5.0},"model":"terrariamod:item/cactus_sword"},{"predicate":{"custom_model_data":6.0},"model":"polaroidcamera:item/camera"},{"predicate":{"custom_model_data":7.0},"model":"peculiarpieces:item/creative_book"},{"predicate":{"custom_model_data":8.0},"model":"fabricaeexnihilo:item/crimson_seeds"},{"predicate":{"custom_model_data":9.0},"model":"portalcubed:item/curiosity_core"},{"predicate":{"custom_model_data":10.0},"model":"pswg:item/diatium_nugget"},{"predicate":{"custom_model_data":11.0},"model":"pswg:item/display_panel"},{"predicate":{"custom_model_data":12.0},"model":"hexcasting:item/dye_colorizer_yellow"},{"predicate":{"custom_model_data":13.0},"model":"discarnate:item/face_cardinal_task"},{"predicate":{"custom_model_data":14.0},"model":"softerpastels:item/green_powder"},{"predicate":{"custom_model_data":15.0},"model":"pswg:item/light_gray_cup"},{"predicate":{"custom_model_data":16.0},"model":"minecraft:item/barrier"},{"predicate":{"custom_model_data":17.0},"model":"consistency_plus:item/lime_glazed_terracotta_brick"},{"predicate":{"custom_model_data":18.0},"model":"exco:item/music_disc_king"},{"predicate":{"custom_model_data":19.0},"model":"peculiarpieces:item/peculiar_book"},{"predicate":{"custom_model_data":20.0},"model":"minecraft:item/barrier"},{"predicate":{"custom_model_data":21.0},"model":"exco:item/platter_high"},{"predicate":{"custom_model_data":22.0},"model":"portable_tables:item/portable_anvil"},{"predicate":{"custom_model_data":23.0},"model":"hexcasting:item/pride_colorizer_aroace"},{"predicate":{"custom_model_data":24.0},"model":"turtlematic:item/protective_automata_core"},{"predicate":{"custom_model_data":25.0},"model":"geocluster:item/raw_ancient_debris"},{"predicate":{"custom_model_data":26.0},"model":"fabricaeexnihilo:item/raw_midas_gold_piece"},{"predicate":{"custom_model_data":27.0},"model":"wiredredstone:item/redstone_alloy_ingot"},{"predicate":{"custom_model_data":28.0},"model":"sandwichable:item/regular_cheese_culture_bottle"},{"predicate":{"custom_model_data":29.0},"model":"befoul:item/rotten_lard"},{"predicate":{"custom_model_data":30.0},"model":"mythicmetals:item/runite_arrow"},{"predicate":{"custom_model_data":31.0},"model":"aurorasdeco:item/seat_rest/dark_oak"},{"predicate":{"custom_model_data":32.0},"model":"terrariamod:item/shadewood_bow"},{"predicate":{"custom_model_data":33.0},"model":"aurorasdeco:item/sign_post/dark_oak"},{"predicate":{"custom_model_data":34.0},"model":"geocluster:item/silver_nugget"},{"predicate":{"custom_model_data":35.0},"model":"succ:item/suction_cup"},{"predicate":{"custom_model_data":36.0},"model":"discarnate:item/switch_slot_task"},{"predicate":{"custom_model_data":37.0},"model":"scriptor:item/tome_tier1"},{"predicate":{"custom_model_data":38.0},"model":"railways:item/track_incomplete_create_andesite_wide"},{"predicate":{"custom_model_data":39.0},"model":"railways:item/track_incomplete_warped_narrow"},{"predicate":{"custom_model_data":40.0},"model":"pswg:item/transparisteel_ingot"},{"predicate":{"custom_model_data":41.0},"model":"calibrated:item/unlimited_accessor"},{"predicate":{"custom_model_data":41.0},"model":"calibrated:item/unlimited_accessor_zap"},{"predicate":{"custom_model_data":41.0},"model":"calibrated:item/unlimited_accessor_fail"},{"predicate":{"custom_model_data":42.0},"model":"minecraft:item/barrier"},{"predicate":{"custom_model_data":43.0},"model":"create:item/whisk"},{"predicate":{"custom_model_data":44.0},"model":"amarite:item/winsweep_mask"},{"predicate":{"custom_model_data":45.0},"model":"create:item/wrench"},{"predicate":{"custom_model_data":46.0},"model":"yttr:item/yttrium_ingot"}]}