{"parent":"minecraft:item/generated","textures":{"layer0":"minecraft:item/echo_shard"},"overrides":[{"predicate":{"custom_model_data":1.0},"model":"piercingpaxels:item/active_hole"},{"predicate":{"custom_model_data":2.0},"model":"hexcasting:item/artifact"},{"predicate":{"custom_model_data":2.0,"hexcasting:has_patterns":-0.01,"hexcasting:variant":0.0},"model":"hexcasting:item/artifact"},{"predicate":{"custom_model_data":2.0,"hexcasting:has_patterns":0.99,"hexcasting:variant":0.0},"model":"hexcasting:item/artifact_0_filled"},{"predicate":{"custom_model_data":2.0,"hexcasting:has_patterns":-0.01,"hexcasting:variant":1.0},"model":"hexcasting:item/artifact_1"},{"predicate":{"custom_model_data":2.0,"hexcasting:has_patterns":0.99,"hexcasting:variant":1.0},"model":"hexcasting:item/artifact_1_filled"},{"predicate":{"custom_model_data":2.0,"hexcasting:has_patterns":-0.01,"hexcasting:variant":2.0},"model":"hexcasting:item/artifact_2"},{"predicate":{"custom_model_data":2.0,"hexcasting:has_patterns":0.99,"hexcasting:variant":2.0},"model":"hexcasting:item/artifact_2_filled"},{"predicate":{"custom_model_data":2.0,"hexcasting:has_patterns":-0.01,"hexcasting:variant":3.0},"model":"hexcasting:item/artifact_3"},{"predicate":{"custom_model_data":2.0,"hexcasting:has_patterns":0.99,"hexcasting:variant":3.0},"model":"hexcasting:item/artifact_3_filled"},{"predicate":{"custom_model_data":2.0,"hexcasting:has_patterns":-0.01,"hexcasting:variant":4.0},"model":"hexcasting:item/artifact_4"},{"predicate":{"custom_model_data":2.0,"hexcasting:has_patterns":0.99,"hexcasting:variant":4.0},"model":"hexcasting:item/artifact_4_filled"},{"predicate":{"custom_model_data":2.0,"hexcasting:has_patterns":-0.01,"hexcasting:variant":5.0},"model":"hexcasting:item/artifact_5"},{"predicate":{"custom_model_data":2.0,"hexcasting:has_patterns":0.99,"hexcasting:variant":5.0},"model":"hexcasting:item/artifact_5_filled"},{"predicate":{"custom_model_data":2.0,"hexcasting:has_patterns":-0.01,"hexcasting:variant":6.0},"model":"hexcasting:item/artifact_6"},{"predicate":{"custom_model_data":2.0,"hexcasting:has_patterns":0.99,"hexcasting:variant":6.0},"model":"hexcasting:item/artifact_6_filled"},{"predicate":{"custom_model_data":2.0,"hexcasting:has_patterns":-0.01,"hexcasting:variant":7.0},"model":"hexcasting:item/artifact_7"},{"predicate":{"custom_model_data":2.0,"hexcasting:has_patterns":0.99,"hexcasting:variant":7.0},"model":"hexcasting:item/artifact_7_filled"},{"predicate":{"custom_model_data":3.0},"model":"automobility:item/automobile_wheel"},{"predicate":{"custom_model_data":4.0},"model":"minecraft:item/barrier"},{"predicate":{"custom_model_data":5.0},"model":"terrariamod:item/black_lens"},{"predicate":{"custom_model_data":6.0},"model":"consistency_plus:item/black_terracotta_brick"},{"predicate":{"custom_model_data":7.0},"model":"consistency_plus:item/blue_terracotta_brick"},{"predicate":{"custom_model_data":8.0},"model":"peculiarpieces:item/bottomless_milk_bucket"},{"predicate":{"custom_model_data":9.0},"model":"pswg:item/chromium_nugget"},{"predicate":{"custom_model_data":10.0},"model":"scriptor:item/coordinate_casting_crystal"},{"predicate":{"custom_model_data":11.0},"model":"consistency_plus:item/cyan_terracotta_brick"},{"predicate":{"custom_model_data":12.0},"model":"terrariamod:item/demon_eye_spawn_egg"},{"predicate":{"custom_model_data":13.0},"model":"mythicmetals:item/durasteel_nugget"},{"predicate":{"custom_model_data":14.0},"model":"elysium:item/elysium_ingot"},{"predicate":{"custom_model_data":15.0},"model":"peculiarpieces:item/everlasting_emblem"},{"predicate":{"custom_model_data":16.0},"model":"befoul:item/foreboding_lens"},{"predicate":{"custom_model_data":17.0},"model":"sandwichable:item/golden_kitchen_knife"},{"predicate":{"custom_model_data":18.0},"model":"simply_starminer:item/gravity_anchor_down"},{"predicate":{"custom_model_data":19.0},"model":"terrariamod:item/green_slime_spawn_egg"},{"predicate":{"custom_model_data":20.0},"model":"mycoturgy:item/grief_arrow"},{"predicate":{"custom_model_data":21.0},"model":"mycoturgy:item/haustoral_band"},{"predicate":{"custom_model_data":22.0},"model":"bouncecraft3:item/high_speed_grate"},{"predicate":{"custom_model_data":23.0},"model":"create:item/incomplete_precision_mechanism"},{"predicate":{"custom_model_data":24.0},"model":"portalcubed:item/intelligence_core"},{"predicate":{"custom_model_data":25.0},"model":"terrariamod:item/iron_pickaxe"},{"predicate":{"custom_model_data":26.0},"model":"mythicmetals:item/legendary_banglum_smithing_template"},{"predicate":{"custom_model_data":27.0},"model":"softerpastels:item/light_green_powder"},{"predicate":{"custom_model_data":28.0},"model":"wiredredstone:item/lime_bundled_cable"},{"predicate":{"custom_model_data":29.0},"model":"milk:item/lingering_milk_bottle"},{"predicate":{"custom_model_data":30.0},"model":"mythicmetals:item/metallurgium_nugget"},{"predicate":{"custom_model_data":31.0},"model":"amarite:item/moon_mask"},{"predicate":{"custom_model_data":32.0},"model":"exco:item/music_disc_pinkssideoftown"},{"predicate":{"custom_model_data":33.0},"model":"railways:item/orange_incomplete_conductor_cap"},{"predicate":{"custom_model_data":34.0},"model":"portable_tables:item/portable_damaged_anvil"},{"predicate":{"custom_model_data":35.0},"model":"hexcasting:item/pride_colorizer_gay"},{"predicate":{"custom_model_data":36.0},"model":"yttr:item/projector"},{"predicate":{"custom_model_data":37.0},"model":"fabricaeexnihilo:item/raw_banglum_piece"},{"predicate":{"custom_model_data":38.0},"model":"geocluster:item/raw_tin"},{"predicate":{"custom_model_data":39.0},"model":"luckyducks:item/rubber_duck_spawn_egg"},{"predicate":{"custom_model_data":40.0},"model":"aurorasdeco:item/seat_rest/promenade/dark_amaranth"},{"predicate":{"custom_model_data":41.0},"model":"aurorasdeco:item/sign_post/promenade/dark_amaranth"},{"predicate":{"custom_model_data":42.0},"model":"terrariamod:item/silver_pickaxe"},{"predicate":{"custom_model_data":43.0},"model":"hexbound:item/spider_construct_battery"},{"predicate":{"custom_model_data":44.0},"model":"pswg:item/squill_liver"},{"predicate":{"custom_model_data":45.0},"model":"fabricaeexnihilo:item/string_mesh"},{"predicate":{"custom_model_data":46.0},"model":"railways:item/track_incomplete_dark_oak_wide"},{"predicate":{"custom_model_data":47.0},"model":"extended_drawers:item/upgrade_frame"},{"predicate":{"custom_model_data":48.0},"model":"minecraft:item/barrier"},{"predicate":{"custom_model_data":49.0},"model":"wiredredstone:item/yellow_insulated_wire"}]}