{"parent": "minecraft:item/generated", "textures": {"layer0": "minecraft:item/emerald"}, "overrides": [{"predicate": {"custom_model_data": 1.0}, "model": "honk:item/amber"}, {"predicate": {"custom_model_data": 2.0}, "model": "pollinators_paradise:item/apiarist_shears"}, {"predicate": {"custom_model_data": 2.0, "pollinators_paradise:honeyed": 1.0}, "model": "pollinators_paradise:item/apiarist_shears_honeyed"}, {"predicate": {"custom_model_data": 3.0}, "model": "hotm:item/aura_crystal_shard"}, {"predicate": {"custom_model_data": 4.0}, "model": "pswg:item/blaster_dc15a"}, {"predicate": {"custom_model_data": 5.0}, "model": "wiredredstone:item/blue_bundled_cable"}, {"predicate": {"custom_model_data": 6.0}, "model": "terrariamod:item/copper_shortsword"}, {"predicate": {"custom_model_data": 7.0}, "model": "terrariamod:item/crimtane_pickaxe"}, {"predicate": {"custom_model_data": 8.0}, "model": "pswg:item/cyan_door_insert"}, {"predicate": {"custom_model_data": 9.0}, "model": "sandwichable:item/diamond_kitchen_knife"}, {"predicate": {"custom_model_data": 10.0}, "model": "hexcasting:item/dye_colorizer_lime"}, {"predicate": {"custom_model_data": 11.0}, "model": "pswg:item/electric_motor"}, {"predicate": {"custom_model_data": 12.0}, "model": "peripheralworks:item/entity_card"}, {"predicate": {"custom_model_data": 12.0}, "model": "peripheralworks:item/entity_card_active"}, {"predicate": {"custom_model_data": 13.0}, "model": "wiredredstone:item/gate_rs_latch"}, {"predicate": {"custom_model_data": 14.0}, "model": "pswg:item/glass_7"}, {"predicate": {"custom_model_data": 15.0}, "model": "yttr:item/glowing_gas"}, {"predicate": {"custom_model_data": 16.0}, "model": "pswg:item/gray_door_insert"}, {"predicate": {"custom_model_data": 17.0}, "model": "consistency_plus:item/green_concrete_brick"}, {"predicate": {"custom_model_data": 18.0}, "model": "discarnate:item/jump_task"}, {"predicate": {"custom_model_data": 19.0}, "model": "pswg:item/kreetle_husk"}, {"predicate": {"custom_model_data": 20.0}, "model": "softerpastels:item/light_gray_powder"}, {"predicate": {"custom_model_data": 21.0}, "model": "portalcubed:item/lil_pineapple"}, {"predicate": {"custom_model_data": 22.0}, "model": "discarnate:item/look_down_task"}, {"predicate": {"custom_model_data": 23.0}, "model": "ecotones:item/magnifying_glass"}, {"predicate": {"custom_model_data": 24.0}, "model": "yttr:item/mercurial_potion"}, {"predicate": {"custom_model_data": 25.0}, "model": "plethora:item/module_glasses"}, {"predicate": {"custom_model_data": 26.0}, "model": "discarnate:item/move_forward_task"}, {"predicate": {"custom_model_data": 27.0}, "model": "exco:item/music_disc_ella"}, {"predicate": {"custom_model_data": 28.0}, "model": "fabricaeexnihilo:item/netherite_mesh"}, {"predicate": {"custom_model_data": 29.0}, "model": "moue_milkshakes:item/partially_filled_shake_cup"}, {"predicate": {"custom_model_data": 30.0}, "model": "fabricaeexnihilo:item/raw_kyber_piece"}, {"predicate": {"custom_model_data": 31.0}, "model": "pswg:item/raw_rubindum"}, {"predicate": {"custom_model_data": 32.0}, "model": "pswg:item/red_door_insert"}, {"predicate": {"custom_model_data": 33.0}, "model": "create:item/schedule"}, {"predicate": {"custom_model_data": 34.0}, "model": "fabricaeexnihilo:item/sea_pickle_seeds"}, {"predicate": {"custom_model_data": 35.0}, "model": "terrariamod:item/silver_bow"}, {"predicate": {"custom_model_data": 36.0}, "model": "pswg:item/spawn_landspeeder_x34"}, {"predicate": {"custom_model_data": 37.0}, "model": "fabricaeexnihilo:item/stone_pebble"}, {"predicate": {"custom_model_data": 38.0}, "model": "mythicmetals:item/stormyx_shell"}, {"predicate": {"custom_model_data": 39.0}, "model": "arcpocalypse:item/suspicious_broom"}, {"predicate": {"custom_model_data": 40.0}, "model": "discarnate:item/toggle_use_item_task"}, {"predicate": {"custom_model_data": 41.0}, "model": "railways:item/track_incomplete_birch"}, {"predicate": {"custom_model_data": 42.0}, "model": "railways:item/track_incomplete_spruce"}, {"predicate": {"custom_model_data": 43.0}, "model": "terrariamod:item/tungsten_bar"}, {"predicate": {"custom_model_data": 44.0}, "model": "yttr:item/ultrapure_silica"}]}