{"parent": "item/generated", "textures": {"layer0": "item/feather"}, "display": {"head": {"rotation": [0.0, 0.0, 45.0], "translation": [-1.0, 13.0, 7.0], "scale": [1.0, 1.0, 1.0]}}, "overrides": [{"predicate": {"custom_model_data": 1.0}, "model": "mythicmetals:item/banglum_chunk"}, {"predicate": {"custom_model_data": 2.0}, "model": "phonos:item/black_audio_cable"}, {"predicate": {"custom_model_data": 3.0}, "model": "create:item/builders_tea"}, {"predicate": {"custom_model_data": 4.0}, "model": "create:item/cinder_flour"}, {"predicate": {"custom_model_data": 5.0}, "model": "terrariamod:item/copper_bar"}, {"predicate": {"custom_model_data": 6.0}, "model": "mythicmetals:item/copper_nugget"}, {"predicate": {"custom_model_data": 7.0}, "model": "portalcubed:item/core_frame"}, {"predicate": {"custom_model_data": 8.0}, "model": "create:item/crushed_raw_nickel"}, {"predicate": {"custom_model_data": 9.0}, "model": "railways:item/cyan_incomplete_conductor_cap"}, {"predicate": {"custom_model_data": 10.0}, "model": "fabricaeexnihilo:item/deepslate_pebble"}, {"predicate": {"custom_model_data": 11.0}, "model": "terrariamod:item/demonite_pickaxe"}, {"predicate": {"custom_model_data": 12.0}, "model": "pswg:item/desh_coil"}, {"predicate": {"custom_model_data": 13.0}, "model": "fabricaeexnihilo:item/doll_shulker"}, {"predicate": {"custom_model_data": 14.0}, "model": "yttr:item/empty_ammo_can"}, {"predicate": {"custom_model_data": 15.0}, "model": "fabricaeexnihilo:item/flint_mesh"}, {"predicate": {"custom_model_data": 16.0}, "model": "gravity_api:item/gravity_changer_down"}, {"predicate": {"custom_model_data": 17.0}, "model": "plushables:item/heart_of_gold"}, {"predicate": {"custom_model_data": 18.0}, "model": "pswg:item/light_panel"}, {"predicate": {"custom_model_data": 19.0}, "model": "minecraft:item/barrier"}, {"predicate": {"custom_model_data": 20.0}, "model": "bingbingwahoo:item/music_disc_slider"}, {"predicate": {"custom_model_data": 21.0}, "model": "plethora:item/neural_interface"}, {"predicate": {"custom_model_data": 22.0}, "model": "amarite:item/oni_mask"}, {"predicate": {"custom_model_data": 23.0}, "model": "yttr:item/platforms"}, {"predicate": {"custom_model_data": 24.0}, "model": "phonos:item/portable_record_player"}, {"predicate": {"custom_model_data": 24.0, "phonos:has_record": 1.0}, "model": "phonos:item/portable_record_player_playing"}, {"predicate": {"custom_model_data": 25.0}, "model": "hexcasting:item/pride_colorizer_pansexual"}, {"predicate": {"custom_model_data": 26.0}, "model": "fabricaeexnihilo:item/raw_copper_piece"}, {"predicate": {"custom_model_data": 27.0}, "model": "geocluster:item/raw_uranium"}, {"predicate": {"custom_model_data": 28.0}, "model": "consistency_plus:item/red_sandstone_brick"}, {"predicate": {"custom_model_data": 29.0}, "model": "yttr:item/rifle_overclocked"}, {"predicate": {"custom_model_data": 30.0}, "model": "fabricaeexnihilo:item/salt_bottle"}, {"predicate": {"custom_model_data": 31.0}, "model": "scriptor:item/scrap_tier3"}, {"predicate": {"custom_model_data": 32.0}, "model": "aurorasdeco:item/seat_rest/warped"}, {"predicate": {"custom_model_data": 33.0}, "model": "aurorasdeco:item/sign_post/warped"}, {"predicate": {"custom_model_data": 34.0}, "model": "sandwichable:item/sour_cheese_culture_bottle"}, {"predicate": {"custom_model_data": 35.0}, "model": "mycoturgy:item/spore_pouch"}, {"predicate": {"custom_model_data": 36.0}, "model": "hexcasting:item/staff/edified"}, {"predicate": {"custom_model_data": 37.0}, "model": "turtlematic:item/starbound_husbandry_automata_core"}, {"predicate": {"custom_model_data": 38.0}, "model": "terrariamod:item/tin_broadsword"}, {"predicate": {"custom_model_data": 39.0}, "model": "railways:item/track_incomplete_hexcasting_edified_wide"}, {"predicate": {"custom_model_data": 40.0}, "model": "decomod:item/wallpaper_scraper"}, {"predicate": {"custom_model_data": 41.0}, "model": "wiredredstone:item/white_bundled_cable"}, {"predicate": {"custom_model_data": 42.0}, "model": "wiredredstone:item/white_insulated_wire"}, {"predicate": {"custom_model_data": 43.0}, "model": "pswg:item/yellow_door_insert"}]}