{"parent": "minecraft:item/generated", "textures": {"layer0": "minecraft:item/fermented_spider_eye"}, "overrides": [{"predicate": {"custom_model_data": 1.0}, "model": "amarite:item/amarite_mirror"}, {"predicate": {"custom_model_data": 2.0}, "model": "portalcubed:item/anger_core"}, {"predicate": {"custom_model_data": 3.0}, "model": "create:item/attribute_filter"}, {"predicate": {"custom_model_data": 4.0}, "model": "yttr:item/beetopal"}, {"predicate": {"custom_model_data": 5.0}, "model": "pswg:item/blaster_ca87"}, {"predicate": {"custom_model_data": 6.0}, "model": "create:item/brass_nugget"}, {"predicate": {"custom_model_data": 7.0}, "model": "pswg:item/brown_door_insert"}, {"predicate": {"custom_model_data": 8.0}, "model": "terrariamod:item/crimtane_bar"}, {"predicate": {"custom_model_data": 9.0}, "model": "consistency_plus:item/crying_obsidian_brick"}, {"predicate": {"custom_model_data": 10.0}, "model": "pswg:item/cyan_cup"}, {"predicate": {"custom_model_data": 11.0}, "model": "hexcasting:item/dye_colorizer_green"}, {"predicate": {"custom_model_data": 12.0}, "model": "electric_eel:item/eel_bucket"}, {"predicate": {"custom_model_data": 13.0}, "model": "turtlematic:item/enormous_automata_core"}, {"predicate": {"custom_model_data": 14.0}, "model": "wiredredstone:item/gate_or"}, {"predicate": {"custom_model_data": 15.0}, "model": "pswg:item/glass_4"}, {"predicate": {"custom_model_data": 16.0}, "model": "peculiarpieces:item/glider_wing"}, {"predicate": {"custom_model_data": 17.0}, "model": "terrariamod:item/gold_bow"}, {"predicate": {"custom_model_data": 18.0}, "model": "gravity_api:item/gravity_changer_up_aoe"}, {"predicate": {"custom_model_data": 19.0}, "model": "pswg:item/gray_cup"}, {"predicate": {"custom_model_data": 20.0}, "model": "mythicmetals:item/hallowed_nugget"}, {"predicate": {"custom_model_data": 21.0}, "model": "terrariamod:item/hellstone_bar"}, {"predicate": {"custom_model_data": 22.0}, "model": "terrariamod:item/iron_bow"}, {"predicate": {"custom_model_data": 23.0}, "model": "railways:item/jukeboxcart"}, {"predicate": {"custom_model_data": 24.0}, "model": "geocluster:item/lead_ingot"}, {"predicate": {"custom_model_data": 25.0}, "model": "softerpastels:item/magenta_powder"}, {"predicate": {"custom_model_data": 26.0}, "model": "exco:item/memory_4k"}, {"predicate": {"custom_model_data": 26.0, "exco:gui": 1.0}, "model": "exco:item/memory_gui"}, {"predicate": {"custom_model_data": 27.0}, "model": "mythicmetals:item/midas_gold_nugget"}, {"predicate": {"custom_model_data": 28.0}, "model": "portalcubed:item/mini_blackhole"}, {"predicate": {"custom_model_data": 29.0}, "model": "yttr:item/music_disc_desert_heat"}, {"predicate": {"custom_model_data": 30.0}, "model": "consistency_plus:item/netherite_horse_armor"}, {"predicate": {"custom_model_data": 31.0}, "model": "consistency_plus:item/orange_concrete_brick"}, {"predicate": {"custom_model_data": 32.0}, "model": "hdiamond:item/panel_item"}, {"predicate": {"custom_model_data": 33.0}, "model": "mythicmetals:item/platinum_ingot"}, {"predicate": {"custom_model_data": 34.0}, "model": "portalcubed:item/portal_1_companion_cube"}, {"predicate": {"custom_model_data": 35.0}, "model": "mythicmetals:item/prometheum_nugget"}, {"predicate": {"custom_model_data": 36.0}, "model": "softerpastels:item/purple_powder"}, {"predicate": {"custom_model_data": 37.0}, "model": "pswg:item/raw_kelerium"}, {"predicate": {"custom_model_data": 38.0}, "model": "mythicmetals:item/raw_quadrillum"}, {"predicate": {"custom_model_data": 39.0}, "model": "pswg:item/red_cup"}, {"predicate": {"custom_model_data": 40.0}, "model": "fabricaeexnihilo:item/rose_bush_seeds"}, {"predicate": {"custom_model_data": 41.0}, "model": "scarves:item/scarf"}, {"predicate": {"custom_model_data": 42.0}, "model": "terrariamod:item/silver_bar"}, {"predicate": {"custom_model_data": 43.0}, "model": "turtlematic:item/smithing_automata_core"}, {"predicate": {"custom_model_data": 44.0}, "model": "consistency_plus:item/snow_brick"}, {"predicate": {"custom_model_data": 45.0}, "model": "pswg:item/spawn_bantha"}, {"predicate": {"custom_model_data": 46.0}, "model": "mythicmetals:item/stormyx_nugget"}, {"predicate": {"custom_model_data": 47.0}, "model": "terrariamod:item/tin_pickaxe"}, {"predicate": {"custom_model_data": 48.0}, "model": "discarnate:item/toggle_strafe_left_task"}, {"predicate": {"custom_model_data": 49.0}, "model": "railways:item/track_incomplete_acacia"}, {"predicate": {"custom_model_data": 50.0}, "model": "railways:item/track_incomplete_oak_narrow"}, {"predicate": {"custom_model_data": 51.0}, "model": "yttr:item/ultrapure_lazurite"}, {"predicate": {"custom_model_data": 52.0}, "model": "discarnate:item/wait_task"}, {"predicate": {"custom_model_data": 53.0}, "model": "sandwichable:item/warped_bleu_cheese_culture_bottle"}, {"predicate": {"custom_model_data": 54.0}, "model": "arachne:item/weave"}, {"predicate": {"custom_model_data": 55.0}, "model": "terrariamod:item/wooden_arrow"}]}