{"parent": "minecraft:item/generated", "textures": {"layer0": "minecraft:item/flint"}, "overrides": [{"predicate": {"custom_model_data": 1.0}, "model": "peripheralworks:item/analyzer"}, {"predicate": {"custom_model_data": 2.0}, "model": "consistency_plus:item/blue_ice_brick"}, {"predicate": {"custom_model_data": 3.0}, "model": "wiredredstone:item/bundled_cable"}, {"predicate": {"custom_model_data": 4.0}, "model": "scriptor:item/casting_crystal"}, {"predicate": {"custom_model_data": 5.0}, "model": "consistency_plus:item/concrete_brick"}, {"predicate": {"custom_model_data": 6.0}, "model": "turtlematic:item/creative_protective_automata_core"}, {"predicate": {"custom_model_data": 7.0}, "model": "create:item/crushed_raw_osmium"}, {"predicate": {"custom_model_data": 8.0}, "model": "wiredredstone:item/cyan_insulated_wire"}, {"predicate": {"custom_model_data": 9.0}, "model": "wwizardry:item/denia_boat"}, {"predicate": {"custom_model_data": 10.0}, "model": "pswg:item/desh_cup"}, {"predicate": {"custom_model_data": 11.0}, "model": "ecotones:item/duck_egg"}, {"predicate": {"custom_model_data": 12.0}, "model": "soul_ice:item/gluten_ball"}, {"predicate": {"custom_model_data": 13.0}, "model": "gravity_api:item/gravity_changer_down_aoe"}, {"predicate": {"custom_model_data": 14.0}, "model": "pswg:item/green_cup"}, {"predicate": {"custom_model_data": 15.0}, "model": "pswg:item/green_light_backpack"}, {"predicate": {"custom_model_data": 16.0}, "model": "consistency_plus:item/ice_brick"}, {"predicate": {"custom_model_data": 17.0}, "model": "minecraft:item/barrier"}, {"predicate": {"custom_model_data": 18.0}, "model": "mythicmetals:item/midas_folding_template"}, {"predicate": {"custom_model_data": 19.0}, "model": "portalcubed:item/mug"}, {"predicate": {"custom_model_data": 20.0}, "model": "exco:item/music_disc_spark"}, {"predicate": {"custom_model_data": 21.0}, "model": "pswg:item/orange_door_insert"}, {"predicate": {"custom_model_data": 22.0}, "model": "mythicmetals:item/orichalcum_nugget"}, {"predicate": {"custom_model_data": 23.0}, "model": "portable_tables:item/portable_smithing"}, {"predicate": {"custom_model_data": 24.0}, "model": "hexcasting:item/pride_colorizer_plural"}, {"predicate": {"custom_model_data": 25.0}, "model": "wiredredstone:item/purple_bundled_cable"}, {"predicate": {"custom_model_data": 26.0}, "model": "pswg:item/raw_cortosis"}, {"predicate": {"custom_model_data": 27.0}, "model": "fabricaeexnihilo:item/raw_palladium_piece"}, {"predicate": {"custom_model_data": 28.0}, "model": "create:item/raw_zinc"}, {"predicate": {"custom_model_data": 29.0}, "model": "wiredredstone:item/redstone_inverting_cathode"}, {"predicate": {"custom_model_data": 30.0}, "model": "yttr:item/rifle_reinforced"}, {"predicate": {"custom_model_data": 31.0}, "model": "honk:item/screen"}, {"predicate": {"custom_model_data": 32.0}, "model": "aurorasdeco:item/seat_rest/wwizardry/denia"}, {"predicate": {"custom_model_data": 33.0}, "model": "aurorasdeco:item/sign_post/wwizardry/denia"}, {"predicate": {"custom_model_data": 34.0}, "model": "arachne:item/sketch"}, {"predicate": {"custom_model_data": 35.0}, "model": "mycoturgy:item/sporebrush"}, {"predicate": {"custom_model_data": 36.0}, "model": "hexcasting:item/staff/jungle"}, {"predicate": {"custom_model_data": 37.0}, "model": "turtlematic:item/starbound_mason_automata_core"}, {"predicate": {"custom_model_data": 38.0}, "model": "geocluster:item/tin_ingot"}, {"predicate": {"custom_model_data": 39.0}, "model": "railways:item/track_incomplete_jungle"}, {"predicate": {"custom_model_data": 40.0}, "model": "piercingpaxels:item/usage_axe"}, {"predicate": {"custom_model_data": 41.0}, "model": "yttr:item/xl_iron_ingot"}]}