{"parent":"minecraft:item/generated","textures":{"layer0":"minecraft:item/ghast_tear"},"overrides":[{"predicate":{"custom_model_data":1.0},"model":"hexcasting:item/abacus"},{"predicate":{"amarite:gui":1.0,"custom_model_data":3.0},"model":"amarite:item/amarite_longsword_handheld"},{"predicate":{"amarite:blocking":1.0,"amarite:gui":1.0,"custom_model_data":3.0},"model":"amarite:item/amarite_longsword_blocking"},{"predicate":{"amarite:accumulate":1.0,"amarite:gui":1.0,"custom_model_data":3.0},"model":"amarite:item/amarite_longsword_accumulate"},{"predicate":{"custom_model_data":2.0},"model":"mythicmetals:item/adamantite_nugget"},{"predicate":{"custom_model_data":3.0},"model":"amarite:item/amarite_longsword"},{"predicate":{"custom_model_data":4.0},"model":"pswg:item/blaster_bowcaster"},{"predicate":{"custom_model_data":5.0},"model":"create:item/copper_sheet"},{"predicate":{"custom_model_data":6.0},"model":"terrariamod:item/crimtane_axe"},{"predicate":{"custom_model_data":7.0},"model":"wwizardry:item/crystalline_sculk"},{"predicate":{"custom_model_data":8.0},"model":"pswg:item/dewback_bone_shard"},{"predicate":{"custom_model_data":9.0},"model":"extended_drawers:item/dupe_wand"},{"predicate":{"custom_model_data":10.0},"model":"hexcasting:item/dye_colorizer_gray"},{"predicate":{"custom_model_data":11.0},"model":"portalcubed:item/energy_pellet"},{"predicate":{"custom_model_data":12.0},"model":"consistency_plus:item/exposed_copper_brick"},{"predicate":{"custom_model_data":13.0},"model":"missingwilds:item/firefly_bottle"},{"predicate":{"custom_model_data":14.0},"model":"wiredredstone:item/gate_not"},{"predicate":{"custom_model_data":15.0},"model":"pswg:item/glass_3"},{"predicate":{"custom_model_data":16.0},"model":"terrariamod:item/gold_bar"},{"predicate":{"custom_model_data":17.0},"model":"gravity_api:item/gravity_changer_up"},{"predicate":{"custom_model_data":18.0},"model":"wiredredstone:item/gray_insulated_wire"},{"predicate":{"custom_model_data":19.0},"model":"terrariamod:item/iron_bar"},{"predicate":{"custom_model_data":20.0},"model":"portalcubed:item/jug"},{"predicate":{"custom_model_data":21.0},"model":"sandwichable:item/kitchen_knife"},{"predicate":{"custom_model_data":22.0},"model":"terrariamod:item/lead_broadsword"},{"predicate":{"custom_model_data":23.0},"model":"pswg:item/lommite_dust"},{"predicate":{"custom_model_data":24.0},"model":"exco:item/memory_2k"},{"predicate":{"custom_model_data":24.0,"exco:gui":1.0},"model":"exco:item/memory_gui"},{"predicate":{"custom_model_data":25.0},"model":"exco:item/music_disc_danslarue"},{"predicate":{"custom_model_data":26.0},"model":"fabricaeexnihilo:item/mycelium_seeds"},{"predicate":{"custom_model_data":27.0},"model":"mythicmetals:item/mythril_ingot"},{"predicate":{"custom_model_data":28.0},"model":"sandwichable:item/pickle_brine_bucket"},{"predicate":{"custom_model_data":29.0},"model":"geocluster:item/platinum_ingot"},{"predicate":{"custom_model_data":30.0},"model":"mythicmetals:item/quadrillum_nugget"},{"predicate":{"custom_model_data":31.0},"model":"fabricaeexnihilo:item/raw_iron_piece"},{"predicate":{"custom_model_data":32.0},"model":"fabricaeexnihilo:item/raw_prometheum_piece"},{"predicate":{"custom_model_data":33.0},"model":"wiredredstone:item/redstone_projector_torch"},{"predicate":{"custom_model_data":34.0},"model":"terrariamod:item/silver_axe"},{"predicate":{"custom_model_data":35.0},"model":"minecraft:item/barrier"},{"predicate":{"custom_model_data":36.0},"model":"discarnate:item/toggle_sneak_task"},{"predicate":{"custom_model_data":37.0},"model":"railways:item/track_incomplete_oak"},{"predicate":{"custom_model_data":38.0},"model":"yttr:item/ultrapure_iron"},{"predicate":{"custom_model_data":39.0},"model":"consistency_plus:item/yellow_concrete_brick"}]}