{"parent": "minecraft:item/generated", "textures": {"layer0": "minecraft:item/glistering_melon_slice"}, "overrides": [{"predicate": {"custom_model_data": 1.0}, "model": "pswg:item/blaster_dc15"}, {"predicate": {"custom_model_data": 2.0}, "model": "softerpastels:item/blue_powder"}, {"predicate": {"custom_model_data": 3.0}, "model": "create:item/brass_sheet"}, {"predicate": {"custom_model_data": 4.0}, "model": "phonos:item/brown_audio_cable"}, {"predicate": {"custom_model_data": 5.0}, "model": "create:item/chocolate_bucket"}, {"predicate": {"custom_model_data": 6.0}, "model": "terrariamod:item/copper_broadsword"}, {"predicate": {"custom_model_data": 7.0}, "model": "pswg:item/debug"}, {"predicate": {"custom_model_data": 8.0}, "model": "hexcasting:item/dye_colorizer_light_gray"}, {"predicate": {"custom_model_data": 9.0}, "model": "honk:item/egg"}, {"predicate": {"custom_model_data": 10.0}, "model": "wiredredstone:item/gate_repeater"}, {"predicate": {"custom_model_data": 11.0}, "model": "consistency_plus:item/gilded_blackstone_brick"}, {"predicate": {"custom_model_data": 12.0}, "model": "pswg:item/glass_6"}, {"predicate": {"custom_model_data": 13.0}, "model": "fabricaeexnihilo:item/granite_pebble"}, {"predicate": {"custom_model_data": 14.0}, "model": "gravity_api:item/gravity_changer_west_aoe"}, {"predicate": {"custom_model_data": 15.0}, "model": "consistency_plus:item/gray_terracotta_brick"}, {"predicate": {"custom_model_data": 16.0}, "model": "pswg:item/krayt_tooth"}, {"predicate": {"custom_model_data": 17.0}, "model": "wiredredstone:item/light_blue_bundled_cable"}, {"predicate": {"custom_model_data": 18.0}, "model": "consistency_plus:item/light_blue_glazed_terracotta_brick"}, {"predicate": {"custom_model_data": 19.0}, "model": "softerpastels:item/light_red_powder"}, {"predicate": {"custom_model_data": 20.0}, "model": "peculiarpieces:item/long_stick"}, {"predicate": {"custom_model_data": 21.0}, "model": "turtlematic:item/mercantile_automata_core"}, {"predicate": {"custom_model_data": 22.0}, "model": "discarnate:item/move_backward_task"}, {"predicate": {"custom_model_data": 23.0}, "model": "exco:item/music_disc_dreidl"}, {"predicate": {"custom_model_data": 24.0}, "model": "sandwichable:item/netherite_kitchen_knife"}, {"predicate": {"custom_model_data": 25.0}, "model": "calibrated:item/novice_accessor"}, {"predicate": {"custom_model_data": 25.0}, "model": "calibrated:item/novice_accessor_zap"}, {"predicate": {"custom_model_data": 25.0}, "model": "calibrated:item/novice_accessor_fail"}, {"predicate": {"custom_model_data": 26.0}, "model": "pswg:item/pink_cup"}, {"predicate": {"custom_model_data": 27.0}, "model": "mythicmetals:item/platinum_nugget"}, {"predicate": {"custom_model_data": 28.0}, "model": "plushables:item/powered_heart"}, {"predicate": {"custom_model_data": 29.0}, "model": "fabricaeexnihilo:item/raw_quadrillum_piece"}, {"predicate": {"custom_model_data": 30.0}, "model": "wwizardry:item/rose_quartz"}, {"predicate": {"custom_model_data": 31.0}, "model": "consistency_plus:item/sandstone_brick"}, {"predicate": {"custom_model_data": 32.0}, "model": "consistency_plus:item/soul_sandstone_brick"}, {"predicate": {"custom_model_data": 33.0}, "model": "pswg:item/spawn_laa"}, {"predicate": {"custom_model_data": 34.0}, "model": "peculiarpieces:item/steady_sneakers"}, {"predicate": {"custom_model_data": 35.0}, "model": "discarnate:item/toggle_swing_item_task"}, {"predicate": {"custom_model_data": 36.0}, "model": "railways:item/track_incomplete_acacia_wide"}, {"predicate": {"custom_model_data": 37.0}, "model": "railways:item/track_incomplete_phantom"}, {"predicate": {"custom_model_data": 38.0}, "model": "arcpocalypse:item/true_ancestor_marble"}, {"predicate": {"custom_model_data": 39.0}, "model": "terrariamod:item/tungsten_axe"}, {"predicate": {"custom_model_data": 40.0}, "model": "yttr:item/ultrapure_netherite"}, {"predicate": {"custom_model_data": 41.0}, "model": "terrariamod:item/wooden_bow"}]}