{"parent": "minecraft:item/generated", "textures": {"layer0": "minecraft:item/golden_carrot"}, "overrides": [{"predicate": {"custom_model_data": 1.0}, "model": "sandwichable:item/ancient_grain_bread_slice"}, {"predicate": {"custom_model_data": 2.0}, "model": "sandwichable:item/apple_slices"}, {"predicate": {"custom_model_data": 3.0}, "model": "moue_milkshakes:item/chocolate_shake"}, {"predicate": {"custom_model_data": 4.0}, "model": "pswg:item/classic_soda"}, {"predicate": {"custom_model_data": 5.0}, "model": "pswg:item/crispy_gorg"}, {"predicate": {"custom_model_data": 6.0}, "model": "softerpastels:item/light_gray_taffy"}, {"predicate": {"custom_model_data": 7.0}, "model": "minecraft:item/barrier"}, {"predicate": {"custom_model_data": 8.0}, "model": "moue_milkshakes:item/moue_shake"}, {"predicate": {"custom_model_data": 9.0}, "model": "minecraft:item/barrier"}, {"predicate": {"custom_model_data": 10.0}, "model": "minecraft:item/barrier"}, {"predicate": {"custom_model_data": 11.0}, "model": "minecraft:item/barrier"}]}