{"parent": "minecraft:item/generated", "textures": {"layer0": "minecraft:item/gold_ingot"}, "overrides": [{"predicate": {"custom_model_data": 1.0}, "model": "pswg:item/blaster_ee3"}, {"predicate": {"custom_model_data": 2.0}, "model": "railways:item/blue_incomplete_conductor_cap"}, {"predicate": {"custom_model_data": 3.0}, "model": "terrariamod:item/blue_slime_spawn_egg"}, {"predicate": {"custom_model_data": 4.0}, "model": "fabricaeexnihilo:item/cactus_seeds"}, {"predicate": {"custom_model_data": 5.0}, "model": "calibrated:item/calibrator"}, {"predicate": {"custom_model_data": 6.0}, "model": "pswg:item/diatium_ingot"}, {"predicate": {"custom_model_data": 7.0}, "model": "mythicmetals:item/durasteel_engine"}, {"predicate": {"custom_model_data": 8.0}, "model": "hexcasting:item/dye_colorizer_white"}, {"predicate": {"custom_model_data": 9.0}, "model": "pswg:item/faa_bucket"}, {"predicate": {"custom_model_data": 10.0}, "model": "sandwichable:item/glass_kitchen_knife"}, {"predicate": {"custom_model_data": 11.0}, "model": "wiredredstone:item/gray_bundled_cable"}, {"predicate": {"custom_model_data": 12.0}, "model": "consistency_plus:item/gray_glazed_terracotta_brick"}, {"predicate": {"custom_model_data": 13.0}, "model": "scriptor:item/identify_scroll"}, {"predicate": {"custom_model_data": 14.0}, "model": "yttr:item/inred_pcb"}, {"predicate": {"custom_model_data": 15.0}, "model": "softerpastels:item/light_blue_powder"}, {"predicate": {"custom_model_data": 16.0}, "model": "terrariamod:item/lights_bane"}, {"predicate": {"custom_model_data": 17.0}, "model": "hexcasting:item/lore_fragment"}, {"predicate": {"custom_model_data": 18.0}, "model": "ecotones:item/malachite_item"}, {"predicate": {"custom_model_data": 19.0}, "model": "plethora:item/module_sensor"}, {"predicate": {"custom_model_data": 20.0}, "model": "peripheralium:item/peripheralium_upgrade_template"}, {"predicate": {"custom_model_data": 21.0}, "model": "phonos:item/pink_audio_cable"}, {"predicate": {"custom_model_data": 22.0}, "model": "consistency_plus:item/pink_glazed_terracotta_brick"}, {"predicate": {"custom_model_data": 23.0}, "model": "mythicmetals:item/platinum_watch"}, {"predicate": {"custom_model_data": 23.0, "mythicmetals:time": 0.0}, "model": "mythicmetals:item/watch/watch_00"}, {"predicate": {"custom_model_data": 23.0, "mythicmetals:time": 0.0078125}, "model": "mythicmetals:item/watch/watch_01"}, {"predicate": {"custom_model_data": 23.0, "mythicmetals:time": 0.0234375}, "model": "mythicmetals:item/watch/watch_02"}, {"predicate": {"custom_model_data": 23.0, "mythicmetals:time": 0.0390625}, "model": "mythicmetals:item/watch/watch_03"}, {"predicate": {"custom_model_data": 23.0, "mythicmetals:time": 0.0546875}, "model": "mythicmetals:item/watch/watch_04"}, {"predicate": {"custom_model_data": 23.0, "mythicmetals:time": 0.0703125}, "model": "mythicmetals:item/watch/watch_05"}, {"predicate": {"custom_model_data": 23.0, "mythicmetals:time": 0.0859375}, "model": "mythicmetals:item/watch/watch_06"}, {"predicate": {"custom_model_data": 23.0, "mythicmetals:time": 0.1015625}, "model": "mythicmetals:item/watch/watch_07"}, {"predicate": {"custom_model_data": 23.0, "mythicmetals:time": 0.1171875}, "model": "mythicmetals:item/watch/watch_08"}, {"predicate": {"custom_model_data": 23.0, "mythicmetals:time": 0.1328125}, "model": "mythicmetals:item/watch/watch_09"}, {"predicate": {"custom_model_data": 23.0, "mythicmetals:time": 0.1484375}, "model": "mythicmetals:item/watch/watch_10"}, {"predicate": {"custom_model_data": 23.0, "mythicmetals:time": 0.1640625}, "model": "mythicmetals:item/watch/watch_11"}, {"predicate": {"custom_model_data": 23.0, "mythicmetals:time": 0.1796875}, "model": "mythicmetals:item/watch/watch_12"}, {"predicate": {"custom_model_data": 23.0, "mythicmetals:time": 0.1953125}, "model": "mythicmetals:item/watch/watch_13"}, {"predicate": {"custom_model_data": 23.0, "mythicmetals:time": 0.2109375}, "model": "mythicmetals:item/watch/watch_14"}, {"predicate": {"custom_model_data": 23.0, "mythicmetals:time": 0.2265625}, "model": "mythicmetals:item/watch/watch_15"}, {"predicate": {"custom_model_data": 23.0, "mythicmetals:time": 0.2421875}, "model": "mythicmetals:item/watch/watch_16"}, {"predicate": {"custom_model_data": 23.0, "mythicmetals:time": 0.2578125}, "model": "mythicmetals:item/watch/watch_17"}, {"predicate": {"custom_model_data": 23.0, "mythicmetals:time": 0.2734375}, "model": "mythicmetals:item/watch/watch_18"}, {"predicate": {"custom_model_data": 23.0, "mythicmetals:time": 0.2890625}, "model": "mythicmetals:item/watch/watch_19"}, {"predicate": {"custom_model_data": 23.0, "mythicmetals:time": 0.3046875}, "model": "mythicmetals:item/watch/watch_20"}, {"predicate": {"custom_model_data": 23.0, "mythicmetals:time": 0.3203125}, "model": "mythicmetals:item/watch/watch_21"}, {"predicate": {"custom_model_data": 23.0, "mythicmetals:time": 0.3359375}, "model": "mythicmetals:item/watch/watch_22"}, {"predicate": {"custom_model_data": 23.0, "mythicmetals:time": 0.3515625}, "model": "mythicmetals:item/watch/watch_23"}, {"predicate": {"custom_model_data": 23.0, "mythicmetals:time": 0.3671875}, "model": "mythicmetals:item/watch/watch_24"}, {"predicate": {"custom_model_data": 23.0, "mythicmetals:time": 0.3828125}, "model": "mythicmetals:item/watch/watch_25"}, {"predicate": {"custom_model_data": 23.0, "mythicmetals:time": 0.3984375}, "model": "mythicmetals:item/watch/watch_26"}, {"predicate": {"custom_model_data": 23.0, "mythicmetals:time": 0.4140625}, "model": "mythicmetals:item/watch/watch_27"}, {"predicate": {"custom_model_data": 23.0, "mythicmetals:time": 0.4296875}, "model": "mythicmetals:item/watch/watch_28"}, {"predicate": {"custom_model_data": 23.0, "mythicmetals:time": 0.4453125}, "model": "mythicmetals:item/watch/watch_29"}, {"predicate": {"custom_model_data": 23.0, "mythicmetals:time": 0.4609375}, "model": "mythicmetals:item/watch/watch_30"}, {"predicate": {"custom_model_data": 23.0, "mythicmetals:time": 0.4765625}, "model": "mythicmetals:item/watch/watch_31"}, {"predicate": {"custom_model_data": 23.0, "mythicmetals:time": 0.4921875}, "model": "mythicmetals:item/watch/watch_32"}, {"predicate": {"custom_model_data": 23.0, "mythicmetals:time": 0.5078125}, "model": "mythicmetals:item/watch/watch_33"}, {"predicate": {"custom_model_data": 23.0, "mythicmetals:time": 0.5234375}, "model": "mythicmetals:item/watch/watch_34"}, {"predicate": {"custom_model_data": 23.0, "mythicmetals:time": 0.5390625}, "model": "mythicmetals:item/watch/watch_35"}, {"predicate": {"custom_model_data": 23.0, "mythicmetals:time": 0.5546875}, "model": "mythicmetals:item/watch/watch_36"}, {"predicate": {"custom_model_data": 23.0, "mythicmetals:time": 0.5703125}, "model": "mythicmetals:item/watch/watch_37"}, {"predicate": {"custom_model_data": 23.0, "mythicmetals:time": 0.5859375}, "model": "mythicmetals:item/watch/watch_38"}, {"predicate": {"custom_model_data": 23.0, "mythicmetals:time": 0.6015625}, "model": "mythicmetals:item/watch/watch_39"}, {"predicate": {"custom_model_data": 23.0, "mythicmetals:time": 0.6171875}, "model": "mythicmetals:item/watch/watch_40"}, {"predicate": {"custom_model_data": 23.0, "mythicmetals:time": 0.6328125}, "model": "mythicmetals:item/watch/watch_41"}, {"predicate": {"custom_model_data": 23.0, "mythicmetals:time": 0.6484375}, "model": "mythicmetals:item/watch/watch_42"}, {"predicate": {"custom_model_data": 23.0, "mythicmetals:time": 0.6640625}, "model": "mythicmetals:item/watch/watch_43"}, {"predicate": {"custom_model_data": 23.0, "mythicmetals:time": 0.6796875}, "model": "mythicmetals:item/watch/watch_44"}, {"predicate": {"custom_model_data": 23.0, "mythicmetals:time": 0.6953125}, "model": "mythicmetals:item/watch/watch_45"}, {"predicate": {"custom_model_data": 23.0, "mythicmetals:time": 0.7109375}, "model": "mythicmetals:item/watch/watch_46"}, {"predicate": {"custom_model_data": 23.0, "mythicmetals:time": 0.7265625}, "model": "mythicmetals:item/watch/watch_47"}, {"predicate": {"custom_model_data": 23.0, "mythicmetals:time": 0.7421875}, "model": "mythicmetals:item/watch/watch_48"}, {"predicate": {"custom_model_data": 23.0, "mythicmetals:time": 0.7578125}, "model": "mythicmetals:item/watch/watch_49"}, {"predicate": {"custom_model_data": 23.0, "mythicmetals:time": 0.7734375}, "model": "mythicmetals:item/watch/watch_50"}, {"predicate": {"custom_model_data": 23.0, "mythicmetals:time": 0.7890625}, "model": "mythicmetals:item/watch/watch_51"}, {"predicate": {"custom_model_data": 23.0, "mythicmetals:time": 0.8046875}, "model": "mythicmetals:item/watch/watch_52"}, {"predicate": {"custom_model_data": 23.0, "mythicmetals:time": 0.8203125}, "model": "mythicmetals:item/watch/watch_53"}, {"predicate": {"custom_model_data": 23.0, "mythicmetals:time": 0.8359375}, "model": "mythicmetals:item/watch/watch_54"}, {"predicate": {"custom_model_data": 23.0, "mythicmetals:time": 0.8515625}, "model": "mythicmetals:item/watch/watch_55"}, {"predicate": {"custom_model_data": 23.0, "mythicmetals:time": 0.8671875}, "model": "mythicmetals:item/watch/watch_56"}, {"predicate": {"custom_model_data": 23.0, "mythicmetals:time": 0.8828125}, "model": "mythicmetals:item/watch/watch_57"}, {"predicate": {"custom_model_data": 23.0, "mythicmetals:time": 0.8984375}, "model": "mythicmetals:item/watch/watch_58"}, {"predicate": {"custom_model_data": 23.0, "mythicmetals:time": 0.9140625}, "model": "mythicmetals:item/watch/watch_59"}, {"predicate": {"custom_model_data": 23.0, "mythicmetals:time": 0.9296875}, "model": "mythicmetals:item/watch/watch_60"}, {"predicate": {"custom_model_data": 23.0, "mythicmetals:time": 0.9453125}, "model": "mythicmetals:item/watch/watch_61"}, {"predicate": {"custom_model_data": 23.0, "mythicmetals:time": 0.9609375}, "model": "mythicmetals:item/watch/watch_62"}, {"predicate": {"custom_model_data": 23.0, "mythicmetals:time": 0.9765625}, "model": "mythicmetals:item/watch/watch_63"}, {"predicate": {"custom_model_data": 23.0, "mythicmetals:time": 0.9921875}, "model": "mythicmetals:item/watch/watch_00"}, {"predicate": {"custom_model_data": 24.0}, "model": "hexcasting:item/pride_colorizer_agender"}, {"predicate": {"custom_model_data": 25.0}, "model": "geocluster:item/raw_aluminium"}, {"predicate": {"custom_model_data": 26.0}, "model": "mythicmetals:item/raw_silver"}, {"predicate": {"custom_model_data": 27.0}, "model": "wiredredstone:item/red_bundled_cable"}, {"predicate": {"custom_model_data": 28.0}, "model": "consistency_plus:item/red_glazed_terracotta_brick"}, {"predicate": {"custom_model_data": 29.0}, "model": "peculiarpieces:item/redstone_activator"}, {"predicate": {"custom_model_data": 30.0}, "model": "aurorasdeco:item/seat_rest/crimson"}, {"predicate": {"custom_model_data": 31.0}, "model": "aurorasdeco:item/sign_post/crimson"}, {"predicate": {"custom_model_data": 32.0}, "model": "pswg:item/small_power_pack"}, {"predicate": {"custom_model_data": 33.0}, "model": "discarnate:item/swing_item_task"}, {"predicate": {"custom_model_data": 34.0}, "model": "terracotta_knights:item/tiny_arrow"}, {"predicate": {"custom_model_data": 35.0}, "model": "railways:item/track_incomplete_create_andesite_narrow"}, {"predicate": {"custom_model_data": 36.0}, "model": "railways:item/track_incomplete_warped"}, {"predicate": {"custom_model_data": 37.0}, "model": "pswg:item/turbine"}, {"predicate": {"custom_model_data": 38.0}, "model": "minecraft:item/barrier"}, {"predicate": {"custom_model_data": 39.0}, "model": "yttr:item/yttrium_dust"}]}