{"parent": "minecraft:item/generated", "textures": {"layer0": "minecraft:item/gold_nugget"}, "overrides": [{"predicate": {"custom_model_data": 1.0}, "model": "portalcubed:item/adventure_core"}, {"predicate": {"custom_model_data": 2.0}, "model": "limboniclegacy:item/arctite_ingot"}, {"predicate": {"custom_model_data": 3.0}, "model": "pswg:item/ball_bearing"}, {"predicate": {"custom_model_data": 4.0}, "model": "consistency_plus:item/basalt_brick"}, {"predicate": {"custom_model_data": 5.0}, "model": "hexcasting:item/battery"}, {"predicate": {"custom_model_data": 5.0, "hexcasting:max_media": 0.0, "hexcasting:media": 0.0}, "model": "hexcasting:item/phial_small_0"}, {"predicate": {"custom_model_data": 5.0, "hexcasting:max_media": 0.0, "hexcasting:media": 0.25}, "model": "hexcasting:item/phial_small_1"}, {"predicate": {"custom_model_data": 5.0, "hexcasting:max_media": 0.0, "hexcasting:media": 0.5}, "model": "hexcasting:item/phial_small_2"}, {"predicate": {"custom_model_data": 5.0, "hexcasting:max_media": 0.0, "hexcasting:media": 0.75}, "model": "hexcasting:item/phial_small_3"}, {"predicate": {"custom_model_data": 5.0, "hexcasting:max_media": 0.0, "hexcasting:media": 1.0}, "model": "hexcasting:item/phial_small_4"}, {"predicate": {"custom_model_data": 5.0, "hexcasting:max_media": 1.0, "hexcasting:media": 0.0}, "model": "hexcasting:item/phial_medium_0"}, {"predicate": {"custom_model_data": 5.0, "hexcasting:max_media": 1.0, "hexcasting:media": 0.25}, "model": "hexcasting:item/phial_medium_1"}, {"predicate": {"custom_model_data": 5.0, "hexcasting:max_media": 1.0, "hexcasting:media": 0.5}, "model": "hexcasting:item/phial_medium_2"}, {"predicate": {"custom_model_data": 5.0, "hexcasting:max_media": 1.0, "hexcasting:media": 0.75}, "model": "hexcasting:item/phial_medium_3"}, {"predicate": {"custom_model_data": 5.0, "hexcasting:max_media": 1.0, "hexcasting:media": 1.0}, "model": "hexcasting:item/phial_medium_4"}, {"predicate": {"custom_model_data": 5.0, "hexcasting:max_media": 2.0, "hexcasting:media": 0.0}, "model": "hexcasting:item/phial_large_0"}, {"predicate": {"custom_model_data": 5.0, "hexcasting:max_media": 2.0, "hexcasting:media": 0.25}, "model": "hexcasting:item/phial_large_1"}, {"predicate": {"custom_model_data": 5.0, "hexcasting:max_media": 2.0, "hexcasting:media": 0.5}, "model": "hexcasting:item/phial_large_2"}, {"predicate": {"custom_model_data": 5.0, "hexcasting:max_media": 2.0, "hexcasting:media": 0.75}, "model": "hexcasting:item/phial_large_3"}, {"predicate": {"custom_model_data": 5.0, "hexcasting:max_media": 2.0, "hexcasting:media": 1.0}, "model": "hexcasting:item/phial_large_4"}, {"predicate": {"custom_model_data": 5.0, "hexcasting:max_media": 3.0, "hexcasting:media": 0.0}, "model": "hexcasting:item/phial_larger_0"}, {"predicate": {"custom_model_data": 5.0, "hexcasting:max_media": 3.0, "hexcasting:media": 0.25}, "model": "hexcasting:item/phial_larger_1"}, {"predicate": {"custom_model_data": 5.0, "hexcasting:max_media": 3.0, "hexcasting:media": 0.5}, "model": "hexcasting:item/phial_larger_2"}, {"predicate": {"custom_model_data": 5.0, "hexcasting:max_media": 3.0, "hexcasting:media": 0.75}, "model": "hexcasting:item/phial_larger_3"}, {"predicate": {"custom_model_data": 5.0, "hexcasting:max_media": 3.0, "hexcasting:media": 1.0}, "model": "hexcasting:item/phial_larger_4"}, {"predicate": {"custom_model_data": 5.0, "hexcasting:max_media": 4.0, "hexcasting:media": 0.0}, "model": "hexcasting:item/phial_largest_0"}, {"predicate": {"custom_model_data": 5.0, "hexcasting:max_media": 4.0, "hexcasting:media": 0.25}, "model": "hexcasting:item/phial_largest_1"}, {"predicate": {"custom_model_data": 5.0, "hexcasting:max_media": 4.0, "hexcasting:media": 0.5}, "model": "hexcasting:item/phial_largest_2"}, {"predicate": {"custom_model_data": 5.0, "hexcasting:max_media": 4.0, "hexcasting:media": 0.75}, "model": "hexcasting:item/phial_largest_3"}, {"predicate": {"custom_model_data": 5.0, "hexcasting:max_media": 4.0, "hexcasting:media": 1.0}, "model": "hexcasting:item/phial_largest_4"}, {"predicate": {"custom_model_data": 6.0}, "model": "pswg:item/blaster_e11"}, {"predicate": {"custom_model_data": 7.0}, "model": "consistency_plus:item/brown_concrete_brick"}, {"predicate": {"custom_model_data": 8.0}, "model": "terrariamod:item/cactus_pickaxe"}, {"predicate": {"custom_model_data": 9.0}, "model": "limboniclegacy:item/coldsteel_ingot"}, {"predicate": {"custom_model_data": 10.0}, "model": "yttr:item/cuprosteel_ingot"}, {"predicate": {"custom_model_data": 11.0}, "model": "consistency_plus:item/deepslate_brick"}, {"predicate": {"custom_model_data": 12.0}, "model": "pswg:item/durasteel_cup"}, {"predicate": {"custom_model_data": 13.0}, "model": "hexcasting:item/dye_colorizer_red"}, {"predicate": {"custom_model_data": 14.0}, "model": "pswg:item/eye_of_sketto"}, {"predicate": {"custom_model_data": 15.0}, "model": "automobility:item/front_attachment"}, {"predicate": {"custom_model_data": 16.0}, "model": "pswg:item/glass_bottle_3"}, {"predicate": {"custom_model_data": 17.0}, "model": "fabricaeexnihilo:item/gold_mesh"}, {"predicate": {"custom_model_data": 18.0}, "model": "pswg:item/lime_door_insert"}, {"predicate": {"custom_model_data": 19.0}, "model": "yttr:item/lootbox_of_continuity"}, {"predicate": {"custom_model_data": 20.0}, "model": "peculiarpieces:item/master_key"}, {"predicate": {"custom_model_data": 21.0}, "model": "milk:item/milk_bottle"}, {"predicate": {"custom_model_data": 22.0}, "model": "plethora:item/module_scanner"}, {"predicate": {"custom_model_data": 23.0}, "model": "exco:item/music_disc_irokos"}, {"predicate": {"custom_model_data": 24.0}, "model": "bovinesandbuttercups:item/nectar_bowl"}, {"predicate": {"custom_model_data": 25.0}, "model": "turtlematic:item/netherite_protective_automata_core"}, {"predicate": {"custom_model_data": 26.0}, "model": "mythicmetals:item/osmium_nugget"}, {"predicate": {"custom_model_data": 27.0}, "model": "peripheralworks:item/peripheralium_hub"}, {"predicate": {"custom_model_data": 28.0}, "model": "terrariamod:item/platinum_shortsword"}, {"predicate": {"custom_model_data": 29.0}, "model": "create:item/propeller"}, {"predicate": {"custom_model_data": 30.0}, "model": "fabricaeexnihilo:item/raw_adamantite_piece"}, {"predicate": {"custom_model_data": 31.0}, "model": "mythicmetals:item/raw_midas_gold"}, {"predicate": {"custom_model_data": 32.0}, "model": "geocluster:item/raw_silver"}, {"predicate": {"custom_model_data": 33.0}, "model": "portalcubed:item/schrodinger_cube"}, {"predicate": {"custom_model_data": 34.0}, "model": "aurorasdeco:item/seat_rest/cherry"}, {"predicate": {"custom_model_data": 35.0}, "model": "aurorasdeco:item/sign_post/cherry"}, {"predicate": {"custom_model_data": 36.0}, "model": "mythicmetals:item/silver_ingot"}, {"predicate": {"custom_model_data": 37.0}, "model": "peculiarpieces:item/spawnpoint_pearl"}, {"predicate": {"custom_model_data": 38.0}, "model": "discarnate:item/strafe_right_task"}, {"predicate": {"custom_model_data": 39.0}, "model": "mythicmetals:item/tipped_runite_arrow"}, {"predicate": {"custom_model_data": 40.0}, "model": "railways:item/track_incomplete_blackstone_wide"}, {"predicate": {"custom_model_data": 41.0}, "model": "railways:item/track_incomplete_tieless_wide"}, {"predicate": {"custom_model_data": 42.0}, "model": "terrariamod:item/tungsten_shortsword"}, {"predicate": {"custom_model_data": 43.0}, "model": "minecraft:item/barrier"}, {"predicate": {"custom_model_data": 44.0}, "model": "fabricaeexnihilo:item/warped_seeds"}, {"predicate": {"custom_model_data": 45.0}, "model": "create:item/wheat_flour"}]}