{"parent": "minecraft:item/generated", "textures": {"layer0": "minecraft:item/gunpowder"}, "overrides": [{"predicate": {"custom_model_data": 1.0}, "model": "piercingpaxels:item/active_tunnel"}, {"predicate": {"custom_model_data": 2.0}, "model": "mythicmetals:item/aquarium_ingot"}, {"predicate": {"custom_model_data": 3.0}, "model": "pswg:item/artillerytrooper_backpack"}, {"predicate": {"custom_model_data": 4.0}, "model": "pswg:item/black_cup"}, {"predicate": {"custom_model_data": 5.0}, "model": "peculiarpieces:item/bottomless_water_bucket"}, {"predicate": {"custom_model_data": 6.0}, "model": "mythicmetals:item/carmot_ingot"}, {"predicate": {"custom_model_data": 7.0}, "model": "scriptor:item/coordinate_tag"}, {"predicate": {"custom_model_data": 8.0}, "model": "create:item/crushed_raw_aluminum"}, {"predicate": {"custom_model_data": 9.0}, "model": "amarite:item/demon_mask"}, {"predicate": {"custom_model_data": 10.0}, "model": "mythicmetals:item/doge"}, {"predicate": {"custom_model_data": 11.0}, "model": "yttr:item/drop_of_continuity"}, {"predicate": {"custom_model_data": 12.0}, "model": "pswg:item/durasteel_nugget"}, {"predicate": {"custom_model_data": 13.0}, "model": "soul_ice:item/evokation_staff"}, {"predicate": {"custom_model_data": 14.0}, "model": "turtlematic:item/forged_automata_core"}, {"predicate": {"custom_model_data": 15.0}, "model": "simply_starminer:item/gravity_anchor_east"}, {"predicate": {"custom_model_data": 16.0}, "model": "pswg:item/green_specialist_backpack"}, {"predicate": {"custom_model_data": 17.0}, "model": "create:item/incomplete_track"}, {"predicate": {"custom_model_data": 18.0}, "model": "sandwichable:item/intoxicating_cheese_culture_bottle"}, {"predicate": {"custom_model_data": 19.0}, "model": "minecraft:item/barrier"}, {"predicate": {"custom_model_data": 20.0}, "model": "consistency_plus:item/lime_concrete_brick"}, {"predicate": {"custom_model_data": 21.0}, "model": "create:item/linked_controller"}, {"predicate": {"custom_model_data": 22.0}, "model": "exco:item/luminous_pearl"}, {"predicate": {"custom_model_data": 23.0}, "model": "exco:item/music_disc_que"}, {"predicate": {"custom_model_data": 24.0}, "model": "wiredredstone:item/orange_insulated_wire"}, {"predicate": {"custom_model_data": 25.0}, "model": "mythicmetals:item/palladium_nugget"}, {"predicate": {"custom_model_data": 26.0}, "model": "pswg:item/plasteel_ingot"}, {"predicate": {"custom_model_data": 27.0}, "model": "scriptor:item/player_tag"}, {"predicate": {"custom_model_data": 28.0}, "model": "peculiarpieces:item/position_paper"}, {"predicate": {"custom_model_data": 29.0}, "model": "hexcasting:item/pride_colorizer_genderfluid"}, {"predicate": {"custom_model_data": 30.0}, "model": "pswg:item/purple_door_insert"}, {"predicate": {"custom_model_data": 31.0}, "model": "pswg:item/raw_beskar"}, {"predicate": {"custom_model_data": 32.0}, "model": "fabricaeexnihilo:item/raw_orichalcum_piece"}, {"predicate": {"custom_model_data": 33.0}, "model": "mythicmetals:item/raw_tin"}, {"predicate": {"custom_model_data": 34.0}, "model": "softerpastels:item/red_powder"}, {"predicate": {"custom_model_data": 35.0}, "model": "wiredredstone:item/redstone_delay_line"}, {"predicate": {"custom_model_data": 36.0}, "model": "yttr:item/rubble"}, {"predicate": {"custom_model_data": 37.0}, "model": "mythicmetals:item/runite_ingot"}, {"predicate": {"custom_model_data": 38.0}, "model": "pswg:item/sandtrooper_backpack"}, {"predicate": {"custom_model_data": 39.0}, "model": "aurorasdeco:item/seat_rest/promenade/maple"}, {"predicate": {"custom_model_data": 40.0}, "model": "aurorasdeco:item/sign_post/promenade/maple"}, {"predicate": {"custom_model_data": 41.0}, "model": "terrariamod:item/silver_shortsword"}, {"predicate": {"custom_model_data": 42.0}, "model": "hexbound:item/spider_construct_core"}, {"predicate": {"custom_model_data": 43.0}, "model": "portalcubed:item/storage_cube"}, {"predicate": {"custom_model_data": 44.0}, "model": "railways:item/track_incomplete_ender"}, {"predicate": {"custom_model_data": 45.0}, "model": "piercingpaxels:item/upgrade_restoration"}, {"predicate": {"custom_model_data": 46.0}, "model": "minecraft:item/barrier"}, {"predicate": {"custom_model_data": 47.0}, "model": "pswg:item/white_door_insert"}, {"predicate": {"custom_model_data": 48.0}, "model": "consistency_plus:item/withered_bone"}]}