{"parent": "minecraft:item/generated", "textures": {"layer0": "minecraft:item/heart_of_the_sea"}, "overrides": [{"predicate": {"custom_model_data": 1.0}, "model": "railways:item/black_incomplete_conductor_cap"}, {"predicate": {"custom_model_data": 2.0}, "model": "consistency_plus:item/blackstone_brick"}, {"predicate": {"custom_model_data": 3.0}, "model": "pswg:item/blaster_se14c"}, {"predicate": {"custom_model_data": 4.0}, "model": "consistency_plus:item/calcite_brick"}, {"predicate": {"custom_model_data": 5.0}, "model": "discarnate:item/cancel_movement_task"}, {"predicate": {"custom_model_data": 6.0}, "model": "create:item/chromatic_compound"}, {"predicate": {"custom_model_data": 7.0}, "model": "create:item/crafting_blueprint"}, {"predicate": {"custom_model_data": 8.0}, "model": "consistency_plus:item/crimson_wart_brick"}, {"predicate": {"custom_model_data": 9.0}, "model": "befoul:item/cursed_yarn"}, {"predicate": {"custom_model_data": 10.0}, "model": "exco:item/drive_1m"}, {"predicate": {"custom_model_data": 10.0, "exco:gui": 1.0}, "model": "exco:item/drive_gui"}, {"predicate": {"custom_model_data": 11.0}, "model": "mythicmetals:item/durasteel_ingot"}, {"predicate": {"custom_model_data": 11.0, "mythicmetals:funny_day": 1.0}, "model": "mythicmetals:item/dura-chan"}, {"predicate": {"custom_model_data": 12.0}, "model": "terrariamod:item/ebonwood_bow"}, {"predicate": {"custom_model_data": 13.0}, "model": "fabricaeexnihilo:item/grass_seeds"}, {"predicate": {"custom_model_data": 14.0}, "model": "pswg:item/hide"}, {"predicate": {"custom_model_data": 15.0}, "model": "turtlematic:item/husbandry_automata_core"}, {"predicate": {"custom_model_data": 16.0}, "model": "pswg:item/insulated_desh_cable"}, {"predicate": {"custom_model_data": 17.0}, "model": "pswg:item/light_gray_door_insert"}, {"predicate": {"custom_model_data": 18.0}, "model": "minecraft:item/barrier"}, {"predicate": {"custom_model_data": 19.0}, "model": "bouncecraft3:item/low_speed_grate"}, {"predicate": {"custom_model_data": 20.0}, "model": "mythicmetals:item/manganese_nugget"}, {"predicate": {"custom_model_data": 21.0}, "model": "create:item/minecart_coupling"}, {"predicate": {"custom_model_data": 22.0}, "model": "exco:item/music_disc_oak"}, {"predicate": {"custom_model_data": 23.0}, "model": "yttr:item/neodymium_dust"}, {"predicate": {"custom_model_data": 24.0}, "model": "wiredredstone:item/pink_bundled_cable"}, {"predicate": {"custom_model_data": 25.0}, "model": "scriptor:item/player_casting_crystal"}, {"predicate": {"custom_model_data": 26.0}, "model": "portable_tables:item/portable_cartography_table"}, {"predicate": {"custom_model_data": 27.0}, "model": "portalcubed:item/portal_gun_casing"}, {"predicate": {"custom_model_data": 28.0}, "model": "hexcasting:item/pride_colorizer_bisexual"}, {"predicate": {"custom_model_data": 29.0}, "model": "exco:item/processor_ender"}, {"predicate": {"custom_model_data": 30.0}, "model": "fabricaeexnihilo:item/raw_aquarium_piece"}, {"predicate": {"custom_model_data": 31.0}, "model": "fabricaeexnihilo:item/raw_mythril_piece"}, {"predicate": {"custom_model_data": 32.0}, "model": "mythicmetals:item/raw_stormyx"}, {"predicate": {"custom_model_data": 33.0}, "model": "wiredredstone:item/redstone_cathode"}, {"predicate": {"custom_model_data": 34.0}, "model": "mythicmetals:item/royal_midas_smithing_template"}, {"predicate": {"custom_model_data": 35.0}, "model": "aurorasdeco:item/seat_rest/jungle"}, {"predicate": {"custom_model_data": 36.0}, "model": "shadowsgate:item/shadow_item"}, {"predicate": {"custom_model_data": 37.0}, "model": "yttr:item/shifter"}, {"predicate": {"custom_model_data": 38.0}, "model": "aurorasdeco:item/sign_post/jungle"}, {"predicate": {"custom_model_data": 39.0}, "model": "hexcasting:item/spellbook"}, {"predicate": {"custom_model_data": 39.0, "hexcasting:overlay_layer": 0.0, "hexcasting:variant": 0.0}, "model": "hexcasting:item/spellbook"}, {"predicate": {"custom_model_data": 39.0, "hexcasting:overlay_layer": 1.0, "hexcasting:variant": 0.0}, "model": "hexcasting:item/spellbook_0_filled"}, {"predicate": {"custom_model_data": 39.0, "hexcasting:overlay_layer": 2.0, "hexcasting:variant": 0.0}, "model": "hexcasting:item/spellbook_0_sealed"}, {"predicate": {"custom_model_data": 39.0, "hexcasting:overlay_layer": 0.0, "hexcasting:variant": 1.0}, "model": "hexcasting:item/spellbook_1"}, {"predicate": {"custom_model_data": 39.0, "hexcasting:overlay_layer": 1.0, "hexcasting:variant": 1.0}, "model": "hexcasting:item/spellbook_1_filled"}, {"predicate": {"custom_model_data": 39.0, "hexcasting:overlay_layer": 2.0, "hexcasting:variant": 1.0}, "model": "hexcasting:item/spellbook_1_sealed"}, {"predicate": {"custom_model_data": 39.0, "hexcasting:overlay_layer": 0.0, "hexcasting:variant": 2.0}, "model": "hexcasting:item/spellbook_2"}, {"predicate": {"custom_model_data": 39.0, "hexcasting:overlay_layer": 1.0, "hexcasting:variant": 2.0}, "model": "hexcasting:item/spellbook_2_filled"}, {"predicate": {"custom_model_data": 39.0, "hexcasting:overlay_layer": 2.0, "hexcasting:variant": 2.0}, "model": "hexcasting:item/spellbook_2_sealed"}, {"predicate": {"custom_model_data": 39.0, "hexcasting:overlay_layer": 0.0, "hexcasting:variant": 3.0}, "model": "hexcasting:item/spellbook_3"}, {"predicate": {"custom_model_data": 39.0, "hexcasting:overlay_layer": 1.0, "hexcasting:variant": 3.0}, "model": "hexcasting:item/spellbook_3_filled"}, {"predicate": {"custom_model_data": 39.0, "hexcasting:overlay_layer": 2.0, "hexcasting:variant": 3.0}, "model": "hexcasting:item/spellbook_3_sealed"}, {"predicate": {"custom_model_data": 39.0, "hexcasting:overlay_layer": 0.0, "hexcasting:variant": 4.0}, "model": "hexcasting:item/spellbook_4"}, {"predicate": {"custom_model_data": 39.0, "hexcasting:overlay_layer": 1.0, "hexcasting:variant": 4.0}, "model": "hexcasting:item/spellbook_4_filled"}, {"predicate": {"custom_model_data": 39.0, "hexcasting:overlay_layer": 2.0, "hexcasting:variant": 4.0}, "model": "hexcasting:item/spellbook_4_sealed"}, {"predicate": {"custom_model_data": 39.0, "hexcasting:overlay_layer": 0.0, "hexcasting:variant": 5.0}, "model": "hexcasting:item/spellbook_5"}, {"predicate": {"custom_model_data": 39.0, "hexcasting:overlay_layer": 1.0, "hexcasting:variant": 5.0}, "model": "hexcasting:item/spellbook_5_filled"}, {"predicate": {"custom_model_data": 39.0, "hexcasting:overlay_layer": 2.0, "hexcasting:variant": 5.0}, "model": "hexcasting:item/spellbook_5_sealed"}, {"predicate": {"custom_model_data": 39.0, "hexcasting:overlay_layer": 0.0, "hexcasting:variant": 6.0}, "model": "hexcasting:item/spellbook_6"}, {"predicate": {"custom_model_data": 39.0, "hexcasting:overlay_layer": 1.0, "hexcasting:variant": 6.0}, "model": "hexcasting:item/spellbook_6_filled"}, {"predicate": {"custom_model_data": 39.0, "hexcasting:overlay_layer": 2.0, "hexcasting:variant": 6.0}, "model": "hexcasting:item/spellbook_6_sealed"}, {"predicate": {"custom_model_data": 39.0, "hexcasting:overlay_layer": 0.0, "hexcasting:variant": 7.0}, "model": "hexcasting:item/spellbook_7"}, {"predicate": {"custom_model_data": 39.0, "hexcasting:overlay_layer": 1.0, "hexcasting:variant": 7.0}, "model": "hexcasting:item/spellbook_7_filled"}, {"predicate": {"custom_model_data": 39.0, "hexcasting:overlay_layer": 2.0, "hexcasting:variant": 7.0}, "model": "hexcasting:item/spellbook_7_sealed"}, {"predicate": {"custom_model_data": 40.0}, "model": "extended_drawers:item/t2_upgrade"}, {"predicate": {"custom_model_data": 41.0}, "model": "pswg:item/titanium_ingot"}, {"predicate": {"custom_model_data": 42.0}, "model": "scriptor:item/tome_tier4"}, {"predicate": {"custom_model_data": 43.0}, "model": "railways:item/track_incomplete_crimson_wide"}, {"predicate": {"custom_model_data": 44.0}, "model": "minecraft:item/barrier"}, {"predicate": {"custom_model_data": 45.0}, "model": "pswg:item/white_heavy_backpack"}, {"predicate": {"custom_model_data": 46.0}, "model": "softerpastels:item/white_powder"}]}