{"parent":"minecraft:item/generated","textures":{"layer0":"minecraft:item/iron_ingot"},"overrides":[{"predicate":{"custom_model_data":1.0},"model":"pollinators_paradise:item/apiarist_wand"},{"predicate":{"custom_model_data":1.0,"pollinators_paradise:armor_honeyed_mixed":1.0},"model":"pollinators_paradise:item/apiarist_wand_honeyed_mixed"},{"predicate":{"custom_model_data":1.0,"pollinators_paradise:armor_honeyed_honey":1.0},"model":"pollinators_paradise:item/apiarist_wand_honeyed_honey"},{"predicate":{"custom_model_data":1.0,"pollinators_paradise:armor_honeyed_chorus":1.0},"model":"pollinators_paradise:item/apiarist_wand_honeyed_chorus"},{"predicate":{"custom_model_data":2.0},"model":"pswg:item/blaster_dl44"},{"predicate":{"custom_model_data":3.0},"model":"wiredredstone:item/brown_bundled_cable"},{"predicate":{"custom_model_data":4.0},"model":"consistency_plus:item/brown_glazed_terracotta_brick"},{"predicate":{"custom_model_data":5.0},"model":"arcpocalypse:item/crimson_gem"},{"predicate":{"custom_model_data":6.0},"model":"automobility:item/crowbar"},{"predicate":{"custom_model_data":7.0},"model":"hexcasting:item/cypher"},{"predicate":{"custom_model_data":7.0,"hexcasting:has_patterns":-0.01,"hexcasting:variant":0.0},"model":"hexcasting:item/cypher"},{"predicate":{"custom_model_data":7.0,"hexcasting:has_patterns":0.99,"hexcasting:variant":0.0},"model":"hexcasting:item/cypher_0_filled"},{"predicate":{"custom_model_data":7.0,"hexcasting:has_patterns":-0.01,"hexcasting:variant":1.0},"model":"hexcasting:item/cypher_1"},{"predicate":{"custom_model_data":7.0,"hexcasting:has_patterns":0.99,"hexcasting:variant":1.0},"model":"hexcasting:item/cypher_1_filled"},{"predicate":{"custom_model_data":7.0,"hexcasting:has_patterns":-0.01,"hexcasting:variant":2.0},"model":"hexcasting:item/cypher_2"},{"predicate":{"custom_model_data":7.0,"hexcasting:has_patterns":0.99,"hexcasting:variant":2.0},"model":"hexcasting:item/cypher_2_filled"},{"predicate":{"custom_model_data":7.0,"hexcasting:has_patterns":-0.01,"hexcasting:variant":3.0},"model":"hexcasting:item/cypher_3"},{"predicate":{"custom_model_data":7.0,"hexcasting:has_patterns":0.99,"hexcasting:variant":3.0},"model":"hexcasting:item/cypher_3_filled"},{"predicate":{"custom_model_data":7.0,"hexcasting:has_patterns":-0.01,"hexcasting:variant":4.0},"model":"hexcasting:item/cypher_4"},{"predicate":{"custom_model_data":7.0,"hexcasting:has_patterns":0.99,"hexcasting:variant":4.0},"model":"hexcasting:item/cypher_4_filled"},{"predicate":{"custom_model_data":7.0,"hexcasting:has_patterns":-0.01,"hexcasting:variant":5.0},"model":"hexcasting:item/cypher_5"},{"predicate":{"custom_model_data":7.0,"hexcasting:has_patterns":0.99,"hexcasting:variant":5.0},"model":"hexcasting:item/cypher_5_filled"},{"predicate":{"custom_model_data":7.0,"hexcasting:has_patterns":-0.01,"hexcasting:variant":6.0},"model":"hexcasting:item/cypher_6"},{"predicate":{"custom_model_data":7.0,"hexcasting:has_patterns":0.99,"hexcasting:variant":6.0},"model":"hexcasting:item/cypher_6_filled"},{"predicate":{"custom_model_data":7.0,"hexcasting:has_patterns":-0.01,"hexcasting:variant":7.0},"model":"hexcasting:item/cypher_7"},{"predicate":{"custom_model_data":7.0,"hexcasting:has_patterns":0.99,"hexcasting:variant":7.0},"model":"hexcasting:item/cypher_7_filled"},{"predicate":{"custom_model_data":8.0},"model":"computercraft:item/disk"},{"predicate":{"custom_model_data":9.0},"model":"hexcasting:item/dye_colorizer_pink"},{"predicate":{"custom_model_data":10.0},"model":"turtlematic:item/end_automata_core"},{"predicate":{"custom_model_data":11.0},"model":"bouncecraft3:item/extreme_bounce_pad"},{"predicate":{"custom_model_data":12.0},"model":"terrariamod:item/flaming_arrow"},{"predicate":{"custom_model_data":13.0},"model":"mythicmetals:item/froge"},{"predicate":{"custom_model_data":14.0},"model":"exco:item/geiger_counter"},{"predicate":{"custom_model_data":14.0,"exco:radioactivity":0.0},"model":"exco:item/geiger_counter_0"},{"predicate":{"custom_model_data":14.0,"exco:radioactivity":0.125},"model":"exco:item/geiger_counter_1"},{"predicate":{"custom_model_data":14.0,"exco:radioactivity":0.25},"model":"exco:item/geiger_counter_2"},{"predicate":{"custom_model_data":14.0,"exco:radioactivity":0.375},"model":"exco:item/geiger_counter_3"},{"predicate":{"custom_model_data":14.0,"exco:radioactivity":0.5},"model":"exco:item/geiger_counter_4"},{"predicate":{"custom_model_data":14.0,"exco:radioactivity":0.625},"model":"exco:item/geiger_counter_5"},{"predicate":{"custom_model_data":14.0,"exco:radioactivity":0.75},"model":"exco:item/geiger_counter_6"},{"predicate":{"custom_model_data":14.0,"exco:radioactivity":0.875},"model":"exco:item/geiger_counter_7"},{"predicate":{"custom_model_data":14.0,"exco:radioactivity":1.0},"model":"exco:item/geiger_counter_8"},{"predicate":{"custom_model_data":15.0},"model":"pswg:item/glass_bottle_1"},{"predicate":{"custom_model_data":16.0},"model":"create:item/handheld_worldshaper"},{"predicate":{"custom_model_data":17.0},"model":"yttr:item/inred_multimeter"},{"predicate":{"custom_model_data":18.0},"model":"terrariamod:item/lead_shortsword"},{"predicate":{"custom_model_data":19.0},"model":"discarnate:item/look_up_task"},{"predicate":{"custom_model_data":20.0},"model":"plethora:item/module_kinetic"},{"predicate":{"custom_model_data":21.0},"model":"consistency_plus:item/mud_brick"},{"predicate":{"custom_model_data":22.0},"model":"exco:item/music_disc_grecque"},{"predicate":{"custom_model_data":23.0},"model":"piercingpaxels:item/netherite_paxel_upgrade_kit"},{"predicate":{"custom_model_data":24.0},"model":"softerpastels:item/orange_powder"},{"predicate":{"custom_model_data":25.0},"model":"mythicmetals:item/osmium_ingot"},{"predicate":{"custom_model_data":25.0,"mythicmetals:funny_day":1.0},"model":"mythicmetals:item/wisp"},{"predicate":{"custom_model_data":26.0},"model":"piercingpaxels:item/passive_vacuum"},{"predicate":{"custom_model_data":27.0},"model":"ecotones:item/pine_sap"},{"predicate":{"custom_model_data":28.0},"model":"pswg:item/pink_door_insert"},{"predicate":{"custom_model_data":29.0},"model":"wiredredstone:item/powerline_wire"},{"predicate":{"custom_model_data":30.0},"model":"yttr:item/promethium_lump"},{"predicate":{"custom_model_data":31.0},"model":"mythicmetals:item/raw_adamantite"},{"predicate":{"custom_model_data":32.0},"model":"fabricaeexnihilo:item/raw_runite_piece"},{"predicate":{"custom_model_data":33.0},"model":"aurorasdeco:item/seat_rest/bamboo"},{"predicate":{"custom_model_data":34.0},"model":"aurorasdeco:item/sign_post/bamboo"},{"predicate":{"custom_model_data":35.0},"model":"pswg:item/spawn_xwing_t65b"},{"predicate":{"custom_model_data":36.0},"model":"mythicmetals:item/star_platinum_arrow"},{"predicate":{"custom_model_data":37.0},"model":"railways:item/track_incomplete_blackstone"},{"predicate":{"custom_model_data":38.0},"model":"railways:item/track_incomplete_tieless"},{"predicate":{"custom_model_data":39.0},"model":"befoul:item/tracking_lens"},{"predicate":{"custom_model_data":40.0},"model":"fabricaeexnihilo:item/unfired_porcelain_crucible"},{"predicate":{"custom_model_data":41.0},"model":"minecraft:item/barrier"},{"model":"polyfactory:item/steel_alloy_mixture","predicate":{"custom_model_data":100001}},{"model":"polyfactory:item/steel_ingot","predicate":{"custom_model_data":100002}},{"model":"polyfactory:item/steel_plate","predicate":{"custom_model_data":100003}}]}