{"parent": "minecraft:item/generated", "textures": {"layer0": "minecraft:item/iron_nugget"}, "overrides": [{"predicate": {"custom_model_data": 1.0}, "model": "consistency_plus:item/andesite_brick"}, {"predicate": {"custom_model_data": 2.0}, "model": "pswg:item/bantha_horn"}, {"predicate": {"custom_model_data": 3.0}, "model": "ecotones:item/basic_fertilizer"}, {"predicate": {"custom_model_data": 4.0}, "model": "softerpastels:item/black_powder"}, {"predicate": {"custom_model_data": 5.0}, "model": "pswg:item/blaster_dl18"}, {"predicate": {"custom_model_data": 6.0}, "model": "consistency_plus:item/blue_concrete_brick"}, {"predicate": {"custom_model_data": 7.0}, "model": "blahaj:item/bread"}, {"predicate": {"custom_model_data": 8.0}, "model": "portalcubed:item/chair"}, {"predicate": {"custom_model_data": 9.0}, "model": "consistency_plus:item/cyan_glazed_terracotta_brick"}, {"predicate": {"custom_model_data": 10.0}, "model": "hexcasting:item/dye_colorizer_orange"}, {"predicate": {"custom_model_data": 11.0}, "model": "create:item/electron_tube"}, {"predicate": {"custom_model_data": 12.0}, "model": "turtlematic:item/enchanting_automata_core"}, {"predicate": {"custom_model_data": 13.0}, "model": "pswg:item/glass_9"}, {"predicate": {"custom_model_data": 14.0}, "model": "consistency_plus:item/glowstone_brick"}, {"predicate": {"custom_model_data": 15.0}, "model": "phonos:item/gray_audio_cable"}, {"predicate": {"custom_model_data": 16.0}, "model": "yttr:item/iron_dust"}, {"predicate": {"custom_model_data": 17.0}, "model": "terrariamod:item/lead_pickaxe"}, {"predicate": {"custom_model_data": 18.0}, "model": "pswg:item/lime_cup"}, {"predicate": {"custom_model_data": 19.0}, "model": "discarnate:item/look_right_task"}, {"predicate": {"custom_model_data": 20.0}, "model": "plethora:item/module_keyboard"}, {"predicate": {"custom_model_data": 21.0}, "model": "exco:item/music_disc_genesis"}, {"predicate": {"custom_model_data": 22.0}, "model": "piercingpaxels:item/passive_smelt"}, {"predicate": {"custom_model_data": 23.0}, "model": "peripheralium:item/peripheralium_blend"}, {"predicate": {"custom_model_data": 24.0}, "model": "wiredredstone:item/powerline_connector"}, {"predicate": {"custom_model_data": 25.0}, "model": "yttr:item/promethium_glob"}, {"predicate": {"custom_model_data": 26.0}, "model": "consistency_plus:item/quartz_brick"}, {"predicate": {"custom_model_data": 27.0}, "model": "mythicmetals:item/raw_manganese"}, {"predicate": {"custom_model_data": 28.0}, "model": "phonos:item/red_audio_cable"}, {"predicate": {"custom_model_data": 29.0}, "model": "wiredredstone:item/redstone_wire_plate"}, {"predicate": {"custom_model_data": 30.0}, "model": "create:item/schematic_and_quill"}, {"predicate": {"custom_model_data": 31.0}, "model": "aurorasdeco:item/seat_rest/azalea"}, {"predicate": {"custom_model_data": 32.0}, "model": "aurorasdeco:item/sign_post/azalea"}, {"predicate": {"custom_model_data": 33.0}, "model": "pswg:item/spawn_worrt"}, {"predicate": {"custom_model_data": 34.0}, "model": "discarnate:item/swap_task"}, {"predicate": {"custom_model_data": 35.0}, "model": "engination:item/tomato"}, {"predicate": {"custom_model_data": 36.0}, "model": "portalcubed:item/toxic_goo_bucket"}, {"predicate": {"custom_model_data": 37.0}, "model": "railways:item/track_incomplete_birch_wide"}, {"predicate": {"custom_model_data": 38.0}, "model": "railways:item/track_incomplete_spruce_wide"}, {"predicate": {"custom_model_data": 39.0}, "model": "terrariamod:item/tungsten_broadsword"}, {"predicate": {"custom_model_data": 40.0}, "model": "yttr:item/ultrapure_yttrium"}, {"predicate": {"custom_model_data": 41.0}, "model": "minecraft:item/barrier"}]}