{"parent": "minecraft:item/generated", "textures": {"layer0": "minecraft:item/leather_horse_armor"}, "overrides": [{"predicate": {"custom_model_data": 1.0}, "model": "terracotta_knights:item/clay_knight"}, {"predicate": {"active": 1.0, "custom_model_data": 12.0, "run": 1.0}, "model": "yardwork:item/weedwhacker_active"}, {"predicate": {"custom_model_data": 2.0}, "model": "ducky-periphs:item/duck_block"}, {"predicate": {"custom_model_data": 3.0}, "model": "phonos:item/headset"}, {"predicate": {"custom_model_data": 3.0, "phonos:glowing": 1.0}, "model": "phonos:item/headset_glowing"}, {"predicate": {"custom_model_data": 4.0}, "model": "peculiarpieces:item/packed_pouch"}, {"predicate": {"custom_model_data": 5.0}, "model": "portalcubed:item/paint_gun"}, {"predicate": {"custom_model_data": 6.0}, "model": "portalcubed:item/portal_gun"}, {"predicate": {"custom_model_data": 6.0}, "model": "portalcubed:item/potatos_portal_gun"}, {"predicate": {"custom_model_data": 6.0}, "model": "portalcubed:item/portal_gun_atlas"}, {"predicate": {"custom_model_data": 6.0}, "model": "portalcubed:item/portal_gun_p_body"}, {"predicate": {"custom_model_data": 6.0}, "model": "portalcubed:item/portal_gun_reloaded"}, {"predicate": {"custom_model_data": 6.0}, "model": "portalcubed:item/legacy_portal_gun"}, {"predicate": {"custom_model_data": 6.0}, "model": "portalcubed:item/legacy_portal_gun_atlas"}, {"predicate": {"custom_model_data": 6.0}, "model": "portalcubed:item/legacy_portal_gun_p_body"}, {"predicate": {"custom_model_data": 6.0}, "model": "portalcubed:item/legacy_portal_gun_reloaded"}, {"predicate": {"custom_model_data": 6.0}, "model": "portalcubed:item/mel_portal_gun"}, {"predicate": {"custom_model_data": 6.0}, "model": "portalcubed:item/beta_portal_gun"}, {"predicate": {"custom_model_data": 7.0}, "model": "portalcubed:item/portal_gun_primary"}, {"predicate": {"custom_model_data": 7.0}, "model": "portalcubed:item/potatos_portal_gun"}, {"predicate": {"custom_model_data": 7.0}, "model": "portalcubed:item/portal_gun_atlas"}, {"predicate": {"custom_model_data": 7.0}, "model": "portalcubed:item/portal_gun_p_body"}, {"predicate": {"custom_model_data": 7.0}, "model": "portalcubed:item/portal_gun_reloaded"}, {"predicate": {"custom_model_data": 7.0}, "model": "portalcubed:item/legacy_portal_gun"}, {"predicate": {"custom_model_data": 7.0}, "model": "portalcubed:item/legacy_portal_gun_atlas"}, {"predicate": {"custom_model_data": 7.0}, "model": "portalcubed:item/legacy_portal_gun_p_body"}, {"predicate": {"custom_model_data": 7.0}, "model": "portalcubed:item/legacy_portal_gun_reloaded"}, {"predicate": {"custom_model_data": 7.0}, "model": "portalcubed:item/mel_portal_gun"}, {"predicate": {"custom_model_data": 7.0}, "model": "portalcubed:item/beta_portal_gun"}, {"predicate": {"custom_model_data": 8.0}, "model": "portalcubed:item/portal_gun_secondary"}, {"predicate": {"custom_model_data": 8.0}, "model": "portalcubed:item/potatos_portal_gun"}, {"predicate": {"custom_model_data": 8.0}, "model": "portalcubed:item/portal_gun_atlas"}, {"predicate": {"custom_model_data": 8.0}, "model": "portalcubed:item/portal_gun_p_body"}, {"predicate": {"custom_model_data": 8.0}, "model": "portalcubed:item/portal_gun_reloaded"}, {"predicate": {"custom_model_data": 8.0}, "model": "portalcubed:item/legacy_portal_gun"}, {"predicate": {"custom_model_data": 8.0}, "model": "portalcubed:item/legacy_portal_gun_atlas"}, {"predicate": {"custom_model_data": 8.0}, "model": "portalcubed:item/legacy_portal_gun_p_body"}, {"predicate": {"custom_model_data": 8.0}, "model": "portalcubed:item/legacy_portal_gun_reloaded"}, {"predicate": {"custom_model_data": 8.0}, "model": "portalcubed:item/mel_portal_gun"}, {"predicate": {"custom_model_data": 8.0}, "model": "portalcubed:item/beta_portal_gun"}, {"predicate": {"custom_model_data": 9.0}, "model": "peculiarpieces:item/reaching_remote"}, {"predicate": {"custom_model_data": 10.0}, "model": "peculiarpieces:item/redstone_remote"}, {"predicate": {"custom_model_data": 11.0}, "model": "terracotta_knights:item/terracotta_knight"}, {"predicate": {"custom_model_data": 12.0}, "model": "yardwork:item/weedwhacker"}]}