{"parent":"minecraft:item/generated","textures":{"layer0":"minecraft:item/leather"},"overrides":[{"predicate":{"custom_model_data":1.0},"model":"railways:item/benchcart"},{"predicate":{"custom_model_data":2.0},"model":"portalcubed:item/block_item_icon"},{"predicate":{"custom_model_data":3.0},"model":"consistency_plus:item/bone_brick"},{"predicate":{"custom_model_data":4.0},"model":"amarite:item/bunny_mask"},{"predicate":{"custom_model_data":5.0},"model":"mythicmetals:item/carmot_smithing_template"},{"predicate":{"custom_model_data":6.0},"model":"turtlematic:item/creative_smithing_automata_core"},{"predicate":{"custom_model_data":7.0},"model":"create:item/crushed_raw_platinum"},{"predicate":{"custom_model_data":8.0},"model":"pswg:item/desh_ingot"},{"predicate":{"custom_model_data":9.0},"model":"fabricaeexnihilo:item/diorite_pebble"},{"predicate":{"custom_model_data":10.0},"model":"consistency_plus:item/dripstone_brick"},{"predicate":{"custom_model_data":11.0},"model":"ecotones:item/duck_spawn_egg"},{"predicate":{"custom_model_data":12.0},"model":"consistency_plus:item/granite_brick"},{"predicate":{"custom_model_data":13.0},"model":"gravity_api:item/gravity_changer_east"},{"predicate":{"custom_model_data":14.0},"model":"consistency_plus:item/green_terracotta_brick"},{"predicate":{"custom_model_data":15.0},"model":"arcpocalypse:item/holy_math_symbol"},{"predicate":{"custom_model_data":16.0},"model":"ecotones:item/jar"},{"predicate":{"custom_model_data":17.0},"model":"pswg:item/light_blue_cup"},{"predicate":{"custom_model_data":18.0},"model":"minecraft:item/barrier"},{"predicate":{"custom_model_data":19.0},"model":"wiredredstone:item/magenta_bundled_cable"},{"predicate":{"custom_model_data":20.0},"model":"consistency_plus:item/magenta_glazed_terracotta_brick"},{"predicate":{"custom_model_data":21.0},"model":"bouncecraft3:item/medium_bounce_pad"},{"predicate":{"custom_model_data":22.0},"model":"portalcubed:item/music_disc_still_alive"},{"predicate":{"custom_model_data":23.0},"model":"geocluster:item/nickel_ingot"},{"predicate":{"custom_model_data":24.0},"model":"terrariamod:item/platinum_axe"},{"predicate":{"custom_model_data":25.0},"model":"portable_tables:item/portable_smoker"},{"predicate":{"custom_model_data":26.0},"model":"hexcasting:item/pride_colorizer_transgender"},{"predicate":{"custom_model_data":27.0},"model":"consistency_plus:item/purple_glazed_terracotta_brick"},{"predicate":{"custom_model_data":28.0},"model":"pswg:item/raw_desh"},{"predicate":{"custom_model_data":29.0},"model":"geocluster:item/raw_platinum"},{"predicate":{"custom_model_data":30.0},"model":"geocluster:item/raw_zinc"},{"predicate":{"custom_model_data":31.0},"model":"pswg:item/salt_pile"},{"predicate":{"custom_model_data":32.0},"model":"sandwichable:item/sandwich_table_minecart"},{"predicate":{"custom_model_data":33.0},"model":"aurorasdeco:item/seat_rest/wwizardry/mycha"},{"predicate":{"custom_model_data":34.0},"model":"aurorasdeco:item/sign_post/wwizardry/mycha"},{"predicate":{"custom_model_data":35.0},"model":"hexcasting:item/staff/mangrove"},{"predicate":{"custom_model_data":36.0},"model":"turtlematic:item/starbound_mercantile_automata_core"},{"predicate":{"custom_model_data":37.0},"model":"consistency_plus:item/stone_brick"},{"predicate":{"custom_model_data":38.0},"model":"fabricaeexnihilo:item/sunflower_seeds"},{"predicate":{"custom_model_data":39.0},"model":"pswg:item/tan_heavy_backpack"},{"predicate":{"custom_model_data":40.0},"model":"mythicmetals:item/tin_ingot"},{"predicate":{"custom_model_data":41.0},"model":"railways:item/track_incomplete_jungle_narrow"},{"predicate":{"custom_model_data":42.0},"model":"piercingpaxels:item/usage_hoe"},{"predicate":{"custom_model_data":43.0},"model":"create:item/wand_of_symmetry"},{"predicate":{"custom_model_data":44.0},"model":"consistency_plus:item/waxed_exposed_copper_brick"},{"predicate":{"custom_model_data":45.0},"model":"consistency_plus:item/white_glazed_terracotta_brick"},{"predicate":{"custom_model_data":46.0},"model":"pswg:item/white_light_backpack"},{"predicate":{"custom_model_data":47.0},"model":"phonos:item/yellow_audio_cable"}]}