{"parent":"item/generated","textures":{"layer0":"item/leather_helmet","layer1":"item/leather_helmet_overlay"},"overrides":[{"predicate":{"custom_model_data":1.0},"model":"mythicmetals:item/adamantite_helmet"},{"predicate":{"custom_model_data":2.0},"model":"pollinators_paradise:item/apiarist_veil"},{"predicate":{"custom_model_data":2.0,"pollinators_paradise:honeyed":1.0},"model":"pollinators_paradise:item/apiarist_veil_honeyed"},{"predicate":{"custom_model_data":3.0},"model":"mythicmetals:item/aquarium_helmet"},{"predicate":{"custom_model_data":4.0},"model":"limboniclegacy:item/arctite_helmet"},{"predicate":{"custom_model_data":5.0},"model":"pswg:item/artillerytrooper_helmet"},{"predicate":{"custom_model_data":6.0},"model":"mythicmetals:item/banglum_helmet"},{"predicate":{"custom_model_data":7.0},"model":"pswg:item/beach_insurgence_hat"},{"predicate":{"custom_model_data":8.0},"model":"railways:item/black_conductor_cap"},{"predicate":{"custom_model_data":9.0},"model":"pswg:item/black_imperial_officer_hat"},{"predicate":{"custom_model_data":10.0},"model":"railways:item/blue_conductor_cap"},{"predicate":{"custom_model_data":11.0},"model":"mythicmetals:item/bronze_helmet"},{"predicate":{"custom_model_data":12.0},"model":"railways:item/brown_conductor_cap"},{"predicate":{"custom_model_data":13.0},"model":"pswg:item/brown_goggles_cap"},{"predicate":{"custom_model_data":14.0},"model":"soul_ice:item/cactus_helmet"},{"predicate":{"custom_model_data":15.0},"model":"plushables:item/cap_beaux"},{"predicate":{"custom_model_data":16.0},"model":"plushables:item/cap_fox"},{"predicate":{"custom_model_data":17.0},"model":"plushables:item/cap_froglin"},{"predicate":{"custom_model_data":18.0},"model":"plushables:item/cap_mushroom"},{"predicate":{"custom_model_data":19.0},"model":"plushables:item/cap_truffles"},{"predicate":{"custom_model_data":20.0},"model":"plushables:item/cap_unicorn"},{"predicate":{"custom_model_data":21.0},"model":"mythicmetals:item/carmot_helmet"},{"predicate":{"custom_model_data":22.0},"model":"mythicmetals:item/celestium_helmet"},{"predicate":{"custom_model_data":23.0},"model":"limboniclegacy:item/coldsteel_helmet"},{"predicate":{"custom_model_data":24.0},"model":"create:item/copper_diving_helmet"},{"predicate":{"custom_model_data":25.0},"model":"mythicmetals:item/copper_helmet"},{"predicate":{"custom_model_data":26.0},"model":"terrariamod:item/copper_helmet"},{"predicate":{"custom_model_data":27.0},"model":"railways:item/cyan_conductor_cap"},{"predicate":{"custom_model_data":28.0},"model":"pswg:item/deathtrooper_helmet"},{"predicate":{"custom_model_data":29.0},"model":"pswg:item/desert_insurgence_hat"},{"predicate":{"custom_model_data":30.0},"model":"mythicmetals:item/durasteel_helmet"},{"predicate":{"custom_model_data":31.0},"model":"elysium:item/elysium_helmet"},{"predicate":{"custom_model_data":32.0},"model":"elysium:item/experimental_elysium_helmet"},{"predicate":{"custom_model_data":33.0},"model":"gildednetherite:item/gilded_netherite_helmet"},{"predicate":{"custom_model_data":34.0},"model":"yttr:item/goggles"},{"predicate":{"custom_model_data":35.0},"model":"terrariamod:item/gold_crown"},{"predicate":{"custom_model_data":36.0},"model":"terrariamod:item/gold_helmet"},{"predicate":{"custom_model_data":37.0},"model":"railways:item/gray_conductor_cap"},{"predicate":{"custom_model_data":38.0},"model":"pswg:item/gray_goggles_cap"},{"predicate":{"custom_model_data":39.0},"model":"pswg:item/gray_imperial_officer_hat"},{"predicate":{"custom_model_data":40.0},"model":"railways:item/green_conductor_cap"},{"predicate":{"custom_model_data":41.0},"model":"mythicmetals:item/hallowed_helmet"},{"predicate":{"custom_model_data":42.0},"model":"pswg:item/hovertankpilot_helmet"},{"predicate":{"custom_model_data":43.0},"model":"soul_ice:item/hydrated_cactus_helmet"},{"predicate":{"custom_model_data":44.0},"model":"pswg:item/imperial_pilot_helmet"},{"predicate":{"custom_model_data":45.0},"model":"pswg:item/incineratortrooper_helmet"},{"predicate":{"custom_model_data":46.0},"model":"terrariamod:item/iron_helmet"},{"predicate":{"custom_model_data":47.0},"model":"pswg:item/jumptrooper_helmet"},{"predicate":{"custom_model_data":48.0},"model":"pswg:item/khaki_imperial_officer_hat"},{"predicate":{"custom_model_data":49.0},"model":"mythicmetals:item/kyber_helmet"},{"predicate":{"custom_model_data":50.0},"model":"mythicmetals:item/legendary_banglum_helmet"},{"predicate":{"custom_model_data":51.0},"model":"railways:item/light_blue_conductor_cap"},{"predicate":{"custom_model_data":52.0},"model":"railways:item/light_gray_conductor_cap"},{"predicate":{"custom_model_data":53.0},"model":"pswg:item/light_gray_imperial_officer_hat"},{"predicate":{"custom_model_data":54.0},"model":"railways:item/lime_conductor_cap"},{"predicate":{"custom_model_data":55.0},"model":"railways:item/magenta_conductor_cap"},{"predicate":{"custom_model_data":56.0},"model":"mythicmetals:item/metallurgium_helmet"},{"predicate":{"custom_model_data":57.0},"model":"mythicmetals:item/midas_gold_helmet"},{"predicate":{"custom_model_data":58.0},"model":"bingbingwahoo:item/mysterious_cap"},{"predicate":{"custom_model_data":59.0},"model":"mythicmetals:item/mythril_helmet"},{"predicate":{"custom_model_data":60.0},"model":"create:item/netherite_diving_helmet"},{"predicate":{"custom_model_data":61.0},"model":"terrariamod:item/ninja_helmet"},{"predicate":{"custom_model_data":62.0},"model":"railways:item/orange_conductor_cap"},{"predicate":{"custom_model_data":63.0},"model":"mythicmetals:item/orichalcum_helmet"},{"predicate":{"custom_model_data":64.0},"model":"mythicmetals:item/osmium_helmet"},{"predicate":{"custom_model_data":65.0},"model":"mythicmetals:item/palladium_helmet"},{"predicate":{"custom_model_data":66.0},"model":"railways:item/pink_conductor_cap"},{"predicate":{"custom_model_data":67.0},"model":"terrariamod:item/platinum_crown"},{"predicate":{"custom_model_data":68.0},"model":"mythicmetals:item/prometheum_helmet"},{"predicate":{"custom_model_data":69.0},"model":"pswg:item/purgetrooper_helmet"},{"predicate":{"custom_model_data":70.0},"model":"railways:item/purple_conductor_cap"},{"predicate":{"custom_model_data":71.0},"model":"pswg:item/rebel_forest_helmet"},{"predicate":{"custom_model_data":72.0},"model":"pswg:item/rebel_pilot_helmet"},{"predicate":{"custom_model_data":73.0},"model":"pswg:item/rebel_tropical_helmet"},{"predicate":{"custom_model_data":74.0},"model":"railways:item/red_conductor_cap"},{"predicate":{"custom_model_data":75.0},"model":"mythicmetals:item/runite_helmet"},{"predicate":{"custom_model_data":76.0},"model":"pswg:item/sandtrooper_helmet"},{"predicate":{"custom_model_data":77.0},"model":"pswg:item/scouttrooper_helmet"},{"predicate":{"custom_model_data":78.0},"model":"pswg:item/shocktrooper_helmet"},{"predicate":{"custom_model_data":79.0},"model":"pswg:item/shoretrooper_helmet"},{"predicate":{"custom_model_data":80.0},"model":"mythicmetals:item/silver_helmet"},{"predicate":{"custom_model_data":81.0},"model":"mythicmetals:item/star_platinum_helmet"},{"predicate":{"custom_model_data":82.0},"model":"mythicmetals:item/steel_helmet"},{"predicate":{"custom_model_data":83.0},"model":"pswg:item/stormtrooper_helmet"},{"predicate":{"custom_model_data":84.0},"model":"mythicmetals:item/stormyx_helmet"},{"predicate":{"custom_model_data":85.0},"model":"yttr:item/suit_helmet"},{"predicate":{"custom_model_data":86.0},"model":"terrariamod:item/sunglasses"},{"predicate":{"custom_model_data":87.0},"model":"pswg:item/tan_goggles_cap"},{"predicate":{"custom_model_data":88.0},"model":"terracotta_knights:item/tiny_chainmail_helmet"},{"predicate":{"custom_model_data":89.0},"model":"terracotta_knights:item/tiny_diamond_helmet"},{"predicate":{"custom_model_data":90.0},"model":"terracotta_knights:item/tiny_gold_helmet"},{"predicate":{"custom_model_data":91.0},"model":"terracotta_knights:item/tiny_iron_helmet"},{"predicate":{"custom_model_data":92.0},"model":"terracotta_knights:item/tiny_netherite_helmet"},{"predicate":{"custom_model_data":93.0},"model":"railways:item/white_conductor_cap"},{"predicate":{"custom_model_data":94.0},"model":"railways:item/yellow_conductor_cap"}]}