{"parent": "item/generated", "textures": {"layer0": "item/leather_leggings", "layer1": "item/leather_leggings_overlay"}, "overrides": [{"predicate": {"custom_model_data": 1.0}, "model": "mythicmetals:item/adamantite_leggings"}, {"predicate": {"custom_model_data": 2.0}, "model": "pollinators_paradise:item/apiarist_leggings"}, {"predicate": {"custom_model_data": 2.0, "pollinators_paradise:honeyed": 1.0}, "model": "pollinators_paradise:item/apiarist_leggings_honeyed"}, {"predicate": {"custom_model_data": 3.0}, "model": "mythicmetals:item/aquarium_leggings"}, {"predicate": {"custom_model_data": 4.0}, "model": "limboniclegacy:item/arctite_leggings"}, {"predicate": {"custom_model_data": 5.0}, "model": "pswg:item/artillerytrooper_leggings"}, {"predicate": {"custom_model_data": 6.0}, "model": "mythicmetals:item/banglum_leggings"}, {"predicate": {"custom_model_data": 7.0}, "model": "mythicmetals:item/bronze_leggings"}, {"predicate": {"custom_model_data": 8.0}, "model": "soul_ice:item/cactus_leggings"}, {"predicate": {"custom_model_data": 9.0}, "model": "mythicmetals:item/carmot_leggings"}, {"predicate": {"custom_model_data": 10.0}, "model": "mythicmetals:item/celestium_leggings"}, {"predicate": {"custom_model_data": 11.0}, "model": "limboniclegacy:item/coldsteel_leggings"}, {"predicate": {"custom_model_data": 12.0}, "model": "mythicmetals:item/copper_leggings"}, {"predicate": {"custom_model_data": 13.0}, "model": "terrariamod:item/copper_leggings"}, {"predicate": {"custom_model_data": 14.0}, "model": "pswg:item/deathtrooper_leggings"}, {"predicate": {"custom_model_data": 15.0}, "model": "mythicmetals:item/durasteel_leggings"}, {"predicate": {"custom_model_data": 16.0}, "model": "elysium:item/elysium_leggings"}, {"predicate": {"custom_model_data": 17.0}, "model": "elysium:item/experimental_elysium_leggings"}, {"predicate": {"custom_model_data": 18.0}, "model": "gildednetherite:item/gilded_netherite_leggings"}, {"predicate": {"custom_model_data": 19.0}, "model": "terrariamod:item/gold_leggings"}, {"predicate": {"custom_model_data": 20.0}, "model": "mythicmetals:item/hallowed_leggings"}, {"predicate": {"custom_model_data": 21.0}, "model": "pswg:item/hovertankpilot_leggings"}, {"predicate": {"custom_model_data": 22.0}, "model": "soul_ice:item/hydrated_cactus_leggings"}, {"predicate": {"custom_model_data": 23.0}, "model": "pswg:item/incineratortrooper_leggings"}, {"predicate": {"custom_model_data": 24.0}, "model": "terrariamod:item/iron_leggings"}, {"predicate": {"custom_model_data": 25.0}, "model": "pswg:item/jumptrooper_leggings"}, {"predicate": {"custom_model_data": 26.0}, "model": "mythicmetals:item/kyber_leggings"}, {"predicate": {"custom_model_data": 27.0}, "model": "mythicmetals:item/legendary_banglum_leggings"}, {"predicate": {"custom_model_data": 28.0}, "model": "mythicmetals:item/metallurgium_leggings"}, {"predicate": {"custom_model_data": 29.0}, "model": "mythicmetals:item/midas_gold_leggings"}, {"predicate": {"custom_model_data": 30.0}, "model": "mythicmetals:item/mythril_leggings"}, {"predicate": {"custom_model_data": 31.0}, "model": "terrariamod:item/ninja_leggings"}, {"predicate": {"custom_model_data": 32.0}, "model": "mythicmetals:item/orichalcum_leggings"}, {"predicate": {"custom_model_data": 33.0}, "model": "mythicmetals:item/osmium_leggings"}, {"predicate": {"custom_model_data": 34.0}, "model": "mythicmetals:item/palladium_leggings"}, {"predicate": {"custom_model_data": 35.0}, "model": "mythicmetals:item/prometheum_leggings"}, {"predicate": {"custom_model_data": 36.0}, "model": "pswg:item/purgetrooper_leggings"}, {"predicate": {"custom_model_data": 37.0}, "model": "mythicmetals:item/runite_leggings"}, {"predicate": {"custom_model_data": 38.0}, "model": "pswg:item/sandtrooper_leggings"}, {"predicate": {"custom_model_data": 39.0}, "model": "pswg:item/scouttrooper_leggings"}, {"predicate": {"custom_model_data": 40.0}, "model": "pswg:item/shocktrooper_leggings"}, {"predicate": {"custom_model_data": 41.0}, "model": "pswg:item/shoretrooper_leggings"}, {"predicate": {"custom_model_data": 42.0}, "model": "mythicmetals:item/silver_leggings"}, {"predicate": {"custom_model_data": 43.0}, "model": "mythicmetals:item/star_platinum_leggings"}, {"predicate": {"custom_model_data": 44.0}, "model": "mythicmetals:item/steel_leggings"}, {"predicate": {"custom_model_data": 45.0}, "model": "pswg:item/stormtrooper_leggings"}, {"predicate": {"custom_model_data": 46.0}, "model": "mythicmetals:item/stormyx_leggings"}, {"predicate": {"custom_model_data": 47.0}, "model": "yttr:item/suit_leggings"}, {"predicate": {"custom_model_data": 48.0}, "model": "terracotta_knights:item/tiny_chainmail_leggings"}, {"predicate": {"custom_model_data": 49.0}, "model": "terracotta_knights:item/tiny_diamond_leggings"}, {"predicate": {"custom_model_data": 50.0}, "model": "terracotta_knights:item/tiny_gold_leggings"}, {"predicate": {"custom_model_data": 51.0}, "model": "terracotta_knights:item/tiny_iron_leggings"}, {"predicate": {"custom_model_data": 52.0}, "model": "terracotta_knights:item/tiny_netherite_leggings"}, {"predicate": {"custom_model_data": 53.0}, "model": "consistency_plus:item/turtle_leggings"}, {"predicate": {"custom_model_data": 53.0, "trim_type": 0.1}, "model": "consistency_plus:item/turtle_leggings_quartz_trim"}, {"predicate": {"custom_model_data": 53.0, "trim_type": 0.2}, "model": "consistency_plus:item/turtle_leggings_iron_trim"}, {"predicate": {"custom_model_data": 53.0, "trim_type": 0.3}, "model": "consistency_plus:item/turtle_leggings_netherite_trim"}, {"predicate": {"custom_model_data": 53.0, "trim_type": 0.4}, "model": "consistency_plus:item/turtle_leggings_redstone_trim"}, {"predicate": {"custom_model_data": 53.0, "trim_type": 0.5}, "model": "consistency_plus:item/turtle_leggings_copper_trim"}, {"predicate": {"custom_model_data": 53.0, "trim_type": 0.6}, "model": "consistency_plus:item/turtle_leggings_gold_trim"}, {"predicate": {"custom_model_data": 53.0, "trim_type": 0.7}, "model": "consistency_plus:item/turtle_leggings_emerald_trim"}, {"predicate": {"custom_model_data": 53.0, "trim_type": 0.8}, "model": "consistency_plus:item/turtle_leggings_diamond_trim"}, {"predicate": {"custom_model_data": 53.0, "trim_type": 0.9}, "model": "consistency_plus:item/turtle_leggings_lapis_trim"}, {"predicate": {"custom_model_data": 53.0, "trim_type": 1.0}, "model": "consistency_plus:item/turtle_leggings_amethyst_trim"}]}