{"parent": "minecraft:item/generated", "textures": {"layer0": "minecraft:item/magma_cream"}, "overrides": [{"predicate": {"custom_model_data": 1.0}, "model": "arcpocalypse:item/abyss_lift"}, {"predicate": {"custom_model_data": 2.0}, "model": "amarite:item/amarite_shard"}, {"predicate": {"custom_model_data": 3.0}, "model": "create:item/andesite_alloy"}, {"predicate": {"custom_model_data": 4.0}, "model": "phonos:item/audio_cable"}, {"predicate": {"custom_model_data": 5.0}, "model": "befoul:item/behavioural_lens"}, {"predicate": {"custom_model_data": 6.0}, "model": "pswg:item/blaster_cycler"}, {"predicate": {"custom_model_data": 7.0}, "model": "terrariamod:item/crimtane_bow"}, {"predicate": {"custom_model_data": 8.0}, "model": "fabricaeexnihilo:item/dripstone_pebble"}, {"predicate": {"custom_model_data": 9.0}, "model": "hexcasting:item/dye_colorizer_light_blue"}, {"predicate": {"custom_model_data": 10.0}, "model": "yttr:item/effector"}, {"predicate": {"custom_model_data": 11.0}, "model": "wiredredstone:item/gate_projector_simple"}, {"predicate": {"custom_model_data": 12.0}, "model": "pswg:item/glass_5"}, {"predicate": {"custom_model_data": 13.0}, "model": "terrariamod:item/gold_broadsword"}, {"predicate": {"custom_model_data": 14.0}, "model": "gravity_api:item/gravity_changer_west"}, {"predicate": {"custom_model_data": 15.0}, "model": "wiredredstone:item/green_bundled_cable"}, {"predicate": {"custom_model_data": 16.0}, "model": "consistency_plus:item/green_glazed_terracotta_brick"}, {"predicate": {"custom_model_data": 17.0}, "model": "terrariamod:item/iron_broadsword"}, {"predicate": {"custom_model_data": 18.0}, "model": "pswg:item/krayt_pearl"}, {"predicate": {"custom_model_data": 19.0}, "model": "geocluster:item/lead_nugget"}, {"predicate": {"custom_model_data": 20.0}, "model": "peculiarpieces:item/mounting_stick"}, {"predicate": {"custom_model_data": 21.0}, "model": "exco:item/music_disc_devenirmondefi"}, {"predicate": {"custom_model_data": 22.0}, "model": "mythicmetals:item/mythril_nugget"}, {"predicate": {"custom_model_data": 23.0}, "model": "turtlematic:item/netherite_husbandry_automata_core"}, {"predicate": {"custom_model_data": 24.0}, "model": "befoul:item/nocturnal_lens"}, {"predicate": {"custom_model_data": 25.0}, "model": "wiredredstone:item/obsidian_stick"}, {"predicate": {"custom_model_data": 26.0}, "model": "geocluster:item/platinum_nugget"}, {"predicate": {"custom_model_data": 27.0}, "model": "mythicmetals:item/raw_kyber"}, {"predicate": {"custom_model_data": 28.0}, "model": "create:item/rose_quartz"}, {"predicate": {"custom_model_data": 29.0}, "model": "pswg:item/spawn_faa"}, {"predicate": {"custom_model_data": 30.0}, "model": "sandwichable:item/stone_kitchen_knife"}, {"predicate": {"custom_model_data": 31.0}, "model": "terrariamod:item/tin_shortsword"}, {"predicate": {"custom_model_data": 32.0}, "model": "discarnate:item/toggle_strafe_right_task"}, {"predicate": {"custom_model_data": 33.0}, "model": "railways:item/track_incomplete_acacia_narrow"}, {"predicate": {"custom_model_data": 34.0}, "model": "railways:item/track_incomplete_oak_wide"}, {"predicate": {"custom_model_data": 35.0}, "model": "yttr:item/ultrapure_neodymium"}, {"predicate": {"custom_model_data": 36.0}, "model": "consistency_plus:item/waxed_oxidized_copper_brick"}, {"predicate": {"custom_model_data": 37.0}, "model": "arachne:item/weave_controller"}]}