{"parent":"minecraft:item/generated","textures":{"layer0":"minecraft:item/mutton"},"overrides":[{"predicate":{"custom_model_data":1.0},"model":"pswg:item/absynthesized_malt"},{"predicate":{"custom_model_data":2.0},"model":"promenade:item/banana"},{"predicate":{"custom_model_data":3.0},"model":"promenade:item/blueberries"},{"predicate":{"custom_model_data":4.0},"model":"ecotones:item/cactus_fruit"},{"predicate":{"custom_model_data":5.0},"model":"sandwichable:item/candescent_cheese_wheel"},{"predicate":{"custom_model_data":6.0},"model":"sandwichable:item/cheese_wheel"},{"predicate":{"custom_model_data":7.0},"model":"sandwichable:item/cooked_salmon_filet"},{"predicate":{"custom_model_data":8.0},"model":"pswg:item/deb_deb"},{"predicate":{"custom_model_data":9.0},"model":"pswg:item/eopie_loin"},{"predicate":{"custom_model_data":10.0},"model":"pswg:item/flangth_takeout"},{"predicate":{"custom_model_data":11.0},"model":"softerpastels:item/light_green_taffy"},{"predicate":{"custom_model_data":12.0},"model":"softerpastels:item/red_taffy"},{"predicate":{"custom_model_data":13.0},"model":"moue_milkshakes:item/sugared_strawberry"},{"predicate":{"custom_model_data":14.0},"model":"pswg:item/vaporator_mushroom"},{"predicate":{"custom_model_data":15.0},"model":"sandwichable:item/warped_bleu_cheese_wheel"},{"predicate":{"custom_model_data":16.0},"model":"softerpastels:item/yellow_taffy"}]}