{"parent": "minecraft:item/generated", "textures": {"layer0": "minecraft:item/nautilus_shell"}, "overrides": [{"predicate": {"angle": 0.0, "custom_model_data": 29.0}, "model": "item/compass"}, {"predicate": {"custom_model_data": 1.0}, "model": "porting_lib:item/area_selector"}, {"predicate": {"angle": 0.015625, "custom_model_data": 29.0}, "model": "item/compass_17"}, {"predicate": {"angle": 0.046875, "custom_model_data": 29.0}, "model": "item/compass_18"}, {"predicate": {"angle": 0.078125, "custom_model_data": 29.0}, "model": "item/compass_19"}, {"predicate": {"angle": 0.109375, "custom_model_data": 29.0}, "model": "item/compass_20"}, {"predicate": {"angle": 0.140625, "custom_model_data": 29.0}, "model": "item/compass_21"}, {"predicate": {"angle": 0.171875, "custom_model_data": 29.0}, "model": "item/compass_22"}, {"predicate": {"angle": 0.203125, "custom_model_data": 29.0}, "model": "item/compass_23"}, {"predicate": {"angle": 0.234375, "custom_model_data": 29.0}, "model": "item/compass_24"}, {"predicate": {"angle": 0.265625, "custom_model_data": 29.0}, "model": "item/compass_25"}, {"predicate": {"angle": 0.296875, "custom_model_data": 29.0}, "model": "item/compass_26"}, {"predicate": {"angle": 0.328125, "custom_model_data": 29.0}, "model": "item/compass_27"}, {"predicate": {"angle": 0.359375, "custom_model_data": 29.0}, "model": "item/compass_28"}, {"predicate": {"angle": 0.390625, "custom_model_data": 29.0}, "model": "item/compass_29"}, {"predicate": {"angle": 0.421875, "custom_model_data": 29.0}, "model": "item/compass_30"}, {"predicate": {"angle": 0.453125, "custom_model_data": 29.0}, "model": "item/compass_31"}, {"predicate": {"angle": 0.484375, "custom_model_data": 29.0}, "model": "item/compass_00"}, {"predicate": {"angle": 0.515625, "custom_model_data": 29.0}, "model": "item/compass_01"}, {"predicate": {"angle": 0.546875, "custom_model_data": 29.0}, "model": "item/compass_02"}, {"predicate": {"angle": 0.578125, "custom_model_data": 29.0}, "model": "item/compass_03"}, {"predicate": {"angle": 0.609375, "custom_model_data": 29.0}, "model": "item/compass_04"}, {"predicate": {"angle": 0.640625, "custom_model_data": 29.0}, "model": "item/compass_05"}, {"predicate": {"angle": 0.671875, "custom_model_data": 29.0}, "model": "item/compass_06"}, {"predicate": {"angle": 0.703125, "custom_model_data": 29.0}, "model": "item/compass_07"}, {"predicate": {"angle": 0.734375, "custom_model_data": 29.0}, "model": "item/compass_08"}, {"predicate": {"angle": 0.765625, "custom_model_data": 29.0}, "model": "item/compass_09"}, {"predicate": {"angle": 0.796875, "custom_model_data": 29.0}, "model": "item/compass_10"}, {"predicate": {"angle": 0.828125, "custom_model_data": 29.0}, "model": "item/compass_11"}, {"predicate": {"angle": 0.859375, "custom_model_data": 29.0}, "model": "item/compass_12"}, {"predicate": {"angle": 0.890625, "custom_model_data": 29.0}, "model": "item/compass_13"}, {"predicate": {"angle": 0.921875, "custom_model_data": 29.0}, "model": "item/compass_14"}, {"predicate": {"angle": 0.953125, "custom_model_data": 29.0}, "model": "item/compass_15"}, {"predicate": {"angle": 0.984375, "custom_model_data": 29.0}, "model": "item/compass"}, {"predicate": {"custom_model_data": 2.0}, "model": "automobility:item/automobile_engine"}, {"predicate": {"custom_model_data": 3.0}, "model": "wiredredstone:item/black_insulated_wire"}, {"predicate": {"custom_model_data": 4.0}, "model": "pswg:item/blaster_t21"}, {"predicate": {"custom_model_data": 5.0}, "model": "peculiarpieces:item/bottomless_bucket"}, {"predicate": {"custom_model_data": 6.0}, "model": "sandwichable:item/candescent_cheese_culture_bottle"}, {"predicate": {"custom_model_data": 7.0}, "model": "portalcubed:item/companion_cube"}, {"predicate": {"custom_model_data": 8.0}, "model": "peculiarpieces:item/crafting_slate"}, {"predicate": {"custom_model_data": 9.0}, "model": "turtlematic:item/creative_enchanting_automata_core"}, {"predicate": {"custom_model_data": 10.0}, "model": "honk:item/dna"}, {"predicate": {"custom_model_data": 11.0}, "model": "exco:item/drive_4m"}, {"predicate": {"custom_model_data": 11.0, "exco:gui": 1.0}, "model": "exco:item/drive_gui"}, {"predicate": {"custom_model_data": 12.0}, "model": "pswg:item/durasteel_ingot"}, {"predicate": {"custom_model_data": 13.0}, "model": "terrariamod:item/ebonwood_sword"}, {"predicate": {"custom_model_data": 14.0}, "model": "minecraft:item/barrier"}, {"predicate": {"custom_model_data": 15.0}, "model": "consistency_plus:item/flint_brick"}, {"predicate": {"custom_model_data": 16.0}, "model": "hexcasting:item/focus"}, {"predicate": {"custom_model_data": 16.0, "hexcasting:overlay_layer": 0.0, "hexcasting:variant": 0.0}, "model": "hexcasting:item/focus"}, {"predicate": {"custom_model_data": 16.0, "hexcasting:overlay_layer": 1.0, "hexcasting:variant": 0.0}, "model": "hexcasting:item/focus_0_filled"}, {"predicate": {"custom_model_data": 16.0, "hexcasting:overlay_layer": 2.0, "hexcasting:variant": 0.0}, "model": "hexcasting:item/focus_0_sealed"}, {"predicate": {"custom_model_data": 16.0, "hexcasting:overlay_layer": 0.0, "hexcasting:variant": 1.0}, "model": "hexcasting:item/focus_1"}, {"predicate": {"custom_model_data": 16.0, "hexcasting:overlay_layer": 1.0, "hexcasting:variant": 1.0}, "model": "hexcasting:item/focus_1_filled"}, {"predicate": {"custom_model_data": 16.0, "hexcasting:overlay_layer": 2.0, "hexcasting:variant": 1.0}, "model": "hexcasting:item/focus_1_sealed"}, {"predicate": {"custom_model_data": 16.0, "hexcasting:overlay_layer": 0.0, "hexcasting:variant": 2.0}, "model": "hexcasting:item/focus_2"}, {"predicate": {"custom_model_data": 16.0, "hexcasting:overlay_layer": 1.0, "hexcasting:variant": 2.0}, "model": "hexcasting:item/focus_2_filled"}, {"predicate": {"custom_model_data": 16.0, "hexcasting:overlay_layer": 2.0, "hexcasting:variant": 2.0}, "model": "hexcasting:item/focus_2_sealed"}, {"predicate": {"custom_model_data": 16.0, "hexcasting:overlay_layer": 0.0, "hexcasting:variant": 3.0}, "model": "hexcasting:item/focus_3"}, {"predicate": {"custom_model_data": 16.0, "hexcasting:overlay_layer": 1.0, "hexcasting:variant": 3.0}, "model": "hexcasting:item/focus_3_filled"}, {"predicate": {"custom_model_data": 16.0, "hexcasting:overlay_layer": 2.0, "hexcasting:variant": 3.0}, "model": "hexcasting:item/focus_3_sealed"}, {"predicate": {"custom_model_data": 16.0, "hexcasting:overlay_layer": 0.0, "hexcasting:variant": 4.0}, "model": "hexcasting:item/focus_4"}, {"predicate": {"custom_model_data": 16.0, "hexcasting:overlay_layer": 1.0, "hexcasting:variant": 4.0}, "model": "hexcasting:item/focus_4_filled"}, {"predicate": {"custom_model_data": 16.0, "hexcasting:overlay_layer": 2.0, "hexcasting:variant": 4.0}, "model": "hexcasting:item/focus_4_sealed"}, {"predicate": {"custom_model_data": 16.0, "hexcasting:overlay_layer": 0.0, "hexcasting:variant": 5.0}, "model": "hexcasting:item/focus_5"}, {"predicate": {"custom_model_data": 16.0, "hexcasting:overlay_layer": 1.0, "hexcasting:variant": 5.0}, "model": "hexcasting:item/focus_5_filled"}, {"predicate": {"custom_model_data": 16.0, "hexcasting:overlay_layer": 2.0, "hexcasting:variant": 5.0}, "model": "hexcasting:item/focus_5_sealed"}, {"predicate": {"custom_model_data": 16.0, "hexcasting:overlay_layer": 0.0, "hexcasting:variant": 6.0}, "model": "hexcasting:item/focus_6"}, {"predicate": {"custom_model_data": 16.0, "hexcasting:overlay_layer": 1.0, "hexcasting:variant": 6.0}, "model": "hexcasting:item/focus_6_filled"}, {"predicate": {"custom_model_data": 16.0, "hexcasting:overlay_layer": 2.0, "hexcasting:variant": 6.0}, "model": "hexcasting:item/focus_6_sealed"}, {"predicate": {"custom_model_data": 16.0, "hexcasting:overlay_layer": 0.0, "hexcasting:variant": 7.0}, "model": "hexcasting:item/focus_7"}, {"predicate": {"custom_model_data": 16.0, "hexcasting:overlay_layer": 1.0, "hexcasting:variant": 7.0}, "model": "hexcasting:item/focus_7_filled"}, {"predicate": {"custom_model_data": 16.0, "hexcasting:overlay_layer": 2.0, "hexcasting:variant": 7.0}, "model": "hexcasting:item/focus_7_sealed"}, {"predicate": {"custom_model_data": 17.0}, "model": "consistency_plus:item/glazed_terracotta_brick"}, {"predicate": {"custom_model_data": 18.0}, "model": "ecotones:item/grass_strand"}, {"predicate": {"custom_model_data": 19.0}, "model": "bouncecraft3:item/high_bounce_pad"}, {"predicate": {"custom_model_data": 20.0}, "model": "mythicmetals:item/kyber_nugget"}, {"predicate": {"custom_model_data": 21.0}, "model": "railways:item/light_gray_incomplete_conductor_cap"}, {"predicate": {"custom_model_data": 22.0}, "model": "consistency_plus:item/light_gray_terracotta_brick"}, {"predicate": {"custom_model_data": 23.0}, "model": "minecraft:item/barrier"}, {"predicate": {"custom_model_data": 24.0}, "model": "extended_drawers:item/limiter"}, {"predicate": {"custom_model_data": 25.0}, "model": "mythicmetals:item/metallurgium_ingot"}, {"predicate": {"custom_model_data": 26.0}, "model": "exco:item/music_disc_ombres"}, {"predicate": {"custom_model_data": 27.0}, "model": "fabricaeexnihilo:item/peony_seeds"}, {"predicate": {"custom_model_data": 28.0}, "model": "consistency_plus:item/pink_concrete_brick"}, {"predicate": {"custom_model_data": 29.0}, "model": "peculiarpieces:item/player_compass"}, {"predicate": {"custom_model_data": 30.0}, "model": "portable_tables:item/portable_chipped_anvil"}, {"predicate": {"custom_model_data": 31.0}, "model": "portalcubed:item/portal_gun_frame"}, {"predicate": {"custom_model_data": 32.0}, "model": "hexcasting:item/pride_colorizer_demiboy"}, {"predicate": {"custom_model_data": 33.0}, "model": "pswg:item/purple_cup"}, {"predicate": {"custom_model_data": 34.0}, "model": "mythicmetals:item/raw_banglum"}, {"predicate": {"custom_model_data": 35.0}, "model": "geocluster:item/raw_nickel"}, {"predicate": {"custom_model_data": 36.0}, "model": "consistency_plus:item/red_terracotta_brick"}, {"predicate": {"custom_model_data": 37.0}, "model": "exco:item/rtg_pellet"}, {"predicate": {"custom_model_data": 38.0}, "model": "aurorasdeco:item/seat_rest/mangrove"}, {"predicate": {"custom_model_data": 39.0}, "model": "aurorasdeco:item/sign_post/mangrove"}, {"predicate": {"custom_model_data": 40.0}, "model": "scriptor:item/spellbook"}, {"predicate": {"custom_model_data": 41.0}, "model": "mythicmetals:item/star_platinum_nugget"}, {"predicate": {"custom_model_data": 42.0}, "model": "mythicmetals:item/steel_nugget"}, {"predicate": {"custom_model_data": 43.0}, "model": "fabricaeexnihilo:item/sugarcane_seeds"}, {"predicate": {"custom_model_data": 44.0}, "model": "extended_drawers:item/t3_upgrade"}, {"predicate": {"custom_model_data": 45.0}, "model": "geocluster:item/titanium_nugget"}, {"predicate": {"custom_model_data": 46.0}, "model": "pswg:item/tongue_of_worrt"}, {"predicate": {"custom_model_data": 47.0}, "model": "railways:item/track_incomplete_dark_oak"}, {"predicate": {"custom_model_data": 48.0}, "model": "computercraft:item/treasure_disk"}, {"predicate": {"custom_model_data": 49.0}, "model": "mythicmetals:item/unobtainium_smithing_template"}, {"predicate": {"custom_model_data": 50.0}, "model": "minecraft:item/barrier"}, {"predicate": {"custom_model_data": 51.0}, "model": "pswg:item/white_cup"}, {"predicate": {"custom_model_data": 52.0}, "model": "pswg:item/zersium_crystal"}]}