{"parent": "minecraft:item/generated", "textures": {"layer0": "minecraft:item/netherite_ingot"}, "overrides": [{"predicate": {"custom_model_data": 1.0}, "model": "automobility:item/automobile"}, {"predicate": {"custom_model_data": 2.0}, "model": "consistency_plus:item/bedrock_brick"}, {"predicate": {"custom_model_data": 3.0}, "model": "pswg:item/blaster_rt97c"}, {"predicate": {"custom_model_data": 4.0}, "model": "fabricaeexnihilo:item/chorus_seeds"}, {"predicate": {"custom_model_data": 5.0}, "model": "create:item/crafter_slot_cover"}, {"predicate": {"custom_model_data": 6.0}, "model": "turtlematic:item/creative_chest"}, {"predicate": {"custom_model_data": 7.0}, "model": "consistency_plus:item/cyan_concrete_brick"}, {"predicate": {"custom_model_data": 8.0}, "model": "hexcasting:item/default_colorizer"}, {"predicate": {"custom_model_data": 9.0}, "model": "exco:item/drive_16m"}, {"predicate": {"custom_model_data": 9.0, "exco:gui": 1.0}, "model": "exco:item/drive_gui"}, {"predicate": {"custom_model_data": 10.0}, "model": "portalcubed:item/fact_core"}, {"predicate": {"custom_model_data": 11.0}, "model": "peculiarpieces:item/flight_ring"}, {"predicate": {"custom_model_data": 12.0}, "model": "terrariamod:item/gold_shortsword"}, {"predicate": {"custom_model_data": 13.0}, "model": "peculiarpieces:item/hidden_potion"}, {"predicate": {"custom_model_data": 14.0}, "model": "fabricaeexnihilo:item/iron_mesh"}, {"predicate": {"custom_model_data": 15.0}, "model": "mythicmetals:item/kyber_ingot"}, {"predicate": {"custom_model_data": 16.0}, "model": "minecraft:item/barrier"}, {"predicate": {"custom_model_data": 17.0}, "model": "phonos:item/lime_audio_cable"}, {"predicate": {"custom_model_data": 18.0}, "model": "wiredredstone:item/magenta_insulated_wire"}, {"predicate": {"custom_model_data": 19.0}, "model": "mythicmetals:item/manganese_ingot"}, {"predicate": {"custom_model_data": 20.0}, "model": "ecotones:item/maple_sap_jar"}, {"predicate": {"custom_model_data": 21.0}, "model": "create:item/minecart_contraption"}, {"predicate": {"custom_model_data": 22.0}, "model": "exco:item/music_disc_ngenracer"}, {"predicate": {"custom_model_data": 23.0}, "model": "yttr:item/neodymium_disc"}, {"predicate": {"custom_model_data": 24.0}, "model": "origins:item/orb_of_origin"}, {"predicate": {"custom_model_data": 25.0}, "model": "portable_tables:item/portable_blast_furnace"}, {"predicate": {"custom_model_data": 26.0}, "model": "hexcasting:item/pride_colorizer_asexual"}, {"predicate": {"custom_model_data": 27.0}, "model": "exco:item/processor"}, {"predicate": {"custom_model_data": 28.0}, "model": "wiredredstone:item/purple_insulated_wire"}, {"predicate": {"custom_model_data": 29.0}, "model": "aurorasdeco:item/seat_rest/jacaranda"}, {"predicate": {"custom_model_data": 30.0}, "model": "aurorasdeco:item/sign_post/jacaranda"}, {"predicate": {"custom_model_data": 31.0}, "model": "mythicmetals:item/steel_ingot"}, {"predicate": {"custom_model_data": 32.0}, "model": "extended_drawers:item/t1_upgrade"}, {"predicate": {"custom_model_data": 33.0}, "model": "pswg:item/thorilide_dust"}, {"predicate": {"custom_model_data": 34.0}, "model": "geocluster:item/titanium_ingot"}, {"predicate": {"custom_model_data": 35.0}, "model": "scriptor:item/tome_tier3"}, {"predicate": {"custom_model_data": 36.0}, "model": "railways:item/track_incomplete_crimson_narrow"}, {"predicate": {"custom_model_data": 37.0}, "model": "portalcubed:item/turret"}, {"predicate": {"custom_model_data": 38.0}, "model": "minecraft:item/barrier"}, {"predicate": {"custom_model_data": 39.0}, "model": "consistency_plus:item/warped_wart_brick"}]}