{"parent": "minecraft:item/generated", "textures": {"layer0": "minecraft:item/netherite_scrap"}, "overrides": [{"predicate": {"befoul:no_lens": 1.0, "custom_model_data": 35.0}, "model": "befoul:item/spectrecles_empty"}, {"predicate": {"befoul:held": 1.0, "custom_model_data": 35.0}, "model": "befoul:item/spectrecles_in_right_hand"}, {"predicate": {"befoul:held": 1.0, "befoul:left": 1.0, "custom_model_data": 35.0}, "model": "befoul:item/spectrecles_in_left_hand"}, {"predicate": {"befoul:held": 1.0, "befoul:no_lens": 1.0, "custom_model_data": 35.0}, "model": "befoul:item/empty_spectrecles_in_right_hand"}, {"predicate": {"befoul:held": 1.0, "befoul:left": 1.0, "befoul:no_lens": 1.0, "custom_model_data": 35.0}, "model": "befoul:item/empty_spectrecles_in_left_hand"}, {"predicate": {"custom_model_data": 1.0}, "model": "hexcasting:item/amethyst_dust"}, {"predicate": {"custom_model_data": 2.0}, "model": "turtlematic:item/automata_core"}, {"predicate": {"custom_model_data": 3.0}, "model": "pswg:item/blaster_rk3"}, {"predicate": {"custom_model_data": 4.0}, "model": "fabricaeexnihilo:item/brine_bucket"}, {"predicate": {"custom_model_data": 5.0}, "model": "turtlematic:item/creative_brewing_automata_core"}, {"predicate": {"custom_model_data": 6.0}, "model": "wiredredstone:item/cyan_bundled_cable"}, {"predicate": {"custom_model_data": 7.0}, "model": "consistency_plus:item/end_stone_brick"}, {"predicate": {"custom_model_data": 8.0}, "model": "discarnate:item/face_horizon_task"}, {"predicate": {"custom_model_data": 9.0}, "model": "terrariamod:item/gold_pickaxe"}, {"predicate": {"custom_model_data": 10.0}, "model": "ecotones:item/grass_cord"}, {"predicate": {"custom_model_data": 11.0}, "model": "consistency_plus:item/gray_concrete_brick"}, {"predicate": {"custom_model_data": 12.0}, "model": "minecraft:item/barrier"}, {"predicate": {"custom_model_data": 13.0}, "model": "bouncecraft3:item/low_bounce_pad"}, {"predicate": {"custom_model_data": 14.0}, "model": "railways:item/magenta_incomplete_conductor_cap"}, {"predicate": {"custom_model_data": 15.0}, "model": "consistency_plus:item/magenta_terracotta_brick"}, {"predicate": {"custom_model_data": 16.0}, "model": "ecotones:item/maple_sap"}, {"predicate": {"custom_model_data": 17.0}, "model": "turtlematic:item/mimic_gadget"}, {"predicate": {"custom_model_data": 18.0}, "model": "pswg:item/molo_flower"}, {"predicate": {"custom_model_data": 19.0}, "model": "yttr:item/music_disc_memorandum"}, {"predicate": {"custom_model_data": 20.0}, "model": "consistency_plus:item/packed_mud_brick"}, {"predicate": {"custom_model_data": 21.0}, "model": "exco:item/platter_low"}, {"predicate": {"custom_model_data": 22.0}, "model": "portable_tables:item/portable_bell"}, {"predicate": {"custom_model_data": 23.0}, "model": "hexcasting:item/pride_colorizer_aromantic"}, {"predicate": {"custom_model_data": 24.0}, "model": "railways:item/purple_incomplete_conductor_cap"}, {"predicate": {"custom_model_data": 25.0}, "model": "consistency_plus:item/purple_terracotta_brick"}, {"predicate": {"custom_model_data": 26.0}, "model": "mythicmetals:item/raw_aquarium"}, {"predicate": {"custom_model_data": 27.0}, "model": "mythicmetals:item/raw_mythril"}, {"predicate": {"custom_model_data": 28.0}, "model": "fabricaeexnihilo:item/raw_silver_piece"}, {"predicate": {"custom_model_data": 29.0}, "model": "consistency_plus:item/red_concrete_brick"}, {"predicate": {"custom_model_data": 30.0}, "model": "wiredredstone:item/redstone_anode"}, {"predicate": {"custom_model_data": 31.0}, "model": "aurorasdeco:item/seat_rest/hexcasting/edified"}, {"predicate": {"custom_model_data": 32.0}, "model": "terrariamod:item/shadewood_sword"}, {"predicate": {"custom_model_data": 33.0}, "model": "aurorasdeco:item/sign_post/hexcasting/edified"}, {"predicate": {"custom_model_data": 34.0}, "model": "mythicmetals:item/silver_nugget"}, {"predicate": {"custom_model_data": 35.0}, "model": "befoul:item/spectrecles"}, {"predicate": {"custom_model_data": 36.0}, "model": "succ:item/suction_cup_boots"}, {"predicate": {"custom_model_data": 37.0}, "model": "pswg:item/thorilide_crystal"}, {"predicate": {"custom_model_data": 38.0}, "model": "scriptor:item/tome_tier2"}, {"predicate": {"custom_model_data": 39.0}, "model": "railways:item/track_incomplete_crimson"}, {"predicate": {"custom_model_data": 40.0}, "model": "railways:item/track_incomplete_warped_wide"}, {"predicate": {"custom_model_data": 41.0}, "model": "peculiarpieces:item/transport_pearl"}, {"predicate": {"custom_model_data": 42.0}, "model": "ecotones:item/turpentine"}, {"predicate": {"custom_model_data": 43.0}, "model": "mythicmetals:item/unobtainium"}, {"predicate": {"custom_model_data": 43.0, "mythicmetals:funny_day": 1.0}, "model": "mythicmetals:item/obamium"}, {"predicate": {"custom_model_data": 44.0}, "model": "minecraft:item/barrier"}, {"predicate": {"custom_model_data": 45.0}, "model": "yttr:item/yttrium_nugget"}]}