{"parent": "minecraft:item/generated", "textures": {"layer0": "minecraft:item/paper"}, "overrides": [{"predicate": {"custom_model_data": 1.0}, "model": "yttr:item/ammo_can"}, {"predicate": {"custom_model_data": 2.0}, "model": "pswg:item/black_door_insert"}, {"predicate": {"custom_model_data": 3.0}, "model": "peculiarpieces:item/blazing_gliders"}, {"predicate": {"custom_model_data": 4.0}, "model": "pswg:item/brown_specialist_backpack"}, {"predicate": {"custom_model_data": 5.0}, "model": "elysium:item/cheirosiphon"}, {"predicate": {"custom_model_data": 5.0, "elysium:held": 1.0}, "model": "elysium:item/cheirosiphon_held"}, {"predicate": {"custom_model_data": 6.0}, "model": "create:item/copper_nugget"}, {"predicate": {"custom_model_data": 7.0}, "model": "turtlematic:item/creative_mason_automata_core"}, {"predicate": {"custom_model_data": 8.0}, "model": "create:item/crushed_raw_iron"}, {"predicate": {"custom_model_data": 9.0}, "model": "terrariamod:item/demonite_bow"}, {"predicate": {"custom_model_data": 10.0}, "model": "fabricaeexnihilo:item/doll_enderman"}, {"predicate": {"custom_model_data": 11.0}, "model": "pswg:item/durasteel_rod"}, {"predicate": {"custom_model_data": 12.0}, "model": "create:item/furnace_minecart_contraption"}, {"predicate": {"custom_model_data": 13.0}, "model": "gildednetherite:item/gilded_netherite"}, {"predicate": {"custom_model_data": 14.0}, "model": "simply_starminer:item/gravity_anchor_up"}, {"predicate": {"custom_model_data": 15.0}, "model": "softerpastels:item/gray_powder"}, {"predicate": {"custom_model_data": 16.0}, "model": "railways:item/green_incomplete_conductor_cap"}, {"predicate": {"custom_model_data": 17.0}, "model": "terrariamod:item/lens"}, {"predicate": {"custom_model_data": 18.0}, "model": "railways:item/light_blue_incomplete_conductor_cap"}, {"predicate": {"custom_model_data": 19.0}, "model": "consistency_plus:item/light_blue_terracotta_brick"}, {"predicate": {"custom_model_data": 20.0}, "model": "minecraft:item/barrier"}, {"predicate": {"custom_model_data": 21.0}, "model": "consistency_plus:item/lime_terracotta_brick"}, {"predicate": {"custom_model_data": 22.0}, "model": "extended_drawers:item/lock"}, {"predicate": {"custom_model_data": 23.0}, "model": "phonos:item/magenta_audio_cable"}, {"predicate": {"custom_model_data": 24.0}, "model": "terrariamod:item/meteorite_bar"}, {"predicate": {"custom_model_data": 25.0}, "model": "exco:item/music_disc_sevensixteen"}, {"predicate": {"custom_model_data": 26.0}, "model": "consistency_plus:item/obsidian_brick"}, {"predicate": {"custom_model_data": 27.0}, "model": "pswg:item/orange_cup"}, {"predicate": {"custom_model_data": 28.0}, "model": "pswg:item/plastic_bottle_1"}, {"predicate": {"custom_model_data": 29.0}, "model": "portable_tables:item/portable_loom"}, {"predicate": {"custom_model_data": 30.0}, "model": "hexcasting:item/pride_colorizer_lesbian"}, {"predicate": {"custom_model_data": 31.0}, "model": "fabricaeexnihilo:item/raw_carmot_piece"}, {"predicate": {"custom_model_data": 32.0}, "model": "fabricaeexnihilo:item/raw_osmium_piece"}, {"predicate": {"custom_model_data": 33.0}, "model": "geocluster:item/raw_titanium"}, {"predicate": {"custom_model_data": 34.0}, "model": "ecotones:item/sap_ball"}, {"predicate": {"custom_model_data": 35.0}, "model": "scriptor:item/scrap_tier1"}, {"predicate": {"custom_model_data": 36.0}, "model": "aurorasdeco:item/seat_rest/spruce"}, {"predicate": {"custom_model_data": 37.0}, "model": "aurorasdeco:item/sign_post/spruce"}, {"predicate": {"custom_model_data": 38.0}, "model": "hexcasting:item/staff/crimson"}, {"predicate": {"custom_model_data": 39.0}, "model": "turtlematic:item/starbound_enchanting_automata_core"}, {"predicate": {"custom_model_data": 40.0}, "model": "pswg:item/tough_hide"}, {"predicate": {"custom_model_data": 41.0}, "model": "railways:item/track_incomplete_hexcasting_edified"}, {"predicate": {"custom_model_data": 42.0}, "model": "fabricaeexnihilo:item/tuff_pebble"}, {"predicate": {"custom_model_data": 43.0}, "model": "geocluster:item/uranium_nugget"}, {"predicate": {"custom_model_data": 44.0}, "model": "minecraft:item/barrier"}, {"predicate": {"custom_model_data": 45.0}, "model": "create:item/zinc_nugget"}]}