{"parent": "minecraft:item/generated", "textures": {"layer0": "minecraft:item/phantom_membrane"}, "overrides": [{"predicate": {"custom_model_data": 1.0}, "model": "terrariamod:item/acorn"}, {"predicate": {"custom_model_data": 2.0}, "model": "yttr:item/armor_plating"}, {"predicate": {"custom_model_data": 3.0}, "model": "automobility:item/automobile_frame"}, {"predicate": {"custom_model_data": 4.0}, "model": "peculiarpieces:item/bottomless_lava_bucket"}, {"predicate": {"custom_model_data": 5.0}, "model": "softerpastels:item/brown_powder"}, {"predicate": {"custom_model_data": 6.0}, "model": "peculiarpieces:item/checkpoint_pearl"}, {"predicate": {"custom_model_data": 7.0}, "model": "pswg:item/chromium_ingot"}, {"predicate": {"custom_model_data": 8.0}, "model": "advanced_networking:item/compound"}, {"predicate": {"custom_model_data": 9.0}, "model": "sandwichable:item/creamy_cheese_culture_bottle"}, {"predicate": {"custom_model_data": 10.0}, "model": "turtlematic:item/creative_end_automata_core"}, {"predicate": {"custom_model_data": 11.0}, "model": "yttr:item/delrene_scrap"}, {"predicate": {"custom_model_data": 12.0}, "model": "consistency_plus:item/diorite_brick"}, {"predicate": {"custom_model_data": 13.0}, "model": "exco:item/drive_64m"}, {"predicate": {"custom_model_data": 13.0, "exco:gui": 1.0}, "model": "exco:item/drive_gui"}, {"predicate": {"custom_model_data": 14.0}, "model": "ecotones:item/ecotones_book"}, {"predicate": {"custom_model_data": 15.0}, "model": "pswg:item/incineratortrooper_tank"}, {"predicate": {"custom_model_data": 16.0}, "model": "phonos:item/light_gray_audio_cable"}, {"predicate": {"custom_model_data": 17.0}, "model": "wiredredstone:item/light_gray_insulated_wire"}, {"predicate": {"custom_model_data": 18.0}, "model": "minecraft:item/barrier"}, {"predicate": {"custom_model_data": 19.0}, "model": "pswg:item/magenta_cup"}, {"predicate": {"custom_model_data": 20.0}, "model": "bovinesandbuttercups:item/moobloom_spawn_egg"}, {"predicate": {"custom_model_data": 21.0}, "model": "yttr:item/music_disc_papillons"}, {"predicate": {"custom_model_data": 22.0}, "model": "mycoturgy:item/mycoturge_journal"}, {"predicate": {"custom_model_data": 23.0}, "model": "mythicmetals:item/palladium_ingot"}, {"predicate": {"custom_model_data": 24.0}, "model": "create:item/polished_rose_quartz"}, {"predicate": {"custom_model_data": 25.0}, "model": "portable_tables:item/portable_crafting_table"}, {"predicate": {"custom_model_data": 26.0}, "model": "hexcasting:item/pride_colorizer_demigirl"}, {"predicate": {"custom_model_data": 27.0}, "model": "wiredredstone:item/projection_viewer"}, {"predicate": {"custom_model_data": 28.0}, "model": "mythicmetals:item/raw_orichalcum"}, {"predicate": {"custom_model_data": 29.0}, "model": "fabricaeexnihilo:item/raw_stormyx_piece"}, {"predicate": {"custom_model_data": 30.0}, "model": "railways:item/remote_lens"}, {"predicate": {"custom_model_data": 31.0}, "model": "luckyducks:item/rubber_duck"}, {"predicate": {"custom_model_data": 32.0}, "model": "aurorasdeco:item/seat_rest/oak"}, {"predicate": {"custom_model_data": 33.0}, "model": "create:item/shadow_steel"}, {"predicate": {"custom_model_data": 34.0}, "model": "aurorasdeco:item/sign_post/oak"}, {"predicate": {"custom_model_data": 35.0}, "model": "scriptor:item/spellbook_binder"}, {"predicate": {"custom_model_data": 36.0}, "model": "extended_drawers:item/t4_upgrade"}, {"predicate": {"custom_model_data": 37.0}, "model": "hexcasting:item/thought_knot"}, {"predicate": {"custom_model_data": 37.0, "hexcasting:written": 0.0}, "model": "hexcasting:item/thought_knot"}, {"predicate": {"custom_model_data": 37.0, "hexcasting:written": 1.0}, "model": "hexcasting:item/thought_knot_written"}, {"predicate": {"custom_model_data": 38.0}, "model": "pswg:item/titanium_nugget"}, {"predicate": {"custom_model_data": 39.0}, "model": "railways:item/track_incomplete_dark_oak_narrow"}, {"predicate": {"custom_model_data": 40.0}, "model": "create:item/tree_fertilizer"}, {"predicate": {"custom_model_data": 41.0}, "model": "turtlematic:item/turtle_chatter"}, {"predicate": {"custom_model_data": 42.0}, "model": "create:item/unprocessed_obsidian_sheet"}, {"predicate": {"custom_model_data": 43.0}, "model": "minecraft:item/barrier"}, {"predicate": {"custom_model_data": 44.0}, "model": "fabricaeexnihilo:item/witchwater_bucket"}, {"predicate": {"custom_model_data": 45.0}, "model": "railways:item/yellow_incomplete_conductor_cap"}, {"predicate": {"custom_model_data": 46.0}, "model": "consistency_plus:item/yellow_terracotta_brick"}, {"predicate": {"custom_model_data": 47.0}, "model": "pswg:item/zersium_dust"}]}