{"parent": "minecraft:item/generated", "textures": {"layer0": "minecraft:item/porkchop"}, "overrides": [{"predicate": {"custom_model_data": 1.0}, "model": "create:item/bar_of_chocolate"}, {"predicate": {"custom_model_data": 2.0}, "model": "softerpastels:item/blue_hard_candy"}, {"predicate": {"custom_model_data": 3.0}, "model": "pswg:item/blue_milk"}, {"predicate": {"custom_model_data": 4.0}, "model": "ecotones:item/blueberry_jam"}, {"predicate": {"custom_model_data": 5.0}, "model": "softerpastels:item/brown_taffy"}, {"predicate": {"custom_model_data": 6.0}, "model": "fabricaeexnihilo:item/cooked_silkworm"}, {"predicate": {"custom_model_data": 7.0}, "model": "yttr:item/delicace"}, {"predicate": {"custom_model_data": 8.0}, "model": "ecotones:item/hazelnut"}, {"predicate": {"custom_model_data": 9.0}, "model": "pswg:item/raw_sketto_nugget"}, {"predicate": {"custom_model_data": 10.0}, "model": "sandwichable:item/sweet_berry_jam_bottle"}]}