{"parent": "minecraft:item/generated", "textures": {"layer0": "minecraft:item/potato"}, "overrides": [{"predicate": {"custom_model_data": 1.0}, "model": "sandwichable:item/chopped_golden_carrot"}, {"predicate": {"custom_model_data": 2.0}, "model": "hexcasting:item/creative_unlocker"}, {"predicate": {"custom_model_data": 3.0}, "model": "pswg:item/dewback_egg"}, {"predicate": {"custom_model_data": 4.0}, "model": "create:item/honeyed_apple"}, {"predicate": {"custom_model_data": 5.0}, "model": "sandwichable:item/lettuce_leaf"}, {"predicate": {"custom_model_data": 6.0}, "model": "minecraft:item/barrier"}, {"predicate": {"custom_model_data": 7.0}, "model": "minecraft:item/barrier"}, {"predicate": {"custom_model_data": 8.0}, "model": "pswg:item/nerf_chop"}, {"predicate": {"custom_model_data": 9.0}, "model": "sandwichable:item/pickled_cucumber"}, {"predicate": {"custom_model_data": 10.0}, "model": "minecraft:item/barrier"}, {"predicate": {"custom_model_data": 11.0}, "model": "pswg:item/worrt_egg"}]}