{"parent":"minecraft:item/generated","textures":{"layer0":"minecraft:item/purple_candle"},"overrides":[{"model":"polyfactory:block/conveyor","predicate":{"custom_model_data":100001}},{"model":"polyfactory:block/sticky_conveyor_up_1","predicate":{"custom_model_data":100002}},{"model":"polyfactory:block/conveyor_down_3","predicate":{"custom_model_data":100003}},{"model":"polyfactory:block/conveyor_5","predicate":{"custom_model_data":100004}},{"model":"polyfactory:block/sticky_conveyor_up_6","predicate":{"custom_model_data":100005}},{"model":"polyfactory:block/conveyor_down_8","predicate":{"custom_model_data":100006}},{"model":"polyfactory:block/conveyor_10","predicate":{"custom_model_data":100007}},{"model":"polyfactory:block/sticky_conveyor_up_11","predicate":{"custom_model_data":100008}},{"model":"polyfactory:block/conveyor_down_13","predicate":{"custom_model_data":100009}},{"model":"polyfactory:block/conveyor_15","predicate":{"custom_model_data":100010}},{"model":"polyfactory:block/sticky_conveyor_up/1","predicate":{"custom_model_data":100011}},{"model":"polyfactory:block/conveyor_down_2/1","predicate":{"custom_model_data":100012}},{"model":"polyfactory:block/conveyor_4/1","predicate":{"custom_model_data":100013}},{"model":"polyfactory:block/sticky_conveyor_up_5/1","predicate":{"custom_model_data":100014}},{"model":"polyfactory:block/conveyor_down_7/1","predicate":{"custom_model_data":100015}},{"model":"polyfactory:block/conveyor_9/1","predicate":{"custom_model_data":100016}},{"model":"polyfactory:block/sticky_conveyor_up_10/1","predicate":{"custom_model_data":100017}},{"model":"polyfactory:block/conveyor_down_12/1","predicate":{"custom_model_data":100018}},{"model":"polyfactory:block/conveyor_14/1","predicate":{"custom_model_data":100019}},{"model":"polyfactory:block/sticky_conveyor_up_15/1","predicate":{"custom_model_data":100020}},{"model":"polyfactory:block/conveyor_down_1/2","predicate":{"custom_model_data":100021}},{"model":"polyfactory:block/conveyor_3/2","predicate":{"custom_model_data":100022}},{"model":"polyfactory:block/sticky_conveyor_up_4/2","predicate":{"custom_model_data":100023}},{"model":"polyfactory:block/conveyor_down_6/2","predicate":{"custom_model_data":100024}},{"model":"polyfactory:block/conveyor_8/2","predicate":{"custom_model_data":100025}},{"model":"polyfactory:block/sticky_conveyor_up_9/2","predicate":{"custom_model_data":100026}},{"model":"polyfactory:block/conveyor_down_11/2","predicate":{"custom_model_data":100027}},{"model":"polyfactory:block/conveyor_13/2","predicate":{"custom_model_data":100028}},{"model":"polyfactory:block/sticky_conveyor_up_14/2","predicate":{"custom_model_data":100029}},{"model":"polyfactory:block/conveyor_down/3","predicate":{"custom_model_data":100030}},{"model":"polyfactory:block/conveyor_2/3","predicate":{"custom_model_data":100031}},{"model":"polyfactory:block/sticky_conveyor_up_3/3","predicate":{"custom_model_data":100032}},{"model":"polyfactory:block/conveyor_down_5/3","predicate":{"custom_model_data":100033}},{"model":"polyfactory:block/conveyor_7/3","predicate":{"custom_model_data":100034}},{"model":"polyfactory:block/sticky_conveyor_up_8/3","predicate":{"custom_model_data":100035}},{"model":"polyfactory:block/conveyor_down_10/3","predicate":{"custom_model_data":100036}},{"model":"polyfactory:block/conveyor_12/3","predicate":{"custom_model_data":100037}},{"model":"polyfactory:block/sticky_conveyor_up_13/3","predicate":{"custom_model_data":100038}},{"model":"polyfactory:block/conveyor_down_15/3","predicate":{"custom_model_data":100039}},{"model":"polyfactory:block/conveyor_1/4","predicate":{"custom_model_data":100040}},{"model":"polyfactory:block/sticky_conveyor_up_2/4","predicate":{"custom_model_data":100041}},{"model":"polyfactory:block/conveyor_down_4/4","predicate":{"custom_model_data":100042}},{"model":"polyfactory:block/conveyor_6/4","predicate":{"custom_model_data":100043}},{"model":"polyfactory:block/sticky_conveyor_up_7/4","predicate":{"custom_model_data":100044}},{"model":"polyfactory:block/conveyor_down_9/4","predicate":{"custom_model_data":100045}},{"model":"polyfactory:block/conveyor_11/4","predicate":{"custom_model_data":100046}},{"model":"polyfactory:block/sticky_conveyor_up_12/4","predicate":{"custom_model_data":100047}},{"model":"polyfactory:block/conveyor_down_14/4","predicate":{"custom_model_data":100048}},{"model":"polyfactory:block/conveyor/5","predicate":{"custom_model_data":100049}},{"model":"polyfactory:block/sticky_conveyor_up_1/5","predicate":{"custom_model_data":100050}},{"model":"polyfactory:block/conveyor_down_3/5","predicate":{"custom_model_data":100051}},{"model":"polyfactory:block/conveyor_5/5","predicate":{"custom_model_data":100052}},{"model":"polyfactory:block/sticky_conveyor_up_6/5","predicate":{"custom_model_data":100053}},{"model":"polyfactory:block/conveyor_down_8/5","predicate":{"custom_model_data":100054}},{"model":"polyfactory:block/conveyor_10/5","predicate":{"custom_model_data":100055}},{"model":"polyfactory:block/sticky_conveyor_up_11/5","predicate":{"custom_model_data":100056}},{"model":"polyfactory:block/conveyor_down_13/5","predicate":{"custom_model_data":100057}},{"model":"polyfactory:block/conveyor_15/5","predicate":{"custom_model_data":100058}},{"model":"polyfactory:block/sticky_conveyor_up/6","predicate":{"custom_model_data":100059}},{"model":"polyfactory:block/conveyor_down_2/6","predicate":{"custom_model_data":100060}},{"model":"polyfactory:block/conveyor_4/6","predicate":{"custom_model_data":100061}},{"model":"polyfactory:block/sticky_conveyor_up_5/6","predicate":{"custom_model_data":100062}},{"model":"polyfactory:block/conveyor_down_7/6","predicate":{"custom_model_data":100063}},{"model":"polyfactory:block/conveyor_9/6","predicate":{"custom_model_data":100064}},{"model":"polyfactory:block/sticky_conveyor_up_10/6","predicate":{"custom_model_data":100065}},{"model":"polyfactory:block/conveyor_down_12/6","predicate":{"custom_model_data":100066}},{"model":"polyfactory:block/conveyor_14/6","predicate":{"custom_model_data":100067}},{"model":"polyfactory:block/sticky_conveyor_up_15/6","predicate":{"custom_model_data":100068}},{"model":"polyfactory:block/conveyor_down_1/7","predicate":{"custom_model_data":100069}},{"model":"polyfactory:block/conveyor_3/7","predicate":{"custom_model_data":100070}},{"model":"polyfactory:block/sticky_conveyor_up_4/7","predicate":{"custom_model_data":100071}},{"model":"polyfactory:block/conveyor_down_6/7","predicate":{"custom_model_data":100072}},{"model":"polyfactory:block/conveyor_8/7","predicate":{"custom_model_data":100073}},{"model":"polyfactory:block/sticky_conveyor_up_9/7","predicate":{"custom_model_data":100074}},{"model":"polyfactory:block/conveyor_down_11/7","predicate":{"custom_model_data":100075}},{"model":"polyfactory:block/conveyor_13/7","predicate":{"custom_model_data":100076}},{"model":"polyfactory:block/sticky_conveyor_up_14/7","predicate":{"custom_model_data":100077}},{"model":"polyfactory:block/conveyor_down/8","predicate":{"custom_model_data":100078}},{"model":"polyfactory:block/conveyor_2/8","predicate":{"custom_model_data":100079}},{"model":"polyfactory:block/sticky_conveyor_up_3/8","predicate":{"custom_model_data":100080}},{"model":"polyfactory:block/conveyor_down_5/8","predicate":{"custom_model_data":100081}},{"model":"polyfactory:block/conveyor_7/8","predicate":{"custom_model_data":100082}},{"model":"polyfactory:block/sticky_conveyor_up_8/8","predicate":{"custom_model_data":100083}},{"model":"polyfactory:block/conveyor_down_10/8","predicate":{"custom_model_data":100084}},{"model":"polyfactory:block/conveyor_12/8","predicate":{"custom_model_data":100085}},{"model":"polyfactory:block/sticky_conveyor_up_13/8","predicate":{"custom_model_data":100086}},{"model":"polyfactory:block/conveyor_down_15/8","predicate":{"custom_model_data":100087}},{"model":"polyfactory:block/conveyor_1/9","predicate":{"custom_model_data":100088}},{"model":"polyfactory:block/sticky_conveyor_up_2/9","predicate":{"custom_model_data":100089}},{"model":"polyfactory:block/conveyor_down_4/9","predicate":{"custom_model_data":100090}},{"model":"polyfactory:block/conveyor_6/9","predicate":{"custom_model_data":100091}},{"model":"polyfactory:block/sticky_conveyor_up_7/9","predicate":{"custom_model_data":100092}},{"model":"polyfactory:block/conveyor_down_9/9","predicate":{"custom_model_data":100093}},{"model":"polyfactory:block/conveyor_11/9","predicate":{"custom_model_data":100094}},{"model":"polyfactory:block/sticky_conveyor_up_12/9","predicate":{"custom_model_data":100095}},{"model":"polyfactory:block/conveyor_down_14/9","predicate":{"custom_model_data":100096}},{"model":"polyfactory:block/conveyor/10","predicate":{"custom_model_data":100097}},{"model":"polyfactory:block/sticky_conveyor_up_1/10","predicate":{"custom_model_data":100098}},{"model":"polyfactory:block/conveyor_down_3/10","predicate":{"custom_model_data":100099}},{"model":"polyfactory:block/conveyor_5/10","predicate":{"custom_model_data":100100}},{"model":"polyfactory:block/sticky_conveyor_up_6/10","predicate":{"custom_model_data":100101}},{"model":"polyfactory:block/conveyor_down_8/10","predicate":{"custom_model_data":100102}},{"model":"polyfactory:block/conveyor_10/10","predicate":{"custom_model_data":100103}},{"model":"polyfactory:block/sticky_conveyor_up_11/10","predicate":{"custom_model_data":100104}},{"model":"polyfactory:block/conveyor_down_13/10","predicate":{"custom_model_data":100105}},{"model":"polyfactory:block/conveyor_15/10","predicate":{"custom_model_data":100106}},{"model":"polyfactory:block/sticky_conveyor_up/11","predicate":{"custom_model_data":100107}},{"model":"polyfactory:block/conveyor_down_2/11","predicate":{"custom_model_data":100108}},{"model":"polyfactory:block/conveyor_4/11","predicate":{"custom_model_data":100109}},{"model":"polyfactory:block/sticky_conveyor_up_5/11","predicate":{"custom_model_data":100110}},{"model":"polyfactory:block/conveyor_down_7/11","predicate":{"custom_model_data":100111}},{"model":"polyfactory:block/conveyor_9/11","predicate":{"custom_model_data":100112}},{"model":"polyfactory:block/sticky_conveyor_up_10/11","predicate":{"custom_model_data":100113}},{"model":"polyfactory:block/conveyor_down_12/11","predicate":{"custom_model_data":100114}},{"model":"polyfactory:block/conveyor_14/11","predicate":{"custom_model_data":100115}},{"model":"polyfactory:block/sticky_conveyor_up_15/11","predicate":{"custom_model_data":100116}},{"model":"polyfactory:block/conveyor_down_1/12","predicate":{"custom_model_data":100117}},{"model":"polyfactory:block/conveyor_3/12","predicate":{"custom_model_data":100118}},{"model":"polyfactory:block/sticky_conveyor_up_4/12","predicate":{"custom_model_data":100119}},{"model":"polyfactory:block/conveyor_down_6/12","predicate":{"custom_model_data":100120}},{"model":"polyfactory:block/conveyor_8/12","predicate":{"custom_model_data":100121}},{"model":"polyfactory:block/sticky_conveyor_up_9/12","predicate":{"custom_model_data":100122}},{"model":"polyfactory:block/conveyor_down_11/12","predicate":{"custom_model_data":100123}},{"model":"polyfactory:block/conveyor_13/12","predicate":{"custom_model_data":100124}},{"model":"polyfactory:block/sticky_conveyor_up_14/12","predicate":{"custom_model_data":100125}},{"model":"polyfactory:block/conveyor_down/13","predicate":{"custom_model_data":100126}},{"model":"polyfactory:block/conveyor_2/13","predicate":{"custom_model_data":100127}},{"model":"polyfactory:block/sticky_conveyor_up_3/13","predicate":{"custom_model_data":100128}},{"model":"polyfactory:block/conveyor_down_5/13","predicate":{"custom_model_data":100129}},{"model":"polyfactory:block/conveyor_7/13","predicate":{"custom_model_data":100130}},{"model":"polyfactory:block/sticky_conveyor_up_8/13","predicate":{"custom_model_data":100131}},{"model":"polyfactory:block/conveyor_down_10/13","predicate":{"custom_model_data":100132}},{"model":"polyfactory:block/conveyor_12/13","predicate":{"custom_model_data":100133}},{"model":"polyfactory:block/sticky_conveyor_up_13/13","predicate":{"custom_model_data":100134}},{"model":"polyfactory:block/conveyor_down_15/13","predicate":{"custom_model_data":100135}},{"model":"polyfactory:block/conveyor_1/14","predicate":{"custom_model_data":100136}},{"model":"polyfactory:block/sticky_conveyor_up_2/14","predicate":{"custom_model_data":100137}},{"model":"polyfactory:block/conveyor_down_4/14","predicate":{"custom_model_data":100138}},{"model":"polyfactory:block/conveyor_6/14","predicate":{"custom_model_data":100139}},{"model":"polyfactory:block/sticky_conveyor_up_7/14","predicate":{"custom_model_data":100140}},{"model":"polyfactory:block/conveyor_down_9/14","predicate":{"custom_model_data":100141}},{"model":"polyfactory:block/conveyor_11/14","predicate":{"custom_model_data":100142}},{"model":"polyfactory:block/sticky_conveyor_up_12/14","predicate":{"custom_model_data":100143}},{"model":"polyfactory:block/conveyor_down_14/14","predicate":{"custom_model_data":100144}},{"model":"polyfactory:block/conveyor/15","predicate":{"custom_model_data":100145}},{"model":"polyfactory:block/sticky_conveyor_up_1/15","predicate":{"custom_model_data":100146}},{"model":"polyfactory:block/conveyor_down_3/15","predicate":{"custom_model_data":100147}},{"model":"polyfactory:block/conveyor_5/15","predicate":{"custom_model_data":100148}},{"model":"polyfactory:block/sticky_conveyor_up_6/15","predicate":{"custom_model_data":100149}},{"model":"polyfactory:block/conveyor_down_8/15","predicate":{"custom_model_data":100150}},{"model":"polyfactory:block/conveyor_10/15","predicate":{"custom_model_data":100151}},{"model":"polyfactory:block/sticky_conveyor_up_11/15","predicate":{"custom_model_data":100152}},{"model":"polyfactory:block/conveyor_down_13/15","predicate":{"custom_model_data":100153}},{"model":"polyfactory:block/conveyor_15/15","predicate":{"custom_model_data":100154}},{"model":"polyfactory:block/sticky_conveyor_up/16","predicate":{"custom_model_data":100155}},{"model":"polyfactory:block/conveyor_down_2/16","predicate":{"custom_model_data":100156}},{"model":"polyfactory:block/conveyor_4/16","predicate":{"custom_model_data":100157}},{"model":"polyfactory:block/sticky_conveyor_up_5/16","predicate":{"custom_model_data":100158}},{"model":"polyfactory:block/conveyor_down_7/16","predicate":{"custom_model_data":100159}},{"model":"polyfactory:block/conveyor_9/16","predicate":{"custom_model_data":100160}},{"model":"polyfactory:block/sticky_conveyor_up_10/16","predicate":{"custom_model_data":100161}},{"model":"polyfactory:block/conveyor_down_12/16","predicate":{"custom_model_data":100162}},{"model":"polyfactory:block/conveyor_14/16","predicate":{"custom_model_data":100163}},{"model":"polyfactory:block/sticky_conveyor_up_15/16","predicate":{"custom_model_data":100164}},{"model":"polyfactory:block/conveyor_down_1/17","predicate":{"custom_model_data":100165}},{"model":"polyfactory:block/conveyor_3/17","predicate":{"custom_model_data":100166}},{"model":"polyfactory:block/sticky_conveyor_up_4/17","predicate":{"custom_model_data":100167}},{"model":"polyfactory:block/conveyor_down_6/17","predicate":{"custom_model_data":100168}},{"model":"polyfactory:block/conveyor_8/17","predicate":{"custom_model_data":100169}},{"model":"polyfactory:block/sticky_conveyor_up_9/17","predicate":{"custom_model_data":100170}},{"model":"polyfactory:block/conveyor_down_11/17","predicate":{"custom_model_data":100171}},{"model":"polyfactory:block/conveyor_13/17","predicate":{"custom_model_data":100172}},{"model":"polyfactory:block/sticky_conveyor_up_14/17","predicate":{"custom_model_data":100173}},{"model":"polyfactory:block/conveyor_down/18","predicate":{"custom_model_data":100174}},{"model":"polyfactory:block/conveyor_2/18","predicate":{"custom_model_data":100175}},{"model":"polyfactory:block/sticky_conveyor_up_3/18","predicate":{"custom_model_data":100176}},{"model":"polyfactory:block/conveyor_down_5/18","predicate":{"custom_model_data":100177}},{"model":"polyfactory:block/conveyor_7/18","predicate":{"custom_model_data":100178}},{"model":"polyfactory:block/sticky_conveyor_up_8/18","predicate":{"custom_model_data":100179}},{"model":"polyfactory:block/conveyor_down_10/18","predicate":{"custom_model_data":100180}},{"model":"polyfactory:block/conveyor_12/18","predicate":{"custom_model_data":100181}},{"model":"polyfactory:block/sticky_conveyor_up_13/18","predicate":{"custom_model_data":100182}},{"model":"polyfactory:block/conveyor_down_15/18","predicate":{"custom_model_data":100183}},{"model":"polyfactory:block/conveyor_1/19","predicate":{"custom_model_data":100184}},{"model":"polyfactory:block/sticky_conveyor_up_2/19","predicate":{"custom_model_data":100185}},{"model":"polyfactory:block/conveyor_down_4/19","predicate":{"custom_model_data":100186}},{"model":"polyfactory:block/conveyor_6/19","predicate":{"custom_model_data":100187}},{"model":"polyfactory:block/sticky_conveyor_up_7/19","predicate":{"custom_model_data":100188}},{"model":"polyfactory:block/conveyor_down_9/19","predicate":{"custom_model_data":100189}},{"model":"polyfactory:block/conveyor_11/19","predicate":{"custom_model_data":100190}},{"model":"polyfactory:block/sticky_conveyor_up_12/19","predicate":{"custom_model_data":100191}},{"model":"polyfactory:block/conveyor_down_14/19","predicate":{"custom_model_data":100192}},{"model":"polyfactory:block/conveyor/20","predicate":{"custom_model_data":100193}},{"model":"polyfactory:block/sticky_conveyor_up_1/20","predicate":{"custom_model_data":100194}},{"model":"polyfactory:block/conveyor_down_3/20","predicate":{"custom_model_data":100195}},{"model":"polyfactory:block/conveyor_5/20","predicate":{"custom_model_data":100196}},{"model":"polyfactory:block/sticky_conveyor_up_6/20","predicate":{"custom_model_data":100197}},{"model":"polyfactory:block/conveyor_down_8/20","predicate":{"custom_model_data":100198}},{"model":"polyfactory:block/conveyor_10/20","predicate":{"custom_model_data":100199}},{"model":"polyfactory:block/sticky_conveyor_up_11/20","predicate":{"custom_model_data":100200}},{"model":"polyfactory:block/conveyor_down_13/20","predicate":{"custom_model_data":100201}},{"model":"polyfactory:block/conveyor_15/20","predicate":{"custom_model_data":100202}}]}