{"parent": "minecraft:item/generated", "textures": {"layer0": "minecraft:item/quartz"}, "overrides": [{"predicate": {"custom_model_data": 1.0}, "model": "portalcubed:item/base_gel"}, {"predicate": {"custom_model_data": 2.0}, "model": "pswg:item/blaster_dh17"}, {"predicate": {"custom_model_data": 3.0}, "model": "consistency_plus:item/blue_glazed_terracotta_brick"}, {"predicate": {"custom_model_data": 4.0}, "model": "promenade:item/capybara_spawn_egg"}, {"predicate": {"custom_model_data": 5.0}, "model": "fabricaeexnihilo:item/diamond_mesh"}, {"predicate": {"custom_model_data": 6.0}, "model": "spindlemark:item/disc"}, {"predicate": {"custom_model_data": 7.0}, "model": "hexcasting:item/dye_colorizer_magenta"}, {"predicate": {"custom_model_data": 8.0}, "model": "mythicmetals:item/enchanted_midas_gold_block"}, {"predicate": {"custom_model_data": 9.0}, "model": "pswg:item/glass_8"}, {"predicate": {"custom_model_data": 10.0}, "model": "ecotones:item/gold_chunk"}, {"predicate": {"custom_model_data": 11.0}, "model": "minecraft:item/barrier"}, {"predicate": {"custom_model_data": 12.0}, "model": "portalcubed:item/hammer"}, {"predicate": {"custom_model_data": 13.0}, "model": "consistency_plus:item/light_blue_concrete_brick"}, {"predicate": {"custom_model_data": 14.0}, "model": "fabricaeexnihilo:item/lilac_seeds"}, {"predicate": {"custom_model_data": 15.0}, "model": "discarnate:item/look_left_task"}, {"predicate": {"custom_model_data": 16.0}, "model": "honk:item/magnifying_glass"}, {"predicate": {"custom_model_data": 17.0}, "model": "yttr:item/mercurial_splash_potion"}, {"predicate": {"custom_model_data": 18.0}, "model": "plethora:item/module_introspection"}, {"predicate": {"custom_model_data": 19.0}, "model": "exco:item/music_disc_framboise"}, {"predicate": {"custom_model_data": 20.0}, "model": "consistency_plus:item/netherite_nugget"}, {"predicate": {"custom_model_data": 21.0}, "model": "piercingpaxels:item/passive_silence"}, {"predicate": {"custom_model_data": 22.0}, "model": "consistency_plus:item/purpur_brick"}, {"predicate": {"custom_model_data": 23.0}, "model": "geocluster:item/raw_lead"}, {"predicate": {"custom_model_data": 24.0}, "model": "mythicmetals:item/raw_runite"}, {"predicate": {"custom_model_data": 25.0}, "model": "wiredredstone:item/red_alloy_wire"}, {"predicate": {"custom_model_data": 26.0}, "model": "create:item/schematic"}, {"predicate": {"custom_model_data": 27.0}, "model": "aurorasdeco:item/seat_rest/acacia"}, {"predicate": {"custom_model_data": 28.0}, "model": "aurorasdeco:item/sign_post/acacia"}, {"predicate": {"custom_model_data": 29.0}, "model": "terrariamod:item/silver_broadsword"}, {"predicate": {"custom_model_data": 30.0}, "model": "pswg:item/spawn_sand_skitter"}, {"predicate": {"custom_model_data": 31.0}, "model": "mythicmetals:item/star_platinum"}, {"predicate": {"custom_model_data": 32.0}, "model": "peculiarpieces:item/token_of_undying"}, {"predicate": {"custom_model_data": 33.0}, "model": "railways:item/track_incomplete_birch_narrow"}, {"predicate": {"custom_model_data": 34.0}, "model": "railways:item/track_incomplete_spruce_narrow"}, {"predicate": {"custom_model_data": 35.0}, "model": "terrariamod:item/tungsten_bow"}, {"predicate": {"custom_model_data": 36.0}, "model": "yttr:item/ultrapure_wolfram"}, {"predicate": {"custom_model_data": 37.0}, "model": "minecraft:item/barrier"}, {"predicate": {"custom_model_data": 38.0}, "model": "softerpastels:item/yellow_powder"}]}