{"parent": "minecraft:item/generated", "textures": {"layer0": "minecraft:item/rabbit"}, "overrides": [{"predicate": {"custom_model_data": 1.0}, "model": "pswg:item/blue_milk_glass"}, {"predicate": {"custom_model_data": 2.0}, "model": "sandwichable:item/cooked_tomato_slice"}, {"predicate": {"custom_model_data": 2.0, "sandwichable:sandwich_state": 0.25}, "model": "sandwichable:item/cooked_tomato_slice_0"}, {"predicate": {"custom_model_data": 2.0, "sandwichable:sandwich_state": 0.5}, "model": "sandwichable:item/cooked_tomato_slice_1"}, {"predicate": {"custom_model_data": 2.0, "sandwichable:sandwich_state": 0.75}, "model": "sandwichable:item/cooked_tomato_slice_2"}, {"predicate": {"custom_model_data": 3.0}, "model": "minecraft:item/barrier"}, {"predicate": {"custom_model_data": 4.0}, "model": "minecraft:item/barrier"}, {"predicate": {"custom_model_data": 5.0}, "model": "pswg:item/mysterious_smoothie"}, {"predicate": {"custom_model_data": 6.0}, "model": "minecraft:item/barrier"}, {"predicate": {"custom_model_data": 7.0}, "model": "sandwichable:item/sliced_toasted_crimson_fungus"}, {"predicate": {"custom_model_data": 8.0}, "model": "create:item/sweet_roll"}]}