{"parent": "minecraft:item/generated", "textures": {"layer0": "minecraft:item/rabbit_foot"}, "overrides": [{"predicate": {"custom_model_data": 1.0}, "model": "geocluster:item/aluminium_nugget"}, {"predicate": {"custom_model_data": 2.0}, "model": "sandwichable:item/ancient_grain"}, {"predicate": {"custom_model_data": 3.0}, "model": "wiredredstone:item/black_bundled_cable"}, {"predicate": {"custom_model_data": 4.0}, "model": "terrariamod:item/blood_butcher"}, {"predicate": {"custom_model_data": 5.0}, "model": "wiredredstone:item/brown_insulated_wire"}, {"predicate": {"custom_model_data": 6.0}, "model": "fabricaeexnihilo:item/calcite_pebble"}, {"predicate": {"custom_model_data": 7.0}, "model": "mythicmetals:item/carmot_staff_smithing_template"}, {"predicate": {"custom_model_data": 8.0}, "model": "terrariamod:item/copper_bow"}, {"predicate": {"custom_model_data": 9.0}, "model": "terrariamod:item/copper_pickaxe"}, {"predicate": {"custom_model_data": 10.0}, "model": "engination:item/creative_tomato"}, {"predicate": {"custom_model_data": 11.0}, "model": "create:item/crushed_raw_silver"}, {"predicate": {"custom_model_data": 12.0}, "model": "hexcasting:item/dye_colorizer_black"}, {"predicate": {"custom_model_data": 13.0}, "model": "yttr:item/empty_haemopal"}, {"predicate": {"custom_model_data": 14.0}, "model": "discarnate:item/end_task"}, {"predicate": {"custom_model_data": 15.0}, "model": "calibrated:item/expert_accessor"}, {"predicate": {"custom_model_data": 15.0}, "model": "calibrated:item/expert_accessor_zap"}, {"predicate": {"custom_model_data": 15.0}, "model": "calibrated:item/expert_accessor_fail"}, {"predicate": {"custom_model_data": 16.0}, "model": "turtlematic:item/filled_soul_vial"}, {"predicate": {"custom_model_data": 17.0}, "model": "amarite:item/fox_mask"}, {"predicate": {"custom_model_data": 18.0}, "model": "wiredredstone:item/gate_and"}, {"predicate": {"custom_model_data": 19.0}, "model": "elysium:item/ghastly_fireball"}, {"predicate": {"custom_model_data": 20.0}, "model": "gravity_api:item/gravity_changer_north"}, {"predicate": {"custom_model_data": 21.0}, "model": "pswg:item/green_door_insert"}, {"predicate": {"custom_model_data": 22.0}, "model": "create:item/honey_bucket"}, {"predicate": {"custom_model_data": 23.0}, "model": "pswg:item/ionite_nugget"}, {"predicate": {"custom_model_data": 24.0}, "model": "fabricaeexnihilo:item/kelp_seeds"}, {"predicate": {"custom_model_data": 25.0}, "model": "consistency_plus:item/magenta_concrete_brick"}, {"predicate": {"custom_model_data": 26.0}, "model": "bouncecraft3:item/medium_speed_grate"}, {"predicate": {"custom_model_data": 27.0}, "model": "yttr:item/music_disc_torus"}, {"predicate": {"custom_model_data": 28.0}, "model": "railways:item/pink_incomplete_conductor_cap"}, {"predicate": {"custom_model_data": 29.0}, "model": "computercraft:item/printed_page"}, {"predicate": {"custom_model_data": 30.0}, "model": "yttr:item/raw_gadolinite"}, {"predicate": {"custom_model_data": 31.0}, "model": "phonos:item/satellite"}, {"predicate": {"custom_model_data": 32.0}, "model": "hexcasting:item/scroll_medium"}, {"predicate": {"custom_model_data": 32.0, "hexcasting:ancient": 0.0}, "model": "hexcasting:item/scroll_pristine_medium"}, {"predicate": {"custom_model_data": 32.0, "hexcasting:ancient": 1.0}, "model": "hexcasting:item/scroll_ancient_medium"}, {"predicate": {"custom_model_data": 33.0}, "model": "chewstuff:item/silicone"}, {"predicate": {"custom_model_data": 34.0}, "model": "peculiarpieces:item/sky_pearl"}, {"predicate": {"custom_model_data": 35.0}, "model": "portalcubed:item/space_core"}, {"predicate": {"custom_model_data": 36.0}, "model": "mycoturgy:item/sporebrush_pipe"}, {"predicate": {"custom_model_data": 36.0, "mycoturgy:filled": 1.0}, "model": "mycoturgy:item/sporebrush_pipe_filled"}, {"predicate": {"custom_model_data": 37.0}, "model": "hexcasting:item/staff/oak"}, {"predicate": {"custom_model_data": 38.0}, "model": "turtlematic:item/starbound_smithing_automata_core"}, {"predicate": {"custom_model_data": 39.0}, "model": "promenade:item/sunken_skeleton_spawn_egg"}, {"predicate": {"custom_model_data": 40.0}, "model": "mythicmetals:item/tin_nugget"}, {"predicate": {"custom_model_data": 41.0}, "model": "railways:item/track_incomplete_mangrove"}, {"predicate": {"custom_model_data": 42.0}, "model": "yttr:item/ultrapure_cinnabar"}, {"predicate": {"custom_model_data": 43.0}, "model": "discarnate:item/use_item_task"}, {"predicate": {"custom_model_data": 44.0}, "model": "amarite:item/warden_mask"}]}