{"parent":"minecraft:item/generated","textures":{"layer0":"minecraft:item/rabbit_hide"},"overrides":[{"predicate":{"custom_model_data":1.0},"model":"geocluster:item/aluminium_ingot"},{"predicate":{"custom_model_data":2.0},"model":"mightyarchitect:item/architect_wand"},{"predicate":{"custom_model_data":3.0},"model":"mythicmetals:item/banglum_ingot"},{"predicate":{"custom_model_data":4.0},"model":"fabricaeexnihilo:item/blood_bucket"},{"predicate":{"custom_model_data":5.0},"model":"pswg:item/blue_cup"},{"predicate":{"custom_model_data":6.0},"model":"yttr:item/brookite"},{"predicate":{"custom_model_data":7.0},"model":"railways:item/brown_incomplete_conductor_cap"},{"predicate":{"custom_model_data":8.0},"model":"wandererscatalogue:item/catalogue"},{"predicate":{"custom_model_data":9.0},"model":"pswg:item/corpse_of_gorg"},{"predicate":{"custom_model_data":10.0},"model":"create:item/crushed_raw_quicksilver"},{"predicate":{"custom_model_data":11.0},"model":"wwizardry:item/denia_chest_boat"},{"predicate":{"custom_model_data":12.0},"model":"pswg:item/desh_nugget"},{"predicate":{"custom_model_data":13.0},"model":"promenade:item/duck_spawn_egg"},{"predicate":{"custom_model_data":14.0},"model":"scriptor:item/empty_casting_crystal"},{"predicate":{"custom_model_data":15.0},"model":"arachne:item/filled_sketch"},{"predicate":{"custom_model_data":16.0},"model":"gildednetherite:item/gilded_netherite_template"},{"predicate":{"custom_model_data":17.0},"model":"ochetgenyo:item/glyph_chisel"},{"predicate":{"custom_model_data":18.0},"model":"gravity_api:item/gravity_changer_east_aoe"},{"predicate":{"custom_model_data":19.0},"model":"blahaj:item/gray_shark"},{"predicate":{"custom_model_data":20.0},"model":"pswg:item/ionite_ingot"},{"predicate":{"custom_model_data":21.0},"model":"pswg:item/kelerium_ingot"},{"predicate":{"custom_model_data":22.0},"model":"minecraft:item/barrier"},{"predicate":{"custom_model_data":23.0},"model":"exco:item/music_disc_thirteen"},{"predicate":{"custom_model_data":24.0},"model":"geocluster:item/nickel_nugget"},{"predicate":{"custom_model_data":25.0},"model":"phonos:item/orange_audio_cable"},{"predicate":{"custom_model_data":26.0},"model":"consistency_plus:item/packed_ice_brick"},{"predicate":{"custom_model_data":27.0},"model":"terrariamod:item/platinum_bar"},{"predicate":{"custom_model_data":28.0},"model":"portable_tables:item/portable_stonecutter"},{"predicate":{"custom_model_data":29.0},"model":"computercraft:item/printed_book"},{"predicate":{"custom_model_data":30.0},"model":"mythicmetals:item/prometheum_bouquet"},{"predicate":{"custom_model_data":31.0},"model":"consistency_plus:item/purple_concrete_brick"},{"predicate":{"custom_model_data":32.0},"model":"hexcasting:item/quenched_allay_shard"},{"predicate":{"custom_model_data":32.0,"hexcasting:variant":0.0},"model":"hexcasting:item/quenched_shard_0"},{"predicate":{"custom_model_data":32.0,"hexcasting:variant":1.0},"model":"hexcasting:item/quenched_shard_1"},{"predicate":{"custom_model_data":32.0,"hexcasting:variant":2.0},"model":"hexcasting:item/quenched_shard_2"},{"predicate":{"custom_model_data":32.0,"hexcasting:variant":3.0},"model":"hexcasting:item/quenched_shard_3"},{"predicate":{"custom_model_data":33.0},"model":"pswg:item/raw_diatium"},{"predicate":{"custom_model_data":34.0},"model":"mythicmetals:item/raw_platinum"},{"predicate":{"custom_model_data":35.0},"model":"sandwichable:item/salt_rock"},{"predicate":{"custom_model_data":36.0},"model":"hexcasting:item/scroll"},{"predicate":{"custom_model_data":36.0,"hexcasting:ancient":0.0},"model":"hexcasting:item/scroll_pristine_large"},{"predicate":{"custom_model_data":36.0,"hexcasting:ancient":1.0},"model":"hexcasting:item/scroll_ancient_large"},{"predicate":{"custom_model_data":37.0},"model":"terracotta_knights:item/signal_device_item"},{"predicate":{"custom_model_data":38.0},"model":"calibrated:item/skilled_accessor"},{"predicate":{"custom_model_data":38.0},"model":"calibrated:item/skilled_accessor_zap"},{"predicate":{"custom_model_data":38.0},"model":"calibrated:item/skilled_accessor_fail"},{"predicate":{"custom_model_data":39.0},"model":"mycoturgy:item/sporebrush_leaves"},{"predicate":{"custom_model_data":40.0},"model":"hexcasting:item/staff/mindsplice"},{"predicate":{"custom_model_data":41.0},"model":"turtlematic:item/starbound_protective_automata_core"},{"predicate":{"custom_model_data":42.0},"model":"pswg:item/tan_light_backpack"},{"predicate":{"custom_model_data":43.0},"model":"geocluster:item/tin_nugget"},{"predicate":{"custom_model_data":44.0},"model":"railways:item/track_incomplete_jungle_wide"},{"predicate":{"custom_model_data":45.0},"model":"piercingpaxels:item/usage_shovel"},{"predicate":{"custom_model_data":46.0},"model":"consistency_plus:item/white_concrete_brick"},{"predicate":{"custom_model_data":47.0},"model":"consistency_plus:item/white_terracotta_brick"}]}