{"parent":"minecraft:item/generated","textures":{"layer0":"minecraft:item/salmon"},"overrides":[{"predicate":{"custom_model_data":1.0},"model":"minecraft:item/barrier"},{"predicate":{"custom_model_data":2.0},"model":"moue_milkshakes:item/carrot_smoothie"},{"predicate":{"custom_model_data":3.0},"model":"create:item/chocolate_glazed_berries"},{"predicate":{"custom_model_data":4.0},"model":"pswg:item/citrus_soda"},{"predicate":{"custom_model_data":5.0},"model":"sandwichable:item/cucumber"},{"predicate":{"custom_model_data":6.0},"model":"minecraft:item/barrier"},{"predicate":{"custom_model_data":7.0},"model":"ecotones:item/maple_syrup"},{"predicate":{"custom_model_data":8.0},"model":"pswg:item/meiloorun"},{"predicate":{"custom_model_data":9.0},"model":"exco:item/music_disc_jesuisbaguette"},{"predicate":{"custom_model_data":10.0},"model":"sandwichable:item/sliced_toasted_warped_fungus"}]}