{"parent":"minecraft:item/generated","textures":{"layer0":"minecraft:item/scute"},"overrides":[{"predicate":{"custom_model_data":1.0},"model":"mythicmetals:item/adamantite_ingot"},{"predicate":{"custom_model_data":2.0},"model":"mythicmetals:item/banglum_nugget"},{"predicate":{"custom_model_data":3.0},"model":"consistency_plus:item/black_glazed_terracotta_brick"},{"predicate":{"custom_model_data":4.0},"model":"honk:item/blood_syringe"},{"predicate":{"custom_model_data":5.0},"model":"consistency_plus:item/brown_terracotta_brick"},{"predicate":{"custom_model_data":6.0},"model":"mythicmetals:item/carmot_stone"},{"predicate":{"custom_model_data":7.0},"model":"mythicmetals:item/celestium_ingot"},{"predicate":{"custom_model_data":8.0},"model":"consistency_plus:item/clay_brick"},{"predicate":{"custom_model_data":9.0},"model":"consistency_plus:item/copper_brick"},{"predicate":{"custom_model_data":10.0},"model":"create:item/crushed_raw_tin"},{"predicate":{"custom_model_data":11.0},"model":"pswg:item/desh_wire"},{"predicate":{"custom_model_data":12.0},"model":"hexcasting:item/dye_colorizer_blue"},{"predicate":{"custom_model_data":13.0},"model":"terrariamod:item/fallen_star"},{"predicate":{"custom_model_data":14.0},"model":"create:item/filter"},{"predicate":{"custom_model_data":15.0},"model":"wiredredstone:item/gate_diode"},{"predicate":{"custom_model_data":16.0},"model":"pswg:item/glass_1"},{"predicate":{"custom_model_data":17.0},"model":"create:item/goggles"},{"predicate":{"custom_model_data":18.0},"model":"gravity_api:item/gravity_changer_north_aoe"},{"predicate":{"custom_model_data":19.0},"model":"phonos:item/green_audio_cable"},{"predicate":{"custom_model_data":20.0},"model":"befoul:item/lard"},{"predicate":{"custom_model_data":21.0},"model":"terrariamod:item/lead_axe"},{"predicate":{"custom_model_data":22.0},"model":"pswg:item/light_blue_door_insert"},{"predicate":{"custom_model_data":23.0},"model":"railways:item/lime_incomplete_conductor_cap"},{"predicate":{"custom_model_data":24.0},"model":"yttr:item/logo"},{"predicate":{"custom_model_data":25.0},"model":"portalcubed:item/music_disc_cara_mia_addio"},{"predicate":{"custom_model_data":26.0},"model":"yttr:item/music_disc_void"},{"predicate":{"custom_model_data":27.0},"model":"mythicmetals:item/mythril_drill_smithing_template"},{"predicate":{"custom_model_data":28.0},"model":"wiredredstone:item/pink_insulated_wire"},{"predicate":{"custom_model_data":29.0},"model":"terrariamod:item/platinum_bow"},{"predicate":{"custom_model_data":30.0},"model":"computercraft:item/printed_pages"},{"predicate":{"custom_model_data":31.0},"model":"yttr:item/quicksilver"},{"predicate":{"custom_model_data":32.0},"model":"fabricaeexnihilo:item/raw_platinum_piece"},{"predicate":{"custom_model_data":33.0},"model":"lovely_snails:item/snail_spawn_egg"},{"predicate":{"custom_model_data":34.0},"model":"yttr:item/spark"},{"predicate":{"custom_model_data":35.0},"model":"hexcasting:item/staff/quenched"},{"predicate":{"custom_model_data":35.0,"hexcasting:variant":0.0},"model":"hexcasting:item/staff/quenched_0"},{"predicate":{"custom_model_data":35.0,"hexcasting:variant":1.0},"model":"hexcasting:item/staff/quenched_1"},{"predicate":{"custom_model_data":35.0,"hexcasting:variant":2.0},"model":"hexcasting:item/staff/quenched_2"},{"predicate":{"custom_model_data":35.0,"hexcasting:variant":3.0},"model":"hexcasting:item/staff/quenched_3"},{"predicate":{"custom_model_data":36.0},"model":"mythicmetals:item/starrite"},{"predicate":{"custom_model_data":37.0},"model":"geocluster:item/stone_chunk"},{"predicate":{"custom_model_data":38.0},"model":"discarnate:item/toggle_jump_task"},{"predicate":{"custom_model_data":39.0},"model":"railways:item/track_incomplete_mangrove_narrow"},{"predicate":{"custom_model_data":40.0},"model":"yttr:item/ultrapure_copper"},{"predicate":{"custom_model_data":41.0},"model":"utilitybelt:item/utility_belt"},{"predicate":{"custom_model_data":42.0},"model":"consistency_plus:item/waxed_copper_brick"},{"predicate":{"custom_model_data":43.0},"model":"consistency_plus:item/weathered_copper_brick"},{"predicate":{"custom_model_data":44.0},"model":"consistency_plus:item/withered_bone_meal"}]}