{"parent": "builtin/entity", "gui_light": "front", "textures": {"particle": "block/dark_oak_planks"}, "display": {"thirdperson_righthand": {"rotation": [0.0, 90.0, 0.0], "translation": [10.0, 6.0, -4.0], "scale": [1.0, 1.0, 1.0]}, "thirdperson_lefthand": {"rotation": [0.0, 90.0, 0.0], "translation": [10.0, 6.0, 12.0], "scale": [1.0, 1.0, 1.0]}, "firstperson_righthand": {"rotation": [0.0, 180.0, 5.0], "translation": [-10.0, 2.0, -10.0], "scale": [1.25, 1.25, 1.25]}, "firstperson_lefthand": {"rotation": [0.0, 180.0, 5.0], "translation": [10.0, 0.0, -10.0], "scale": [1.25, 1.25, 1.25]}, "gui": {"rotation": [15.0, -25.0, -5.0], "translation": [2.0, 3.0, 0.0], "scale": [0.65, 0.65, 0.65]}, "fixed": {"rotation": [0.0, 180.0, 0.0], "translation": [-4.5, 4.5, -5.0], "scale": [0.55, 0.55, 0.55]}, "ground": {"rotation": [0.0, 0.0, 0.0], "translation": [2.0, 4.0, 2.0], "scale": [0.25, 0.25, 0.25]}}, "overrides": [{"predicate": {"blocking": 1.0}, "model": "item/shield_blocking"}, {"predicate": {"custom_model_data": 1.0}, "model": "mythicmetals:item/stormyx_shield"}, {"predicate": {"blocking": 1.0, "custom_model_data": 1.0}, "model": "mythicmetals:item/stormyx_shield_blocking"}]}