{"parent":"minecraft:item/handheld","textures":{"layer0":"minecraft:item/stick"},"overrides":[{"predicate":{"blocking":1.0,"custom_model_data":18.0},"model":"mycoturgy:item/laced_dagger_blocking"},{"predicate":{"custom_model_data":1.0},"model":"yttr:item/ammo_pack"},{"predicate":{"custom_model_data":2.0},"model":"fabricaeexnihilo:item/andesite_pebble"},{"predicate":{"custom_model_data":3.0},"model":"mythicmetals:item/aquarium_pearl"},{"predicate":{"custom_model_data":4.0},"model":"fabricaeexnihilo:item/basalt_pebble"},{"predicate":{"custom_model_data":5.0},"model":"yttr:item/bedrock_shard"},{"predicate":{"custom_model_data":6.0},"model":"mythicmetals:item/bronze_nugget"},{"predicate":{"custom_model_data":7.0},"model":"geocluster:item/copper_nugget"},{"predicate":{"custom_model_data":8.0},"model":"turtlematic:item/creative_mercantile_automata_core"},{"predicate":{"custom_model_data":9.0},"model":"create:item/crushed_raw_lead"},{"predicate":{"custom_model_data":10.0},"model":"fabricaeexnihilo:item/doll_guardian"},{"predicate":{"custom_model_data":11.0},"model":"create:item/experience_nugget"},{"predicate":{"custom_model_data":12.0},"model":"simply_starminer:item/gravity_anchor_west"},{"predicate":{"custom_model_data":13.0},"model":"wiredredstone:item/green_insulated_wire"},{"predicate":{"custom_model_data":14.0},"model":"yttr:item/haemopal"},{"predicate":{"custom_model_data":15.0},"model":"terrariamod:item/healing_potion"},{"predicate":{"custom_model_data":16.0},"model":"hotm:item/holo_crystal_shard"},{"predicate":{"custom_model_data":17.0},"model":"arcpocalypse:item/hypnotic_stopwatch"},{"predicate":{"custom_model_data":18.0},"model":"mycoturgy:item/laced_dagger"},{"predicate":{"custom_model_data":19.0},"model":"terrariamod:item/lesser_healing_potion"},{"predicate":{"custom_model_data":20.0},"model":"wiredredstone:item/light_blue_insulated_wire"},{"predicate":{"custom_model_data":21.0},"model":"consistency_plus:item/light_gray_concrete_brick"},{"predicate":{"custom_model_data":22.0},"model":"minecraft:item/barrier"},{"predicate":{"custom_model_data":23.0},"model":"peculiarpieces:item/locking_key"},{"predicate":{"custom_model_data":24.0},"model":"exco:item/music_disc_sixsixtythreefoureightytwo"},{"predicate":{"custom_model_data":25.0},"model":"plethora:item/neural_connector"},{"predicate":{"custom_model_data":26.0},"model":"portalcubed:item/old_ap_cube"},{"predicate":{"custom_model_data":27.0},"model":"mythicmetals:item/orichalcum_ingot"},{"predicate":{"custom_model_data":28.0},"model":"pswg:item/plastic_bottle_2"},{"predicate":{"custom_model_data":29.0},"model":"phonos:item/portable_radio"},{"predicate":{"custom_model_data":30.0},"model":"hexcasting:item/pride_colorizer_nonbinary"},{"predicate":{"custom_model_data":31.0},"model":"ecotones:item/pyrite_item"},{"predicate":{"custom_model_data":32.0},"model":"pswg:item/raw_chromium"},{"predicate":{"custom_model_data":33.0},"model":"mythicmetals:item/raw_palladium"},{"predicate":{"custom_model_data":34.0},"model":"pswg:item/raw_titanium"},{"predicate":{"custom_model_data":35.0},"model":"yttr:item/rifle"},{"predicate":{"custom_model_data":36.0},"model":"sandwichable:item/salt"},{"predicate":{"custom_model_data":37.0},"model":"scriptor:item/scrap_tier2"},{"predicate":{"custom_model_data":38.0},"model":"aurorasdeco:item/seat_rest/tropics/palm"},{"predicate":{"custom_model_data":39.0},"model":"aurorasdeco:item/sign_post/tropics/palm"},{"predicate":{"custom_model_data":40.0},"model":"turtlematic:item/soul_vial"},{"predicate":{"custom_model_data":40.0},"model":"turtlematic:item/soul_vial_1"},{"predicate":{"custom_model_data":40.0},"model":"turtlematic:item/soul_vial_2"},{"predicate":{"custom_model_data":40.0},"model":"turtlematic:item/soul_vial_3"},{"predicate":{"custom_model_data":41.0},"model":"mycoturgy:item/spore_bundle"},{"predicate":{"custom_model_data":42.0},"model":"hexcasting:item/staff/dark_oak"},{"predicate":{"custom_model_data":43.0},"model":"turtlematic:item/starbound_end_automata_core"},{"predicate":{"custom_model_data":44.0},"model":"terrariamod:item/tin_bow"},{"predicate":{"custom_model_data":45.0},"model":"railways:item/track_incomplete_hexcasting_edified_narrow"},{"predicate":{"custom_model_data":46.0},"model":"minecraft:item/barrier"},{"predicate":{"custom_model_data":47.0},"model":"railways:item/white_incomplete_conductor_cap"},{"predicate":{"custom_model_data":48.0},"model":"geocluster:item/zinc_nugget"},{"model":"polyfactory:block/special/destroy_stage_0","predicate":{"custom_model_data":100001}},{"model":"polyfactory:block/special/destroy_stage_1","predicate":{"custom_model_data":100002}},{"model":"polyfactory:block/special/destroy_stage_2","predicate":{"custom_model_data":100003}},{"model":"polyfactory:block/special/destroy_stage_3","predicate":{"custom_model_data":100004}},{"model":"polyfactory:block/special/destroy_stage_4","predicate":{"custom_model_data":100005}},{"model":"polyfactory:block/special/destroy_stage_5","predicate":{"custom_model_data":100006}},{"model":"polyfactory:block/special/destroy_stage_6","predicate":{"custom_model_data":100007}},{"model":"polyfactory:block/special/destroy_stage_7","predicate":{"custom_model_data":100008}},{"model":"polyfactory:block/special/destroy_stage_8","predicate":{"custom_model_data":100009}},{"model":"polyfactory:block/special/destroy_stage_9","predicate":{"custom_model_data":100010}}]}