{"parent":"minecraft:item/handheld","textures":{"layer0":"minecraft:item/stone_pickaxe"},"overrides":[{"predicate":{"custom_model_data":1.0},"model":"mythicmetals:item/adamantite_shovel"},{"predicate":{"custom_model_data":2.0},"model":"mythicmetals:item/aquarium_axe"},{"predicate":{"custom_model_data":3.0},"model":"mythicmetals:item/aquarium_shovel"},{"predicate":{"custom_model_data":4.0},"model":"limboniclegacy:item/arctite_shovel"},{"predicate":{"custom_model_data":5.0},"model":"mythicmetals:item/banglum_axe"},{"predicate":{"custom_model_data":6.0},"model":"mythicmetals:item/banglum_hoe"},{"predicate":{"custom_model_data":7.0},"model":"mythicmetals:item/banglum_pickaxe"},{"predicate":{"custom_model_data":8.0},"model":"mythicmetals:item/banglum_sword"},{"predicate":{"custom_model_data":9.0},"model":"fabricaeexnihilo:item/basalt_crook"},{"predicate":{"custom_model_data":10.0},"model":"pswg:item/beskar_axe"},{"predicate":{"custom_model_data":11.0},"model":"pswg:item/beskar_hoe"},{"predicate":{"custom_model_data":12.0},"model":"pswg:item/beskar_shovel"},{"predicate":{"custom_model_data":13.0},"model":"fabricaeexnihilo:item/bone_crook"},{"predicate":{"custom_model_data":14.0},"model":"mythicmetals:item/bronze_axe"},{"predicate":{"custom_model_data":15.0},"model":"mythicmetals:item/bronze_shovel"},{"predicate":{"custom_model_data":16.0},"model":"yttr:item/brookite_shovel"},{"predicate":{"custom_model_data":17.0},"model":"mythicmetals:item/carmot_hoe"},{"predicate":{"custom_model_data":18.0},"model":"mythicmetals:item/carmot_pickaxe"},{"predicate":{"custom_model_data":19.0},"model":"mythicmetals:item/carmot_sword"},{"predicate":{"custom_model_data":20.0},"model":"mythicmetals:item/celestium_axe"},{"predicate":{"custom_model_data":21.0},"model":"mythicmetals:item/celestium_elytra"},{"predicate":{"custom_model_data":22.0},"model":"mythicmetals:item/celestium_hoe"},{"predicate":{"custom_model_data":23.0},"model":"mythicmetals:item/celestium_pickaxe"},{"predicate":{"custom_model_data":24.0},"model":"mythicmetals:item/celestium_sword"},{"predicate":{"custom_model_data":25.0},"model":"limboniclegacy:item/coldsteel_pickaxe"},{"predicate":{"custom_model_data":26.0},"model":"limboniclegacy:item/coldsteel_sword"},{"predicate":{"custom_model_data":27.0},"model":"geocluster:item/copper_prospectors_pick"},{"predicate":{"custom_model_data":28.0},"model":"yttr:item/cuprosteel_coil"},{"predicate":{"custom_model_data":29.0},"model":"fabricaeexnihilo:item/deepslate_crook"},{"predicate":{"custom_model_data":30.0},"model":"piercingpaxels:item/diamond_paxel"},{"predicate":{"custom_model_data":31.0},"model":"pswg:item/durasteel_axe"},{"predicate":{"custom_model_data":32.0},"model":"pswg:item/durasteel_hoe"},{"predicate":{"custom_model_data":33.0},"model":"mythicmetals:item/durasteel_pickaxe"},{"predicate":{"custom_model_data":34.0},"model":"pswg:item/durasteel_shovel"},{"predicate":{"custom_model_data":35.0},"model":"create:item/extendo_grip"},{"predicate":{"custom_model_data":36.0},"model":"fabricaeexnihilo:item/golden_hammer"},{"predicate":{"custom_model_data":37.0},"model":"piercingpaxels:item/golden_paxel"},{"predicate":{"custom_model_data":38.0},"model":"fabricaeexnihilo:item/granite_crook"},{"predicate":{"custom_model_data":39.0},"model":"mythicmetals:item/hallowed_axe"},{"predicate":{"custom_model_data":40.0},"model":"mythicmetals:item/hallowed_shovel"},{"predicate":{"custom_model_data":41.0},"model":"chewstuff:item/hard_chew"},{"predicate":{"custom_model_data":42.0},"model":"mythicmetals:item/kyber_hoe"},{"predicate":{"custom_model_data":43.0},"model":"mythicmetals:item/kyber_shovel"},{"predicate":{"custom_model_data":44.0},"model":"mythicmetals:item/legendary_banglum_shovel"},{"predicate":{"custom_model_data":44.0,"is_primed":1.0},"model":"mythicmetals:item/legendary_banglum_shovel_primed"},{"predicate":{"custom_model_data":45.0},"model":"mythicmetals:item/legendary_banglum_sword"},{"predicate":{"custom_model_data":46.0},"model":"chewstuff:item/medium_chew"},{"predicate":{"custom_model_data":47.0},"model":"mythicmetals:item/metallurgium_axe"},{"predicate":{"custom_model_data":48.0},"model":"mythicmetals:item/metallurgium_shovel"},{"predicate":{"custom_model_data":49.0},"model":"mythicmetals:item/mythril_hoe"},{"predicate":{"custom_model_data":50.0},"model":"mythicmetals:item/mythril_shovel"},{"predicate":{"custom_model_data":51.0},"model":"fabricaeexnihilo:item/netherite_hammer"},{"predicate":{"custom_model_data":52.0},"model":"piercingpaxels:item/netherite_paxel"},{"predicate":{"custom_model_data":53.0},"model":"mythicmetals:item/orichalcum_axe"},{"predicate":{"custom_model_data":54.0},"model":"mythicmetals:item/orichalcum_hammer"},{"predicate":{"custom_model_data":55.0},"model":"mythicmetals:item/orichalcum_hoe"},{"predicate":{"custom_model_data":56.0},"model":"mythicmetals:item/orichalcum_shovel"},{"predicate":{"custom_model_data":57.0},"model":"mythicmetals:item/osmium_hoe"},{"predicate":{"custom_model_data":58.0},"model":"mythicmetals:item/osmium_shovel"},{"predicate":{"custom_model_data":59.0},"model":"mythicmetals:item/palladium_hoe"},{"predicate":{"custom_model_data":60.0},"model":"mythicmetals:item/palladium_shovel"},{"predicate":{"custom_model_data":61.0},"model":"mythicmetals:item/prometheum_pickaxe"},{"predicate":{"custom_model_data":62.0},"model":"mythicmetals:item/prometheum_sword"},{"predicate":{"custom_model_data":63.0},"model":"mythicmetals:item/quadrillum_axe"},{"predicate":{"custom_model_data":64.0},"model":"mythicmetals:item/quadrillum_hoe"},{"predicate":{"custom_model_data":65.0},"model":"mythicmetals:item/quadrillum_shovel"},{"predicate":{"custom_model_data":66.0},"model":"mythicmetals:item/red_aegis_sword"},{"predicate":{"custom_model_data":67.0},"model":"create:item/red_sand_paper"},{"predicate":{"custom_model_data":68.0},"model":"mythicmetals:item/runite_hoe"},{"predicate":{"custom_model_data":69.0},"model":"mythicmetals:item/runite_shovel"},{"predicate":{"custom_model_data":70.0},"model":"create:item/sand_paper"},{"predicate":{"custom_model_data":71.0},"model":"yttr:item/shears"},{"predicate":{"custom_model_data":72.0},"model":"yttr:item/spatula"},{"predicate":{"custom_model_data":72.0,"yttr:gui":1.0},"model":"yttr:item/spatula_gui"},{"predicate":{"custom_model_data":73.0},"model":"mythicmetals:item/star_platinum_axe"},{"predicate":{"custom_model_data":74.0},"model":"mythicmetals:item/star_platinum_pickaxe"},{"predicate":{"custom_model_data":75.0},"model":"mythicmetals:item/star_platinum_sword"},{"predicate":{"custom_model_data":76.0},"model":"mythicmetals:item/steel_axe"},{"predicate":{"custom_model_data":77.0},"model":"mythicmetals:item/steel_shovel"},{"predicate":{"custom_model_data":78.0},"model":"mythicmetals:item/stormyx_axe"},{"predicate":{"custom_model_data":79.0},"model":"mythicmetals:item/stormyx_pickaxe"},{"predicate":{"custom_model_data":80.0},"model":"mythicmetals:item/stormyx_sword"},{"predicate":{"custom_model_data":81.0},"model":"create:item/super_glue"},{"predicate":{"custom_model_data":82.0},"model":"terracotta_knights:item/tiny_gold_sword_item"},{"predicate":{"custom_model_data":83.0},"model":"terracotta_knights:item/tiny_netherite_sword_item"},{"predicate":{"custom_model_data":84.0},"model":"terracotta_knights:item/tiny_stone_sword_item"},{"predicate":{"custom_model_data":85.0},"model":"pswg:item/titanium_shovel"},{"predicate":{"custom_model_data":86.0},"model":"trailier:item/torchflower_seed_on_a_stick"},{"predicate":{"custom_model_data":87.0},"model":"mythicmetals:item/white_aegis_sword"},{"predicate":{"custom_model_data":88.0},"model":"fabricaeexnihilo:item/wooden_crook"},{"predicate":{"custom_model_data":89.0},"model":"piercingpaxels:item/wooden_paxel"}]}