{"parent": "minecraft:item/generated", "textures": {"layer0": "minecraft:item/sugar"}, "overrides": [{"predicate": {"computercraft:coloured": 0.0, "computercraft:state": 0.0, "custom_model_data": 28.0}, "model": "computercraft:item/pocket_computer_advanced"}, {"predicate": {"computercraft:coloured": 0.0, "computercraft:state": 1.0, "custom_model_data": 28.0}, "model": "computercraft:item/pocket_computer_advanced_on"}, {"predicate": {"computercraft:coloured": 0.0, "computercraft:state": 2.0, "custom_model_data": 28.0}, "model": "computercraft:item/pocket_computer_advanced_blinking"}, {"predicate": {"computercraft:coloured": 1.0, "computercraft:state": 0.0, "custom_model_data": 28.0}, "model": "computercraft:item/pocket_computer_colour"}, {"predicate": {"computercraft:coloured": 1.0, "computercraft:state": 1.0, "custom_model_data": 28.0}, "model": "computercraft:item/pocket_computer_colour_on"}, {"predicate": {"computercraft:coloured": 1.0, "computercraft:state": 2.0, "custom_model_data": 28.0}, "model": "computercraft:item/pocket_computer_colour_blinking"}, {"predicate": {"custom_model_data": 1.0}, "model": "piercingpaxels:item/active_wall"}, {"predicate": {"custom_model_data": 2.0}, "model": "fabricaeexnihilo:item/blackstone_pebble"}, {"predicate": {"custom_model_data": 3.0}, "model": "create:item/blaze_cake_base"}, {"predicate": {"custom_model_data": 4.0}, "model": "bouncecraft3:item/bouncium_bucket"}, {"predicate": {"custom_model_data": 5.0}, "model": "turtlematic:item/chunk_vial"}, {"predicate": {"custom_model_data": 6.0}, "model": "portalcubed:item/computer"}, {"predicate": {"custom_model_data": 7.0}, "model": "fabricaeexnihilo:item/copper_mesh"}, {"predicate": {"custom_model_data": 8.0}, "model": "yttr:item/crease"}, {"predicate": {"custom_model_data": 9.0}, "model": "turtlematic:item/creative_husbandry_automata_core"}, {"predicate": {"custom_model_data": 10.0}, "model": "create:item/crushed_raw_copper"}, {"predicate": {"custom_model_data": 11.0}, "model": "terrariamod:item/demonite_axe"}, {"predicate": {"custom_model_data": 12.0}, "model": "fabricaeexnihilo:item/doll"}, {"predicate": {"custom_model_data": 13.0}, "model": "create:item/dough"}, {"predicate": {"custom_model_data": 14.0}, "model": "discarnate:item/drop_task"}, {"predicate": {"custom_model_data": 15.0}, "model": "simply_starminer:item/gravity_anchor_north"}, {"predicate": {"custom_model_data": 16.0}, "model": "amarite:item/guardian_mask"}, {"predicate": {"custom_model_data": 17.0}, "model": "create:item/iron_sheet"}, {"predicate": {"custom_model_data": 18.0}, "model": "befoul:item/lens"}, {"predicate": {"custom_model_data": 19.0}, "model": "minecraft:item/barrier"}, {"predicate": {"custom_model_data": 20.0}, "model": "promenade:item/lush_creeper_spawn_egg"}, {"predicate": {"custom_model_data": 21.0}, "model": "pswg:item/magenta_door_insert"}, {"predicate": {"custom_model_data": 22.0}, "model": "portalcubed:item/morality_core"}, {"predicate": {"custom_model_data": 23.0}, "model": "portalcubed:item/music_disc_reconstructing_more_science"}, {"predicate": {"custom_model_data": 24.0}, "model": "scriptor:item/obfuscated_spellbook"}, {"predicate": {"custom_model_data": 25.0}, "model": "consistency_plus:item/orange_terracotta_brick"}, {"predicate": {"custom_model_data": 26.0}, "model": "consistency_plus:item/oxidized_copper_brick"}, {"predicate": {"custom_model_data": 27.0}, "model": "pswg:item/plasteel_nugget"}, {"predicate": {"custom_model_data": 28.0}, "model": "computercraft:item/pocket_computer_advanced"}, {"predicate": {"custom_model_data": 29.0}, "model": "portable_tables:item/portable_furnace"}, {"predicate": {"custom_model_data": 30.0}, "model": "peculiarpieces:item/position_pearl"}, {"predicate": {"custom_model_data": 31.0}, "model": "hexcasting:item/pride_colorizer_genderqueer"}, {"predicate": {"custom_model_data": 32.0}, "model": "phonos:item/purple_audio_cable"}, {"predicate": {"custom_model_data": 33.0}, "model": "mythicmetals:item/raw_carmot"}, {"predicate": {"custom_model_data": 34.0}, "model": "mythicmetals:item/raw_osmium"}, {"predicate": {"custom_model_data": 35.0}, "model": "pswg:item/rubindum_shard"}, {"predicate": {"custom_model_data": 36.0}, "model": "aurorasdeco:item/seat_rest/promenade/palm"}, {"predicate": {"custom_model_data": 37.0}, "model": "moue_milkshakes:item/shake_mix"}, {"predicate": {"custom_model_data": 38.0}, "model": "aurorasdeco:item/sign_post/promenade/palm"}, {"predicate": {"custom_model_data": 39.0}, "model": "hexcasting:item/staff/acacia"}, {"predicate": {"custom_model_data": 40.0}, "model": "terrariamod:item/tin_axe"}, {"predicate": {"custom_model_data": 41.0}, "model": "railways:item/track_incomplete_ender_narrow"}, {"predicate": {"custom_model_data": 42.0}, "model": "hexcasting:item/trinket"}, {"predicate": {"custom_model_data": 42.0, "hexcasting:has_patterns": -0.01, "hexcasting:variant": 0.0}, "model": "hexcasting:item/trinket"}, {"predicate": {"custom_model_data": 42.0, "hexcasting:has_patterns": 0.99, "hexcasting:variant": 0.0}, "model": "hexcasting:item/trinket_0_filled"}, {"predicate": {"custom_model_data": 42.0, "hexcasting:has_patterns": -0.01, "hexcasting:variant": 1.0}, "model": "hexcasting:item/trinket_1"}, {"predicate": {"custom_model_data": 42.0, "hexcasting:has_patterns": 0.99, "hexcasting:variant": 1.0}, "model": "hexcasting:item/trinket_1_filled"}, {"predicate": {"custom_model_data": 42.0, "hexcasting:has_patterns": -0.01, "hexcasting:variant": 2.0}, "model": "hexcasting:item/trinket_2"}, {"predicate": {"custom_model_data": 42.0, "hexcasting:has_patterns": 0.99, "hexcasting:variant": 2.0}, "model": "hexcasting:item/trinket_2_filled"}, {"predicate": {"custom_model_data": 42.0, "hexcasting:has_patterns": -0.01, "hexcasting:variant": 3.0}, "model": "hexcasting:item/trinket_3"}, {"predicate": {"custom_model_data": 42.0, "hexcasting:has_patterns": 0.99, "hexcasting:variant": 3.0}, "model": "hexcasting:item/trinket_3_filled"}, {"predicate": {"custom_model_data": 42.0, "hexcasting:has_patterns": -0.01, "hexcasting:variant": 4.0}, "model": "hexcasting:item/trinket_4"}, {"predicate": {"custom_model_data": 42.0, "hexcasting:has_patterns": 0.99, "hexcasting:variant": 4.0}, "model": "hexcasting:item/trinket_4_filled"}, {"predicate": {"custom_model_data": 42.0, "hexcasting:has_patterns": -0.01, "hexcasting:variant": 5.0}, "model": "hexcasting:item/trinket_5"}, {"predicate": {"custom_model_data": 42.0, "hexcasting:has_patterns": 0.99, "hexcasting:variant": 5.0}, "model": "hexcasting:item/trinket_5_filled"}, {"predicate": {"custom_model_data": 42.0, "hexcasting:has_patterns": -0.01, "hexcasting:variant": 6.0}, "model": "hexcasting:item/trinket_6"}, {"predicate": {"custom_model_data": 42.0, "hexcasting:has_patterns": 0.99, "hexcasting:variant": 6.0}, "model": "hexcasting:item/trinket_6_filled"}, {"predicate": {"custom_model_data": 42.0, "hexcasting:has_patterns": -0.01, "hexcasting:variant": 7.0}, "model": "hexcasting:item/trinket_7"}, {"predicate": {"custom_model_data": 42.0, "hexcasting:has_patterns": 0.99, "hexcasting:variant": 7.0}, "model": "hexcasting:item/trinket_7_filled"}, {"predicate": {"custom_model_data": 43.0}, "model": "piercingpaxels:item/upgrade_unbreakable"}, {"predicate": {"custom_model_data": 44.0}, "model": "minecraft:item/barrier"}, {"predicate": {"custom_model_data": 45.0}, "model": "consistency_plus:item/waxed_weathered_copper_brick"}, {"predicate": {"custom_model_data": 46.0}, "model": "phonos:item/white_audio_cable"}, {"predicate": {"custom_model_data": 47.0}, "model": "create:item/zinc_ingot"}]}