{"parent": "minecraft:item/handheld", "textures": {"layer0": "minecraft:item/wooden_pickaxe"}, "overrides": [{"predicate": {"custom_model_data": 1.0}, "model": "mythicmetals:item/adamantite_axe"}, {"predicate": {"custom_model_data": 2.0}, "model": "mythicmetals:item/adamantite_hoe"}, {"predicate": {"custom_model_data": 3.0}, "model": "mythicmetals:item/adamantite_pickaxe"}, {"predicate": {"custom_model_data": 4.0}, "model": "mythicmetals:item/adamantite_sword"}, {"predicate": {"custom_model_data": 5.0}, "model": "fabricaeexnihilo:item/andesite_crook"}, {"predicate": {"custom_model_data": 6.0}, "model": "mythicmetals:item/aquarium_hoe"}, {"predicate": {"custom_model_data": 7.0}, "model": "mythicmetals:item/aquarium_pickaxe"}, {"predicate": {"custom_model_data": 8.0}, "model": "mythicmetals:item/aquarium_sword"}, {"predicate": {"custom_model_data": 9.0}, "model": "limboniclegacy:item/arctite_axe"}, {"predicate": {"custom_model_data": 10.0}, "model": "limboniclegacy:item/arctite_hoe"}, {"predicate": {"custom_model_data": 11.0}, "model": "limboniclegacy:item/arctite_pickaxe"}, {"predicate": {"custom_model_data": 12.0}, "model": "limboniclegacy:item/arctite_sword"}, {"predicate": {"custom_model_data": 13.0}, "model": "mythicmetals:item/banglum_shovel"}, {"predicate": {"custom_model_data": 14.0}, "model": "pswg:item/beskar_pickaxe"}, {"predicate": {"custom_model_data": 15.0}, "model": "fabricaeexnihilo:item/blackstone_crook"}, {"predicate": {"custom_model_data": 16.0}, "model": "fabricaeexnihilo:item/blaze_crook"}, {"predicate": {"custom_model_data": 17.0}, "model": "mythicmetals:item/bronze_hoe"}, {"predicate": {"custom_model_data": 18.0}, "model": "mythicmetals:item/bronze_pickaxe"}, {"predicate": {"custom_model_data": 19.0}, "model": "mythicmetals:item/bronze_sword"}, {"predicate": {"custom_model_data": 20.0}, "model": "yttr:item/brookite_axe"}, {"predicate": {"custom_model_data": 21.0}, "model": "yttr:item/brookite_hoe"}, {"predicate": {"custom_model_data": 22.0}, "model": "yttr:item/brookite_pickaxe"}, {"predicate": {"custom_model_data": 23.0}, "model": "yttr:item/brookite_sword"}, {"predicate": {"custom_model_data": 24.0}, "model": "mythicmetals:item/carmot_axe"}, {"predicate": {"custom_model_data": 25.0}, "model": "mythicmetals:item/carmot_shovel"}, {"predicate": {"custom_model_data": 26.0}, "model": "mythicmetals:item/carmot_staff"}, {"predicate": {"custom_model_data": 27.0}, "model": "mythicmetals:item/celestium_shovel"}, {"predicate": {"custom_model_data": 28.0}, "model": "fabricaeexnihilo:item/clay_crook"}, {"predicate": {"custom_model_data": 29.0}, "model": "yttr:item/cleaver"}, {"predicate": {"custom_model_data": 30.0}, "model": "limboniclegacy:item/coldsteel_axe"}, {"predicate": {"custom_model_data": 31.0}, "model": "limboniclegacy:item/coldsteel_hoe"}, {"predicate": {"custom_model_data": 32.0}, "model": "limboniclegacy:item/coldsteel_shovel"}, {"predicate": {"custom_model_data": 33.0}, "model": "mythicmetals:item/copper_axe"}, {"predicate": {"custom_model_data": 34.0}, "model": "mythicmetals:item/copper_hoe"}, {"predicate": {"custom_model_data": 35.0}, "model": "mythicmetals:item/copper_pickaxe"}, {"predicate": {"custom_model_data": 36.0}, "model": "mythicmetals:item/copper_shovel"}, {"predicate": {"custom_model_data": 37.0}, "model": "mythicmetals:item/copper_sword"}, {"predicate": {"custom_model_data": 38.0}, "model": "befoul:item/cursed_cleaver"}, {"predicate": {"custom_model_data": 39.0}, "model": "fabricaeexnihilo:item/diamond_hammer"}, {"predicate": {"custom_model_data": 40.0}, "model": "fabricaeexnihilo:item/diorite_crook"}, {"predicate": {"custom_model_data": 41.0}, "model": "mythicmetals:item/durasteel_axe"}, {"predicate": {"custom_model_data": 42.0}, "model": "mythicmetals:item/durasteel_hoe"}, {"predicate": {"custom_model_data": 43.0}, "model": "pswg:item/durasteel_pickaxe"}, {"predicate": {"custom_model_data": 44.0}, "model": "mythicmetals:item/durasteel_shovel"}, {"predicate": {"custom_model_data": 45.0}, "model": "mythicmetals:item/durasteel_sword"}, {"predicate": {"custom_model_data": 46.0}, "model": "mythicmetals:item/gilded_midas_gold_sword"}, {"predicate": {"custom_model_data": 46.0, "midas_gold_count": 0.4}, "model": "mythicmetals:item/midas/gilded_sword_0"}, {"predicate": {"custom_model_data": 46.0, "midas_gold_count": 0.5}, "model": "mythicmetals:item/midas/gilded_sword_1"}, {"predicate": {"custom_model_data": 47.0}, "model": "mythicmetals:item/hallowed_hoe"}, {"predicate": {"custom_model_data": 48.0}, "model": "mythicmetals:item/hallowed_pickaxe"}, {"predicate": {"custom_model_data": 49.0}, "model": "mythicmetals:item/hallowed_sword"}, {"predicate": {"custom_model_data": 50.0}, "model": "fabricaeexnihilo:item/iron_hammer"}, {"predicate": {"custom_model_data": 51.0}, "model": "piercingpaxels:item/iron_paxel"}, {"predicate": {"custom_model_data": 52.0}, "model": "geocluster:item/iron_prospectors_pick"}, {"predicate": {"custom_model_data": 53.0}, "model": "hexcasting:item/jeweler_hammer"}, {"predicate": {"custom_model_data": 54.0}, "model": "mythicmetals:item/kyber_axe"}, {"predicate": {"custom_model_data": 55.0}, "model": "mythicmetals:item/kyber_pickaxe"}, {"predicate": {"custom_model_data": 56.0}, "model": "mythicmetals:item/kyber_sword"}, {"predicate": {"custom_model_data": 57.0}, "model": "mythicmetals:item/legendary_banglum_axe"}, {"predicate": {"custom_model_data": 58.0}, "model": "mythicmetals:item/legendary_banglum_hoe"}, {"predicate": {"custom_model_data": 59.0}, "model": "mythicmetals:item/legendary_banglum_pickaxe"}, {"predicate": {"custom_model_data": 59.0, "is_primed": 1.0}, "model": "mythicmetals:item/legendary_banglum_pickaxe_primed"}, {"predicate": {"custom_model_data": 60.0}, "model": "mythicmetals:item/metallurgium_hoe"}, {"predicate": {"custom_model_data": 61.0}, "model": "mythicmetals:item/metallurgium_pickaxe"}, {"predicate": {"custom_model_data": 62.0}, "model": "mythicmetals:item/metallurgium_sword"}, {"predicate": {"custom_model_data": 63.0}, "model": "mythicmetals:item/midas_gold_sword"}, {"predicate": {"custom_model_data": 63.0, "midas_gold_count": 0.0}, "model": "mythicmetals:item/midas/midas_sword_0"}, {"predicate": {"custom_model_data": 63.0, "midas_gold_count": 0.1}, "model": "mythicmetals:item/midas/midas_sword_1"}, {"predicate": {"custom_model_data": 63.0, "midas_gold_count": 0.2}, "model": "mythicmetals:item/midas/midas_sword_2"}, {"predicate": {"custom_model_data": 63.0, "midas_gold_count": 0.3}, "model": "mythicmetals:item/midas/midas_sword_3"}, {"predicate": {"custom_model_data": 64.0}, "model": "mythicmetals:item/mythril_axe"}, {"predicate": {"custom_model_data": 65.0}, "model": "mythicmetals:item/mythril_drill"}, {"predicate": {"custom_model_data": 65.0, "is_active": 1.0}, "model": "mythicmetals:item/mythril_drill_activated"}, {"predicate": {"custom_model_data": 66.0}, "model": "mythicmetals:item/mythril_pickaxe"}, {"predicate": {"custom_model_data": 67.0}, "model": "mythicmetals:item/mythril_sword"}, {"predicate": {"custom_model_data": 68.0}, "model": "mythicmetals:item/orichalcum_pickaxe"}, {"predicate": {"custom_model_data": 69.0}, "model": "mythicmetals:item/orichalcum_sword"}, {"predicate": {"custom_model_data": 70.0}, "model": "mythicmetals:item/osmium_axe"}, {"predicate": {"custom_model_data": 71.0}, "model": "mythicmetals:item/osmium_pickaxe"}, {"predicate": {"custom_model_data": 72.0}, "model": "mythicmetals:item/osmium_sword"}, {"predicate": {"custom_model_data": 73.0}, "model": "mythicmetals:item/palladium_axe"}, {"predicate": {"custom_model_data": 74.0}, "model": "mythicmetals:item/palladium_pickaxe"}, {"predicate": {"custom_model_data": 75.0}, "model": "mythicmetals:item/palladium_sword"}, {"predicate": {"custom_model_data": 76.0}, "model": "create:item/potato_cannon"}, {"predicate": {"custom_model_data": 77.0}, "model": "fabricaeexnihilo:item/prismarine_crook"}, {"predicate": {"custom_model_data": 78.0}, "model": "mythicmetals:item/prometheum_axe"}, {"predicate": {"custom_model_data": 79.0}, "model": "mythicmetals:item/prometheum_hoe"}, {"predicate": {"custom_model_data": 80.0}, "model": "mythicmetals:item/prometheum_shovel"}, {"predicate": {"custom_model_data": 81.0}, "model": "fabricaeexnihilo:item/purpur_crook"}, {"predicate": {"custom_model_data": 82.0}, "model": "mythicmetals:item/quadrillum_pickaxe"}, {"predicate": {"custom_model_data": 83.0}, "model": "mythicmetals:item/quadrillum_sword"}, {"predicate": {"custom_model_data": 84.0}, "model": "yttr:item/reinforced_cleaver"}, {"predicate": {"custom_model_data": 85.0}, "model": "mythicmetals:item/royal_midas_gold_sword"}, {"predicate": {"custom_model_data": 85.0, "midas_gold_count": 0.6, "mythicmetals:in_world": 0.0}, "model": "mythicmetals:item/midas/royal_small_0"}, {"predicate": {"custom_model_data": 85.0, "midas_gold_count": 0.7, "mythicmetals:in_world": 0.0}, "model": "mythicmetals:item/midas/royal_small_1"}, {"predicate": {"custom_model_data": 85.0, "midas_gold_count": 0.8, "mythicmetals:in_world": 0.0}, "model": "mythicmetals:item/midas/royal_small_2"}, {"predicate": {"custom_model_data": 85.0, "midas_gold_count": 0.9, "mythicmetals:in_world": 0.0}, "model": "mythicmetals:item/midas/royal_small_3"}, {"predicate": {"custom_model_data": 85.0, "midas_gold_count": 1.0, "mythicmetals:in_world": 0.0}, "model": "mythicmetals:item/midas/royal_small_4"}, {"predicate": {"custom_model_data": 85.0, "midas_gold_count": 0.6, "mythicmetals:in_world": 1.0}, "model": "mythicmetals:item/midas/royal_sword_0"}, {"predicate": {"custom_model_data": 85.0, "midas_gold_count": 0.7, "mythicmetals:in_world": 1.0}, "model": "mythicmetals:item/midas/royal_sword_1"}, {"predicate": {"custom_model_data": 85.0, "midas_gold_count": 0.8, "mythicmetals:in_world": 1.0}, "model": "mythicmetals:item/midas/royal_sword_2"}, {"predicate": {"custom_model_data": 85.0, "midas_gold_count": 0.9, "mythicmetals:in_world": 1.0}, "model": "mythicmetals:item/midas/royal_sword_3"}, {"predicate": {"custom_model_data": 85.0, "midas_gold_count": 1.0, "mythicmetals:in_world": 1.0}, "model": "mythicmetals:item/midas/royal_sword_4"}, {"predicate": {"custom_model_data": 86.0}, "model": "mythicmetals:item/runite_axe"}, {"predicate": {"custom_model_data": 87.0}, "model": "mythicmetals:item/runite_pickaxe"}, {"predicate": {"custom_model_data": 88.0}, "model": "mythicmetals:item/runite_sword"}, {"predicate": {"custom_model_data": 89.0}, "model": "chewstuff:item/soft_chew"}, {"predicate": {"custom_model_data": 90.0}, "model": "yttr:item/spectral_axe"}, {"predicate": {"custom_model_data": 91.0}, "model": "mythicmetals:item/star_platinum_hoe"}, {"predicate": {"custom_model_data": 92.0}, "model": "mythicmetals:item/star_platinum_shovel"}, {"predicate": {"custom_model_data": 93.0}, "model": "mythicmetals:item/steel_hoe"}, {"predicate": {"custom_model_data": 94.0}, "model": "mythicmetals:item/steel_pickaxe"}, {"predicate": {"custom_model_data": 95.0}, "model": "mythicmetals:item/steel_sword"}, {"predicate": {"custom_model_data": 96.0}, "model": "fabricaeexnihilo:item/stone_crook"}, {"predicate": {"custom_model_data": 97.0}, "model": "fabricaeexnihilo:item/stone_hammer"}, {"predicate": {"custom_model_data": 98.0}, "model": "piercingpaxels:item/stone_paxel"}, {"predicate": {"custom_model_data": 99.0}, "model": "geocluster:item/stone_prospectors_pick"}, {"predicate": {"custom_model_data": 100.0}, "model": "mythicmetals:item/stormyx_hoe"}, {"predicate": {"custom_model_data": 101.0}, "model": "mythicmetals:item/stormyx_shovel"}, {"predicate": {"custom_model_data": 102.0}, "model": "fabricaeexnihilo:item/terracotta_crook"}, {"predicate": {"custom_model_data": 103.0}, "model": "terracotta_knights:item/tiny_diamond_sword_item"}, {"predicate": {"custom_model_data": 104.0}, "model": "terracotta_knights:item/tiny_iron_sword_item"}, {"predicate": {"custom_model_data": 105.0}, "model": "terracotta_knights:item/tiny_wooden_sword_item"}, {"predicate": {"custom_model_data": 106.0}, "model": "pswg:item/titanium_axe"}, {"predicate": {"custom_model_data": 107.0}, "model": "pswg:item/titanium_hoe"}, {"predicate": {"custom_model_data": 108.0}, "model": "pswg:item/titanium_pickaxe"}, {"predicate": {"custom_model_data": 109.0}, "model": "peculiarpieces:item/torch_quiver"}, {"predicate": {"custom_model_data": 109.0, "setting": 1.0}, "model": "peculiarpieces:item/torch_quiver_soul"}, {"predicate": {"custom_model_data": 110.0}, "model": "fabricaeexnihilo:item/wooden_hammer"}]}